Soil_Moisture_%,Shear_Strength_kPa,Bearing_Capacity_kPa,Excavation_Depth_m,Deformation_mm,Rainfall_mm_day,Temperature_C,Groundwater_Level_m,Seismic_Activity,Ground_Settlement_mm,Wall_Displacement_mm,Pore_Water_Pressure_kPa,Strain_Gauge,Soil_Type_Clay,Soil_Type_Rock,Soil_Type_Sand,Soil_Type_Silt,Retaining_Wall_Type_Diaphragm Wall,Retaining_Wall_Type_Secant Pile,Retaining_Wall_Type_Sheet Pile,Support_System_Anchors,Support_System_Bracing,Support_System_None (Open Cut),Risk_Level
0.3307580433588467,-0.832894667931475,-0.451344137806969,1.175750527394685,1.4395635503560815,1.2018407411358005,-0.752925212255074,0.33496439317118776,-1.0330457214142557,-0.3027258442432119,-1.246425474285896,-0.9379093828041496,0.09907688922873499,True,False,False,False,False,True,False,False,True,False,2
0.48514602022169956,-1.1399724284431527,-1.178584322189932,-0.1580902060257245,1.5876085443683006,-0.2683268135001852,-1.4079898600528962,-1.7625601269492364,0.9680113660709854,-1.6597454606079476,-0.762899695964997,1.5338974651831094,-1.6594547140211233,False,False,True,False,True,False,False,False,False,True,2
-0.2429350772230705,-1.7054553238246806,-1.1569528517192214,0.32551826733206246,-0.11153165580744506,-0.32495948773548977,-0.05338056251459067,-1.6618208136421524,0.9680113660709854,1.4549570383488588,0.19382058176525538,0.47871761612942926,0.07905193933875204,True,False,False,False,True,False,False,True,False,False,2
0.6096645982040861,0.18327980037321018,-1.2058909270845095,0.8416147633796468,-0.31132107533182,-0.39988474496717324,-0.6439297159639835,1.0504692591007714,0.9680113660709854,0.5344176318908153,-0.4245860255692578,-0.12447259045824778,1.6106587482512662,False,False,False,True,True,False,False,False,False,True,2
0.04017229073123726,1.3382085178703795,0.22036360733329102,0.783373076020784,-0.8422435447687175,0.4580183328013195,-0.2324292474370589,0.9691250736751791,0.9680113660709854,1.307017712875079,0.4399293527882265,0.5958487032951848,0.36609664709113554,False,True,False,False,True,False,False,False,False,True,2
1.3732970869716028,0.8800010627659421,-0.48510155377413894,-1.1655121065060356,1.104190720139589,1.5973142886377036,-1.5968932654597254,1.269660060365531,-1.0330457214142557,0.048805932361060594,1.2544862694451735,-0.6958257225931764,-0.7441885511247822,False,False,False,True,False,True,False,False,False,True,2
-0.3225263971473613,0.8159736638824328,-0.6184147989038163,1.2194235678095469,0.2553043467726302,-1.0145527159986656,-0.9845331786466701,0.8106380330643087,-1.0330457214142557,-1.3340920353432293,-1.5488832974349411,0.8909177602568995,0.36086317433672194,True,False,False,False,False,True,False,False,True,False,2
-0.6212450057453077,-1.6593819670017018,0.253056490522632,1.7660044313557821,-1.2876663023731767,-0.9145069975812617,-0.8293628380897705,0.31445703710025014,-1.0330457214142557,-0.11324683923694437,0.3463435476047985,-0.2513434254286667,-1.0238509950829493,True,False,False,False,True,False,False,True,False,False,2
-0.03210813176096576,0.1639448575367988,0.9425086379849162,-0.7793806083640542,0.03369135944923228,-1.068074496622426,-0.9445659927645775,-1.5956797282402684,0.9680113660709854,-0.23759304899639969,-0.40306403485742465,0.07729191362329721,0.77720235327401,False,False,False,True,False,True,False,False,True,False,2
-0.7919450720932433,1.2296637134429884,-1.1752290757193629,0.14721418079983606,-0.3759231508828882,1.6162729341729825,0.10060055168606435,-1.1161280601336756,-1.0330457214142557,-1.6413636453921767,-1.1042934354479705,-1.6569304894951298,-0.7325217435309626,False,False,True,False,False,False,True,True,False,False,1
-1.1038920406139505,-1.0808551061866862,0.446790622784794,-1.2116675461204138,0.08704091250302982,-0.7182051005897511,-1.7263402489259059,-1.4828838675621372,0.9680113660709854,1.5035907534397142,-0.28636080884291554,-1.1924321372588427,1.4084068935018614,False,False,False,True,True,False,False,True,False,False,2
-0.9527424005895289,-0.9242268054647681,0.7148667839474604,1.157760120850362,-0.8099499770685713,-0.220275332833587,0.2067456063532087,-1.380204973445899,0.9680113660709854,-0.05834632766001995,-0.1701143261177511,0.8746652061507465,0.22502466345258754,False,False,False,True,False,False,True,True,False,False,2
-1.1555206954596806,1.6744011772955056,0.39054660560221127,0.3037808688722816,-0.7961857511800626,-0.2861844101256796,-1.693558782957629,-0.3457267317770526,-1.0330457214142557,-1.7033596248254774,1.6285671090162863,1.515560540968987,-1.2078795216704474,False,True,False,False,False,True,False,False,False,True,2
-1.4140815038808379,-1.0661317535683654,-1.0265102385304468,1.0903833184542306,1.0909312204114388,1.4162007678053299,-1.1822621764940369,-1.6256310764484707,-1.0330457214142557,-0.5198128168740952,1.0094705676383262,0.9539719377760469,-0.666168560927019,False,False,False,True,False,False,True,False,True,False,2
0.9674920249772312,0.4549805324588863,-1.5018243852990247,0.2569151961509452,-0.240571577248567,-1.464884632841493,0.505550211319339,0.4197908035729922,0.9680113660709854,1.2566171146805354,-0.4362696921221958,-1.5070860976885512,-0.4334416932862693,False,False,True,False,False,False,True,False,False,True,2
-1.0922721676552658,-1.472216583131182,-0.012615654790887922,0.21953457188000136,1.504764029975362,1.6735796745281166,-0.2599980852823848,0.99694685335891,0.9680113660709854,0.9667015217756567,-0.2836689492383098,1.3137458628117302,-0.9652310512766321,False,True,False,False,False,False,True,False,False,True,2
0.492671648444203,-0.9579551628367545,-1.486326339811549,1.3359906884936485,-0.23473389712576082,0.35362263240579345,-0.9076178637562106,-1.4259201246784445,-1.0330457214142557,1.2648741199439988,0.9329489152578818,-0.10015312636943541,-1.2886486165658972,False,True,False,False,False,True,False,False,True,False,2
-0.6927666471348842,0.24170603907034635,1.2316320704103139,-1.6636017201623028,1.2176095390694985,0.9083715932599209,-0.31294254201060584,-1.697857884570425,0.9680113660709854,0.9981865640715818,1.215805160144787,0.9133813942219177,0.9803826507450113,False,True,False,False,False,True,False,False,True,False,2
-1.2825324733616463,0.11445594430806276,-0.3878857116893723,1.4123246710111872,-0.8790958424719902,-1.2790393020673103,1.7141385649973315,0.021798134502703483,-1.0330457214142557,-1.6288327355403653,1.047276500383759,-0.36664669345144174,-0.3242161663668512,False,False,True,False,False,True,False,False,False,True,2
-0.40441686827921175,1.320816571315161,1.5599587383618838,-0.6738848159552769,0.799055885174933,-1.2679245794274674,0.6011411583805343,-0.932953956806881,0.9680113660709854,-0.6995093398820348,-0.8854952164142951,-1.6153943102575616,-1.3758706608227547,False,False,False,True,False,False,True,False,False,True,2
-0.24568784701444815,0.5361681343726754,1.449449714939502,-0.6479287408045651,1.5726570616341957,0.4182497765559826,-0.8337948236042877,0.1641870981175613,-1.0330457214142557,0.5948854564808085,1.0691181174269928,1.4393023211938183,0.612453486495749,False,True,False,False,False,False,True,False,True,False,2
-0.2816384983660981,-1.1710401752204065,-1.4494761524517081,1.587509709957678,-1.631750924666177,-1.473843420852427,-0.9959986115352205,-1.4089040647922608,0.9680113660709854,0.5326225836654653,-1.261588231165091,0.6112146739746297,-0.7494494588962718,False,False,True,False,False,False,True,True,False,False,2
-1.2727001952597075,-1.4384392875406589,-1.5634549742083468,0.9427675700181057,0.9614747228591474,0.7139735640021351,-1.1978848711767267,0.39678997611111627,0.9680113660709854,-1.7214050047491989,1.3759669957427356,-0.2336236696040732,1.6560146373404498,False,True,False,False,True,False,False,False,True,False,2
1.33245428465756,1.1109815405646106,-0.45606168881928577,0.5573895484647188,-0.5017253591532084,-0.8394392007339316,-0.5562078587473545,-0.5601764335070273,0.9680113660709854,1.2047876470067447,1.4056224268646569,1.7151412791274472,-0.5065096328845435,True,False,False,False,False,False,True,False,True,False,2
-1.539333696031633,-1.035561632974804,-0.6481111306336426,0.364170334480539,0.22551700220436166,-1.4055194502088388,1.7494044400837951,1.4818587995809935,0.9680113660709854,-1.597543919324796,-0.8711231036949851,-0.5235712898375597,0.5723892170776521,True,False,False,False,False,True,False,False,True,False,2
1.512061733722202,-1.2641688251519514,-1.1513898112201928,-1.4955372578343011,-0.5676505945739979,0.7711308265175871,-1.12701843203557,-1.1372110772008608,-1.0330457214142557,-0.8630827724354606,-1.2945075558427872,1.253124397602965,-0.6629079402334134,False,False,False,True,True,False,False,True,False,False,0
-0.27000869406816325,-0.14834643863247718,-0.4446843513741181,0.46312657170534666,-1.2581405285389333,1.696132226159445,-0.9217270487593167,-1.3729468388469313,-1.0330457214142557,-1.5429963866224135,1.1491327182306157,-1.673670819270642,-0.7386181214980581,False,False,False,True,True,False,False,False,True,False,2
1.1728365556683926,0.45842876192404736,1.4756581911708915,-0.8670301271361519,0.34758219430458553,-0.5400403307758175,-1.723935187073695,-1.3811461184706695,-1.0330457214142557,0.6413406174221626,-1.217779600431516,-1.0532280595224095,-1.3091939050537487,False,False,True,False,True,False,False,True,False,False,1
0.7956186175163026,-0.22560144912906882,-1.156947309426464,0.2680356906397967,0.9827196099697368,1.4831049768371902,-0.15139084721770754,-1.5286049650922535,0.9680113660709854,0.4067209598584327,1.357859388491125,0.4931946017440213,-0.26557800409183685,False,False,True,False,False,True,False,True,False,False,2
0.05285246570668705,0.03410022634588626,0.23926287889986578,0.36627676620469096,0.0030746345835312096,-1.6375465692384097,-1.0256218115132851,-1.2649808939926748,-1.0330457214142557,0.4871929250343199,-0.5054625589684238,0.374043111787144,-0.4137816653542763,True,False,False,False,False,False,True,False,False,True,1
-0.7921160236869818,-0.26080003746270025,1.1692353858630615,-1.6990494839991361,-1.5920930400353528,0.5121920452167138,-0.24819116102504357,-0.4235502606209896,-1.0330457214142557,-0.667991113781875,1.2211412631333922,0.8908220930894598,-0.9791366524269929,False,False,False,True,False,False,True,False,True,False,2
-0.39145800201553216,0.5048311757850913,-1.6639718658102447,-1.4068828723387854,1.7459704524246251,1.5121160837895236,-1.0187423628714467,-0.5554105312743968,0.9680113660709854,0.7096881901775326,1.1343603227272572,0.4057656246867056,-1.074388345557386,False,True,False,False,True,False,False,True,False,False,2
0.026442919667787737,-1.5706555726921083,0.590632797680102,1.1299512462534869,1.3944885706299173,-0.8199237344420784,-0.7881431782952419,-1.3098765067283524,-1.0330457214142557,0.9184962470988652,-1.1044614064435885,-1.366281050201247,-0.10591946950546953,False,True,False,False,True,False,False,True,False,False,2
-0.7578008589252875,-0.05858999053904968,-1.652527379494611,0.629208285927411,-0.5361174425640318,-1.400683706927957,-0.29249970071063924,1.1546702154656028,0.9680113660709854,0.6765288091037696,-0.5597158486008562,-0.2778262077830434,0.057984090525224484,True,False,False,False,False,False,True,False,True,False,2
-1.3995938737591473,-1.3367713025888104,-1.054975027421247,0.29358413006680323,0.34194608072829774,-0.23597300111377298,0.124813832386596,0.7913164155917598,0.9680113660709854,-1.040748326730574,1.6536328813282308,-0.08756711486267432,1.2800447918645628,False,False,True,False,False,True,False,False,True,False,2
-0.7333306742294644,0.5548249919194735,-0.7951148467628801,1.236860651366513,-0.5584383709294494,-1.409768930514696,1.0126799967757472,-0.9690683096936324,0.9680113660709854,-1.5011079838266104,0.43222983443336455,-1.5110274375488135,1.4684768464445008,False,False,True,False,False,True,False,False,False,True,2
-0.4948493994165822,-1.6026199211779548,0.7901594558983218,-0.07951172059856142,-0.08925114619741394,1.5617381910722417,-1.3051725281408102,-0.3340718135025906,-1.0330457214142557,0.217044892168482,1.651538598517089,-0.3044525501034972,0.041071171550280186,False,False,False,True,False,True,False,False,False,True,2
-0.020494866518971127,1.5842726338349828,1.4162970938539814,1.3375673135101462,-0.9700376906286544,0.9359833022197628,0.35555463328131326,1.41406036296779,-1.0330457214142557,-0.03292401659138058,1.462062939301128,-0.5503372602864957,0.9394413125866722,False,False,False,True,True,False,False,False,False,True,2
0.5518119976080236,1.3152027337517254,-1.1899454733788646,0.10456708236488084,-0.7096517611268455,-1.6460850973625099,-1.2833891051968307,-0.11963018652140776,-1.0330457214142557,-0.7382029808529192,-0.37188182079216175,-0.6000191028098707,-1.0027657447298628,True,False,False,False,False,True,False,False,True,False,1
-0.4519907854603616,-1.2937044490757792,1.5296466341687278,-0.8449084395358084,1.1169711640740136,-1.020426763795143,1.373212510588642,1.6272535264375463,-1.0330457214142557,-0.7506036326113271,0.1631844249786998,0.5075796761370316,1.2125740921776995,False,True,False,False,True,False,False,True,False,False,1
1.4895673363545168,1.5118709323141917,0.6400318194211154,0.6359897140052968,-1.1219008206292267,-1.5622712957138305,1.6259667296157156,0.48079943093710265,-1.0330457214142557,0.22788143443677503,0.3007632981465919,1.4454425342908959,1.5627696983369372,False,False,True,False,False,False,True,True,False,False,2
1.1280988467294786,0.7903388774098399,1.252735654473428,1.325798339462841,0.9898005205635823,1.359426275823824,-0.9673638547350258,0.024606627403371557,-1.0330457214142557,1.518896558578173,1.675293996737777,-1.4982094560317385,-0.09143649152681067,True,False,False,False,False,False,True,False,True,False,2
-0.7671430844005481,-0.10878331949666314,-0.8004390136781157,1.4917558485020816,-1.5623201937616065,-0.9506244747609097,1.6825715491120092,0.5898137273442572,0.9680113660709854,0.16502422468485206,0.03677285778674772,-0.51382300197296,0.4934877528485917,False,True,False,False,False,False,True,True,False,False,2
-0.30803839700889,1.678397580711577,-0.22036232945604842,-1.3346309010939397,-1.0198830404907528,-1.0018034401225275,-1.5907013767618963,0.23197124989477402,0.9680113660709854,-1.1311773671049612,0.11526200952649654,0.8561019028402531,-0.16036261878276467,False,False,False,True,False,False,True,True,False,False,2
-0.6929835529590136,-1.6587908554945237,0.6127099034762373,1.6416623602615545,1.0791077689947635,-0.8624968170502503,1.2632497979687092,-0.7571315379174298,0.9680113660709854,-1.3652553555621827,-1.5568707805012498,-0.5854762347152064,-0.019035506011867105,False,False,True,False,True,False,False,True,False,False,2
1.7420192329125714,1.2096101628199436,0.5408361329573264,1.0086546197910349,0.040098802364745945,-1.0765946765787957,0.47372036835539283,1.0484878953603223,0.9680113660709854,0.052703788929343985,0.43688449140867114,0.31045270273280373,0.39698067107293217,True,False,False,False,False,False,True,False,True,False,2
0.42198549187429185,1.0808722305344811,-1.5141072263110693,-0.5366395632570199,-1.1020639822700806,-0.9852748457380553,-0.12168041967917877,1.3603816695705653,0.9680113660709854,-1.0906667188960375,1.512238408276065,-0.9946454367596551,0.5358449516191408,False,False,False,True,False,False,True,False,True,False,2
-1.4351310047906882,0.4485633317820365,-1.4913264013398193,-0.1652912369859775,0.2659364712010929,0.723970010517547,-1.5149213080972648,-0.9916021107101007,-1.0330457214142557,1.0860433086119958,0.8972634108401071,1.5325794508034671,0.2108870124695726,False,False,False,True,False,True,False,False,True,False,2
-0.9606449542998061,-0.27978699249062633,-0.7897457945147391,0.39936433956977496,1.2697876816936928,0.2790071163680788,-0.5721781760351246,0.2922235164845171,-1.0330457214142557,0.15605161196824047,0.6149272615211687,0.8178672534590073,1.269815006128562,True,False,False,False,True,False,False,False,False,True,1
1.3806588064938123,-1.0439170269433247,-1.5411579078967474,-0.01923765305377468,-1.1801808859360594,1.4448594265774755,0.8846451197628549,-1.3265557630760394,0.9680113660709854,-0.9409785123240048,-0.6415150291771281,-1.4791533239478367,-1.4056886978334935,False,True,False,False,True,False,False,False,False,True,2
-0.8840995142615843,-1.513114538634996,-0.26837528274002453,-0.5540126749677353,-1.4798264230249814,0.7204728612305117,1.1678362946658327,0.0779745555225626,0.9680113660709854,1.5441761561364282,1.3947402386692624,-0.5416489266634201,-0.6452077801546741,True,False,False,False,False,True,False,True,False,False,2
-0.18663742157915855,0.7644542896825253,0.5625893647717221,-0.328358215378445,-0.35296076368880136,-0.2597444657222689,0.140833939966872,0.8533767418072216,-1.0330457214142557,0.4353746188384733,-1.346760344412201,-0.637457945998239,-0.9754064852021697,True,False,False,False,True,False,False,False,True,False,1
-0.09567654260428393,-1.501492500670556,0.27130588353359814,-1.534686776005901,-0.2569135269531719,0.8906879380996103,-0.13142096695622443,0.23040481182687916,0.9680113660709854,-0.7037329559400385,-0.6990866540560092,-1.4659422029621518,1.1217575740099026,False,True,False,False,False,True,False,True,False,False,2
0.4866934593159285,-0.9668786631868109,-0.4447370079342937,0.6759323171028744,-1.4867253595934224,1.3680352869172459,1.633305952170606,-0.007915181477951201,-1.0330457214142557,0.2074582331836041,-1.1050664138874526,-0.13102814349817707,0.20068908770159294,False,True,False,False,False,False,True,False,False,True,2
-1.4903032675055716,1.0462082118515703,-1.6994236522223634,1.6634697568656938,-1.3805573943419305,-1.3134145878399126,-1.4945721377486998,-0.9171707027975744,0.9680113660709854,-1.2933084376826132,-0.3979962631632936,-0.5180063088970157,-0.6494644972272153,False,True,False,False,True,False,False,True,False,False,2
-1.5579059034624503,-1.4121554061170631,-0.02257879258884736,1.0541472294460257,-1.636549551954017,0.6106945109712921,1.4841533392299648,1.3068821750586104,-1.0330457214142557,1.2048855312305167,-0.9388905693913931,1.426386111929417,1.3935117607029004,False,True,False,False,False,True,False,True,False,False,2
1.0684539891376543,0.39899912914918817,-1.492475169123553,0.48888017050239735,-0.2970993033211353,0.23711865289408146,-1.0918496269086364,-1.5268932073472063,0.9680113660709854,-1.0728392452471334,-0.15744230605877607,-1.5302553295581725,-0.43719379658639196,True,False,False,False,True,False,False,False,False,True,2
1.23616605394599,-0.02857956295417539,0.9925270662484293,0.832719242984402,1.5816750679768665,1.4502984434281154,-0.7690414830631576,0.8491759483428007,0.9680113660709854,-0.08690824091052726,-0.6471122263634415,1.1224955985238245,1.4631546155250503,False,True,False,False,False,False,True,False,True,False,2
-1.063931548464669,-0.5397397324364408,0.8034289965977282,1.3793595450284997,-1.5744989026162868,-0.985362797105724,0.9238118265537408,0.7061945765156259,0.9680113660709854,-0.9880080001302476,-0.15675563194782555,-0.47968780369260633,-0.3444816102939394,False,True,False,False,False,False,True,False,True,False,2
0.6975380945340218,0.7804642194670147,-0.9361747295611951,0.5155988147654669,-0.43910798369050014,0.4972921414827658,0.6940831049114584,1.7551589856937158,-1.0330457214142557,1.1280805101610454,-0.17770237502464198,-1.045513943500647,-1.4742805653934141,False,True,False,False,False,False,True,False,True,False,2
-1.0469378663963276,-0.9150399596266362,0.19548297626826208,-0.5502991655266333,-1.6751898466594282,-0.11506042198946627,-0.25898630829752867,0.4980501020696487,0.9680113660709854,1.0267418521964042,0.8727085864511827,0.2910235723191944,0.2977812099036718,False,True,False,False,False,True,False,False,False,True,2
1.058344479187642,1.5427616777715998,-0.7360964362212349,0.2318083050598721,-1.135638157979627,0.28337490313384267,1.0863038140175758,1.0993912812817028,-1.0330457214142557,0.8553107818074889,-1.6289121919756193,-1.0703347077344645,-0.8228675803272681,False,True,False,False,False,True,False,True,False,False,1
-0.7490203543130911,1.0530405498312292,-1.1515133509976891,0.19795472211463241,-1.4062703670093968,1.096750612279866,1.1146537601620368,-0.6820202275388719,-1.0330457214142557,-1.738518208828785,-1.3113590806058535,-0.41367677032095057,-0.9722438306293069,False,True,False,False,False,False,True,False,True,False,1
-0.709649308999581,0.1788154886391405,1.112832536252489,-0.5187859848901086,1.036218136494498,-1.0422439066384805,1.7748519125442939,-1.3661039972082925,0.9680113660709854,0.21785356469703612,-1.500643009474885,0.7202618375272227,-1.1664613555112704,False,False,False,True,True,False,False,False,True,False,2
0.006127209347907432,-0.2523030774033329,0.5588610419771632,-0.3191813531168181,-0.4864113138179616,-0.6490436999366527,-1.424216756586261,-0.7164107637196448,-1.0330457214142557,0.5521948483827439,0.38692470168913407,1.5008805543038484,1.5850629238060934,True,False,False,False,False,True,False,False,False,True,1
-0.34993739826724307,0.30038261785917253,-1.6203083703378165,1.0110754929879835,-0.9447247144113727,1.703202927665656,-0.017580309058042847,-1.3145969358540557,-1.0330457214142557,0.13486570306503357,-0.5290458029483797,0.14557747200479926,-1.4075803965658287,False,False,True,False,False,False,True,True,False,False,2
-0.4801531624779697,-0.5954129818953423,1.0483721291576844,0.30413015196045984,0.3610908982375621,-1.1198127046755326,0.8158977277271083,0.9810314591105567,-1.0330457214142557,1.2822133456962395,-0.8094908463424592,-0.6532100184271581,0.7926586204508064,False,True,False,False,False,False,True,False,True,False,2
-1.4031628908216491,-0.6198217621260808,0.8317999626142863,1.072018006026013,0.6278834679641987,0.5275236111067471,1.3492645195802064,-1.1953082718327832,0.9680113660709854,1.1545408470479053,0.5896916757250833,0.33992468688565347,0.9254245127251036,False,False,True,False,False,False,True,False,False,True,2
-0.6183807502017167,1.3576930346419007,-0.280328686081192,-0.2599342765709576,1.4820866680404865,0.28918721412908666,0.6853868692836917,0.7858311120385764,-1.0330457214142557,-0.3580166575364632,-1.0562695733424365,1.0991372535538,0.3121875877519599,True,False,False,False,False,False,True,False,False,True,1
1.1398907691927185,0.10851290269449088,-0.21159473227706738,-0.08536818609122433,-0.1602145901532379,0.07833921005044157,-0.3734453814814396,1.7692130057998392,0.9680113660709854,-0.9026067261216619,0.26808419952445284,1.6170851995717308,-0.5460188176018936,True,False,False,False,True,False,False,False,True,False,2
0.10235222984236583,-1.597534010896898,-0.3223929698826376,-0.6509424684949812,-1.67876586483124,1.603543508924631,-1.7018630147312162,1.2976940807071693,0.9680113660709854,1.5727311988747155,0.8776733896446918,0.47418630828650565,-0.48809519396956347,False,False,True,False,False,True,False,False,True,False,2
0.9933318422142465,-0.7766395012743511,0.5666425311933063,0.3240719995927318,0.38671908815493594,-1.3545553433248867,1.1593012424351898,0.01095884457769644,0.9680113660709854,0.5286073075791007,-1.35842780536737,1.410910833391997,-1.429963860451451,False,True,False,False,False,False,True,False,False,True,2
1.0271570710626234,-1.7431789093778878,0.061078419194442325,1.7148121944326573,1.0459989929029865,-0.5758701801732931,-0.21681386888592738,0.009872608803999348,0.9680113660709854,1.5175996205298659,1.5654787952436633,-0.7198283724093899,0.6915132518713798,False,False,True,False,True,False,False,False,True,False,2
-1.1652634540943223,0.1332094264773665,-1.1721164430136874,0.43164017372689817,-0.8374573496215314,0.7093146022055287,-0.5779204363605274,-0.20547515364298521,-1.0330457214142557,1.5288983444567759,0.14734905778405735,0.6129945713511759,0.905032618900847,False,False,False,True,True,False,False,False,True,False,2
-0.3644637635192047,-0.9175248057243837,1.5435102237978158,-0.21041143462962678,-1.399320624315922,0.5299989717675909,0.42967869802393405,1.6128993775452227,-1.0330457214142557,1.213677553898493,0.5929619631304288,0.5653396664875975,0.8916292249901869,True,False,False,False,True,False,False,False,False,True,2
1.5237966486827645,0.5531941602888746,0.8885285471932921,-0.2028578041262118,-1.5244229035330317,1.4281536155549146,-0.6990245736773493,1.398304155145926,-1.0330457214142557,-0.5357601613703363,0.17533490827822001,0.8219314243868575,-0.059588395102236805,False,True,False,False,True,False,False,False,True,False,1
-0.4970808190867877,0.46907641870866423,1.0124294228449942,1.1722651161562045,1.2483049214573039,-1.583609757357477,-1.0523761356235657,-1.4741364328620283,-1.0330457214142557,0.34951931045288875,-1.2554800993016932,-0.18752956088028522,-0.869037216354335,False,False,False,True,False,False,True,False,True,False,2
0.9498806447827375,-0.13966241600460008,0.35716368529649883,1.1438432636416107,0.5952990534248674,0.6148044957405483,-1.1763813240081924,1.010681849225656,0.9680113660709854,-1.5611449392095025,1.6540308846055367,0.7447869929005947,0.9526082036601854,False,True,False,False,False,False,True,True,False,False,2
-1.4258933037019834,-0.06771146316643312,1.0953647991510866,-0.9164950120942356,-1.41623918283839,-0.03621694834345015,0.5668547629420243,1.084493828488189,0.9680113660709854,-0.5671675362119153,-0.07947974159187961,-0.042655360274781645,0.27308594090034854,False,False,True,False,False,False,True,False,False,True,2
1.0894562853230032,-1.2939064256066821,1.5925634974485974,-0.24753721903924303,1.1559829929818632,0.17808800359587207,1.464698814937248,-0.8780766601968516,-1.0330457214142557,0.2725641349978082,-0.24716538174304242,0.1322713755392104,0.9039087208790764,False,True,False,False,True,False,False,False,False,True,1
0.707729139761579,-1.5006256662875144,1.6626097912032,-1.1027883836909729,1.493336150502404,-0.3131512305325056,1.7430301560164847,0.1493364835828864,0.9680113660709854,-1.3003261076271597,-0.9979659956465579,-0.7903883981184379,-0.5898138264515048,True,False,False,False,False,False,True,False,True,False,2
-1.3768940684526154,-1.521689393643016,1.3231127311550288,-0.891262616373836,-0.7420944011613332,-1.5210349171024362,0.7800081508245206,-1.7536986651621,0.9680113660709854,-1.2552674140083673,-0.6945015167393473,-1.3143187484852492,0.662278529187329,True,False,False,False,False,False,True,False,False,True,2
-0.6137115661009265,1.1900563900072065,-1.7029564292845105,0.8535439776838714,-1.5828358681626131,-1.0990922726077932,-0.8419873956186824,0.8675551547597861,0.9680113660709854,1.3734864528190236,-1.184615786973214,-0.5054737442098644,0.9467827266843043,False,False,True,False,False,True,False,False,True,False,2
1.5593791886730215,0.12626022836264436,0.6943038714729716,-0.9421150220775373,-0.1785148747970278,0.6560767564898662,1.3309851573786542,-0.035608332037000465,0.9680113660709854,-1.3432348728890482,0.6512235957149461,1.338165622040373,1.5632385277014516,False,False,True,False,False,True,False,False,True,False,2
-0.5103959977659376,-0.4680528917654592,-0.9481829515064094,-0.629901637324423,0.744985069857538,-0.8826054619528539,-1.0469125327748148,0.32549407889445503,-1.0330457214142557,-0.9804648583026575,1.2385790772448209,-1.389945257571352,0.8365765472344777,False,True,False,False,True,False,False,False,False,True,2
1.27580249672593,1.617340863600564,-1.5138696706379882,0.7245146336019622,0.20976445842417601,-1.001182203187172,-0.12719389248976887,0.8131330751253155,-1.0330457214142557,1.3856514429580207,0.9924207687508015,0.2190625336319901,0.6032344907010733,False,False,False,True,False,False,True,True,False,False,2
0.6557264825827579,0.5143200047209366,-0.7158790821064904,1.648160240722835,-1.3608898210040061,1.0278854486548743,-0.2685925106485373,-0.6894568623658872,-1.0330457214142557,-0.27350640390909897,-1.4636391250479195,-0.30448602192162066,1.205999193317285,True,False,False,False,True,False,False,False,False,True,2
1.670751469083536,-0.3733970585516685,-0.15619384536144446,-1.240239306090837,-0.4749623545842705,-0.14767121999682456,-1.2237042995686231,-0.47598566681828824,0.9680113660709854,-0.8701403916583749,-0.04203693658310248,0.9447584179857754,1.3269664658420557,True,False,False,False,False,True,False,True,False,False,2
1.7028188653642036,0.04613365987357792,1.313302756541984,0.0407846401684594,1.5936925268874638,-0.21550273652930155,-1.185603475176877,0.20047350188620452,0.9680113660709854,-0.26238509526461756,-1.079014674400448,-0.4899793854797765,-1.6013738304884821,True,False,False,False,False,True,False,False,True,False,2
-1.1601787381092576,0.8181823627618413,1.409228215464987,1.5610418663573218,0.7282569369064186,1.4303171100865912,-0.7330404626165729,-0.08097270285316902,0.9680113660709854,0.004186965632314192,0.9705353639154968,0.5290327295077473,0.8318832878120734,True,False,False,False,False,False,True,True,False,False,2
0.8124967149366408,-0.5138875987973966,-1.1890113679365528,1.171533709075623,-0.5942775167695862,0.5980633288243291,-1.007790344958465,-1.0830208108720283,0.9680113660709854,-1.161278991055786,-1.4358824478599457,-1.2545866120488396,0.3590889572006816,False,False,False,True,True,False,False,False,False,True,2
1.54255808745538,-0.9996420433497116,0.6009121126344427,1.4596758738580922,1.0453773449638664,0.35947905406311714,-1.6816651882502107,-0.12148362776800102,0.9680113660709854,0.6852647995231337,-0.804637982017113,0.9704355373365796,-0.2417752668718496,True,False,False,False,False,False,True,False,True,False,2
0.6437572674846649,0.7232878838971273,0.2908151201239108,-1.3744789299378488,0.42702281960936517,0.3832076074395336,0.5611768142663786,-0.4224967253742521,0.9680113660709854,-0.37436186677407585,0.6058398288545181,1.6303792390103997,-1.422271083671804,False,True,False,False,True,False,False,True,False,False,2
0.020162445420555578,1.2888057604355845,0.7031563855982518,-1.5269978575006735,1.5917609389974052,-1.3658028235231765,-1.4814447605247048,0.1432443631037175,-1.0330457214142557,1.0866380638987538,1.6713051957966036,1.0128204786145225,0.4335420804069752,True,False,False,False,False,False,True,True,False,False,2
0.7479363606280142,-0.5819750993482514,0.44917482851086293,-1.2916908638691353,1.1060290471912075,-0.43377441226539304,1.8211096686461523,1.1265862611139354,0.9680113660709854,1.3400736534284807,0.1628999648356889,-1.4712054515299362,0.9079601982320752,False,False,False,True,False,False,True,True,False,False,2
-0.5331224965316487,-0.4193314580586398,-0.495547877910038,-0.04244005755264237,-1.4362384832821937,-1.1703652262553006,-0.40037911209306815,-0.8218995846780021,-1.0330457214142557,-0.49826617790517946,1.3066231508519026,0.15065387160386182,0.5422568365397156,False,False,True,False,False,False,True,False,False,True,2
-1.61082066213361,-1.4641909105978554,-0.816266064365009,-1.0018953444936547,-0.07737172717215449,1.2264064348405457,-0.11549591583272834,-1.0886616827042572,0.9680113660709854,-0.012661152539176638,1.4893799829880658,-0.31577358983627934,1.298564679873642,False,False,False,True,True,False,False,False,True,False,2
-0.03644903216600019,0.5170081614068361,-1.468720557013257,1.392672811616905,1.5357210032060344,-1.3889324405417416,-0.3172204720785974,-1.6035929694088884,-1.0330457214142557,0.26395928152110476,-0.5718487110512769,-0.4161304572401217,0.4819335005951211,False,True,False,False,False,False,True,False,False,True,2
-0.8683606245981006,-0.7539910510848715,-1.437663743438579,-0.7944564719481079,-0.20398035621363558,-1.3338266439122803,0.7176708244194605,0.22036734980495995,0.9680113660709854,-1.7113175938767025,1.3940557704649548,0.41533460594765875,-0.08377576551669987,False,False,True,False,True,False,False,True,False,False,2
0.7129159482431737,0.05797515244728116,1.1312936558251268,-0.7062509711801768,-1.4619213063928107,-0.07220411286721065,-0.9135631117789668,0.55930828023916,0.9680113660709854,0.6998791261052207,1.5110383950129989,0.6478863536531794,-0.0016628889638723029,False,False,False,True,False,False,True,False,True,False,2
0.5949694869100813,0.608010225552949,0.856971980195194,1.7391064635088929,-0.9054287590981586,-0.2509054001479948,1.4201889314953897,-1.1755585766049679,-1.0330457214142557,-0.2835301435458178,-1.354573759381816,1.1761624285746384,-0.8472743640644362,False,False,False,True,False,True,False,False,True,False,2
1.0987506125563182,1.3768603818850476,-0.08125901185431676,-0.3616049828049478,-0.06099122852321723,-1.425495010791981,-0.25801739438278404,-0.3133586129461531,0.9680113660709854,0.2454813489860513,-1.2230258742244322,1.6724350018062724,-0.6399195193117823,False,True,False,False,False,True,False,False,True,False,2
-0.9796035805493923,1.4495863232082713,-1.3780577678588506,0.5990960349005217,-1.510905628478928,-0.8208903280023145,-0.17676982187540827,-0.8132914819937463,0.9680113660709854,0.683412509661702,0.6386340620318737,-0.5858063905326926,1.33645997234202,False,True,False,False,True,False,False,True,False,False,2
1.3154513281587004,-1.5318920730956316,-0.7021096484144634,-0.6799953253484715,-0.9795033213820841,-1.3140937809800455,0.33939795854752786,-1.512398406806223,0.9680113660709854,1.406019953151739,1.1058758791079812,1.5796923804484928,-0.3326822524072227,False,True,False,False,False,True,False,False,False,True,2
0.5945116611044184,-1.6644295669853368,-0.41433067144849917,1.684476421481375,-0.9858657381783349,-1.0112335576508065,0.36460679111070327,1.2451352886426676,0.9680113660709854,0.746128562517022,0.5653153680135964,0.1668951647724977,-0.8052888487147831,True,False,False,False,False,False,True,False,True,False,2
-1.5994318352828576,-1.3632764667250779,0.009642138682053393,-1.020271242514457,-0.8979221404084454,1.1252112547966673,-0.8339749421076083,-1.1064665534138638,0.9680113660709854,1.4547105516239012,0.4217458781264865,0.4933311115149283,-0.9863534647901075,False,True,False,False,True,False,False,False,False,True,2
-0.2597833533561284,-0.7571604704083116,-1.001502929863057,1.6819593031454907,-0.2589417311016323,1.4535577713456442,0.2950466928373235,0.2690823373014113,0.9680113660709854,-1.3478359846710828,-0.34539800542582827,0.5646844595285847,1.1229956933768097,False,False,True,False,False,False,True,False,True,False,2
-0.03623202032290076,0.6968055930163878,0.20862196374773453,-1.4891751481922162,1.5578280570341863,-0.36091574610704946,1.0097174519516632,0.17646517299875858,-1.0330457214142557,-0.6344985012228619,0.4261608268788574,-1.1010790569735245,1.0140589573346213,False,True,False,False,False,True,False,False,True,False,1
0.5081894165339631,-0.11713599696981472,1.350296662952963,0.8371805196488863,0.3977347805661297,-0.36321434652289214,1.4014937237105374,0.3394063902714378,-1.0330457214142557,0.931958025087542,-0.9968518001980176,1.135544102628026,-1.2360080541509553,True,False,False,False,True,False,False,False,False,True,2
-0.915483051212973,-1.1074538503421454,0.7389544131637875,-1.4615284988380326,1.577430794255471,-1.3850143305371712,-1.3172878939613295,-0.7616225485855048,-1.0330457214142557,1.1398402653834419,-1.6857244400669205,-0.1803652374117107,-1.5602654751649505,False,True,False,False,False,False,True,False,True,False,2
-1.5226057016692045,-0.282523290056659,1.2494522754250972,-0.24323132214932416,1.510954180661803,1.6249840630383752,-1.349132804831771,0.08442071622482691,0.9680113660709854,0.6613701001571222,-1.3247353753526128,0.4000830451535368,1.0599804888108377,False,True,False,False,True,False,False,True,False,False,2
-1.505929912472465,-0.24336963792570676,1.644753855587532,0.6572648408616251,0.9051700619949843,1.2823490142805458,1.023357870674109,-1.5170766847983885,0.9680113660709854,-0.05614874138334801,0.43333395730172075,-0.20719773918759965,0.1658962869935453,False,True,False,False,True,False,False,False,True,False,2
-1.5583643224244914,0.8792058249301221,-0.966414174768241,-0.4692007551943699,-1.5216445646106747,-0.05174545466170546,1.1797668564324064,-0.8134846208969293,0.9680113660709854,1.4013313358958988,-0.5555391999843833,-1.4336860312996893,-1.137437196923175,False,False,True,False,True,False,False,False,False,True,2
0.10185719934217367,1.562617918000541,-0.523931998774749,1.093141824233477,0.78253060011982,0.12030647423097694,-0.6047788886555293,-1.7370686662205155,0.9680113660709854,-1.7849922613999931,-0.8702549430301132,0.39118861468182836,-0.6161554788709135,False,False,False,True,True,False,False,True,False,False,2
0.2645012057202888,-1.028213494371868,-0.38360073797881084,0.26541044863031477,-1.257577545567968,-1.0806882129335194,0.7205794125523638,1.128900954254917,-1.0330457214142557,0.9812165752299432,0.8792916411667532,-0.36159733717087733,0.21017241859086083,True,False,False,False,False,True,False,False,False,True,1
0.8441929432926268,-0.6654713080862167,-0.600629627466158,-0.45711803963091374,-0.1882880742236366,1.4799113183038384,0.7350110581017917,-0.8100804601653153,0.9680113660709854,0.554615679358041,0.6194855637144392,0.5828553532312236,-1.1628936640920857,False,False,False,True,False,False,True,False,False,True,2
0.23740780823874288,-0.10417023032788757,1.226226880551905,-0.9764931761411451,-1.2976288690428504,-1.0057146586137413,0.1569189681373646,-0.001900822065060471,-1.0330457214142557,0.6679562023263852,-1.0975476101883428,-1.1199322510376757,0.20994237419963083,False,True,False,False,False,False,True,False,False,True,1
0.8482448064796815,0.9879198778597188,-0.8054579103204492,-1.345176852397713,1.3774779084438526,-1.4247543338419768,-0.22239835198548757,-0.7166351839540488,-1.0330457214142557,1.4831175706551996,1.2101704228369827,-0.9800857078074983,1.5224052402241404,False,False,True,False,False,True,False,False,True,False,2
-1.5721767518943555,1.1448686544541806,-0.30561726567153485,-1.283938201537394,-0.5840353686529033,0.5785597894625885,1.4704380863669193,-1.5241431110424501,0.9680113660709854,-1.4798538558238923,0.9950418537790374,-0.6981021079043509,1.5728219738985194,False,False,False,True,False,True,False,False,True,False,2
0.2756152277634449,-0.1921918439914852,0.5429018653181483,1.4646517486896518,1.2399578041992578,-0.294665096429836,1.50054732984566,-1.4977634840056586,0.9680113660709854,-1.327921819386559,-0.22804828557448228,-0.5550253579325042,-0.5635478608835284,False,True,False,False,False,False,True,True,False,False,2
0.6984520096475861,-1.6148878194194216,-1.5572551486046244,-0.31317969272144874,-0.9946366428334176,-0.49207591121176775,0.16641866506139663,0.053422087223810914,0.9680113660709854,1.2285869306989687,1.266231362610738,-1.421742229565613,-0.1476607489470255,False,True,False,False,False,False,True,True,False,False,2
-0.5363953011024329,-1.1009226460088926,-0.21674157293688207,1.1924839540958154,1.3021839863941154,-1.1754906610340305,1.020082300375026,1.611441340768352,0.9680113660709854,-1.1832790967800133,-0.10172550167851194,-0.27177155383081325,1.2704536869608456,False,True,False,False,False,False,True,False,False,True,2
-1.3248614197658317,-1.620821818089421,-1.4738317923722493,-1.1761100827591482,0.9419540998986212,-1.1122859157090499,1.5189989802568098,-0.9016328821239931,-1.0330457214142557,-1.0563771329173768,0.7563771918090447,0.1088730000050876,0.3452264633722025,False,False,False,True,False,True,False,True,False,False,1
-1.2461754117165051,1.356166536985685,1.0602247583892392,-0.5064506622762894,0.9261063241219093,0.5443998203911267,1.6603983997182805,-0.35507400318978344,-1.0330457214142557,-1.528886519675243,-0.29219213478493006,-0.9689708481314558,1.4992249924083145,False,True,False,False,False,True,False,False,True,False,1
1.3947123154533807,1.3070571101520816,-0.3638016945455351,-1.5303328306568165,-1.656074100986452,-0.678663111815901,1.0582215747971668,0.7091623221546466,-1.0330457214142557,1.1900167776777246,-0.33116390303728044,-0.9587700722378129,1.659199972483063,True,False,False,False,False,False,True,False,True,False,2
-0.2604540781203284,-0.9109242658328481,-0.4952304022421021,0.5804228349869621,1.1912800568428998,0.28978606736754353,1.0628226633015823,-0.3452239103861571,-1.0330457214142557,0.19226623204043236,-0.6843417614542527,1.020274202140287,-1.4534632707648807,False,False,False,True,True,False,False,False,False,True,2
0.0055725705781747405,0.3642911214523961,-0.4928344323460535,0.8769044120079778,0.0007779610543056556,1.5067500499145206,1.1283692269755619,1.7250890174506093,-1.0330457214142557,0.4789518480123463,0.5177005118007811,0.5773519281775443,-0.9106543881093009,False,False,False,True,True,False,False,False,True,False,2
-0.36595855794423415,-1.6818296755983961,0.2695481120221778,0.6051690670315663,-0.3069583187364634,1.5531388048726547,0.5216808399443048,1.5176849722701127,-1.0330457214142557,-1.378352947016403,-0.2926404825578474,0.9687264083763103,-1.4759673992985194,True,False,False,False,False,False,True,False,True,False,2
-0.6666268579067927,0.8851558002121885,0.7132879437394956,-0.5747283329047768,-0.11266496488823957,0.6610021064787833,-0.8134846793530178,0.13088848098328817,-1.0330457214142557,0.01246924453095364,0.7410033760197144,-1.2904827856546546,-0.8350633339887636,False,False,True,False,True,False,False,True,False,False,1
-1.1088783328578644,-0.9861836376466727,0.5116593336418099,-1.2038550671904242,1.3071820835471135,-0.6438879105325218,-0.2413532140940401,0.7206319358837077,0.9680113660709854,0.46214873477502216,-1.3223654765547805,-0.9197355740664116,1.111473542282026,True,False,False,False,False,True,False,False,False,True,2
0.8310450314407185,-0.7982362207135774,0.9884421530460706,-0.7454900740127023,1.3008850882313332,0.16396420736034753,-0.15869814818864034,0.403054948108464,0.9680113660709854,-1.0194627105392968,1.2570871222667266,-1.554530508191129,0.7048121159746371,False,False,False,True,False,False,True,True,False,False,2
-1.2345548856156194,0.3433396962309284,0.19706914352106442,-1.5335314261269601,0.8771910536862993,0.8818922008943669,1.2238561665008536,-1.0134920350007204,0.9680113660709854,-0.4233626518588332,0.9933700178702837,0.05273010294101089,1.310470652313944,False,False,True,False,False,False,True,False,True,False,2
0.28829931615555965,0.660357565216025,-0.3538627507787582,-0.40713428808535235,-1.2654169435277063,0.1388968429030162,-0.49729758193330703,0.849445442282696,0.9680113660709854,0.18466121435158636,0.3191670830810107,-0.8102237120009592,1.127726317637228,False,False,True,False,True,False,False,False,True,False,2
-1.458263066338813,0.7867974128121445,-1.124195403382999,1.196938110772353,1.1925298732315774,0.8781807320663693,-0.6687977246552049,-1.5104468076357402,0.9680113660709854,-1.1546932460532164,1.3773308976904797,-1.5021607203261966,-0.7233921831160863,False,False,False,True,False,True,False,False,False,True,2
1.0462744924563918,1.720256493987705,-0.9408869597318383,-1.3816390310259836,-1.2643477393047564,-0.3592904980547045,-0.7765674720254049,-0.6511189995039071,-1.0330457214142557,0.35978366285331975,-1.286824104217397,-0.22926060371437465,1.2614438151172949,False,False,True,False,False,True,False,True,False,False,1
0.31404055736323705,-0.2360675160524571,1.3669604626312675,-0.3090563045163963,1.347765475176253,0.8662845619347559,-0.7754832119567853,-1.5990498921006708,0.9680113660709854,-1.6324514225074194,1.5551608458067099,0.17211440849814,1.4559100813505677,False,False,False,True,False,True,False,False,True,False,2
0.8059349445251035,1.2921759607835095,0.023221376936855907,1.6293258751070467,0.8738812765193502,0.6797055954035371,-1.1008419689164681,-0.9981420122228621,0.9680113660709854,-1.0589787021321444,0.8598587097520434,-1.036708761700397,1.2499032866735693,False,False,False,True,False,False,True,False,False,True,2
-0.7226835706206787,-0.05346611024328414,-0.2997923873949329,-0.35560477711658406,-1.1075273699480523,-1.084631808586846,0.7199301090160936,0.09685675106792102,0.9680113660709854,-1.6999304909105626,1.3059916109719556,-1.621543875031953,0.5266629097606512,False,False,False,True,True,False,False,True,False,False,2
-0.8355447130933238,1.4102039891470208,0.1662327888476298,0.3168741429321835,0.5099633022005492,0.5909706040236318,-0.7018612310584916,-0.7588477813632559,0.9680113660709854,0.18657274448150638,-1.31217801874395,0.5445213434891663,0.6902802720007483,False,False,False,True,True,False,False,False,False,True,2
-0.3365935052158025,-0.18320512904577727,1.6977063114179225,0.5995687677595892,0.07403727129186725,1.3263065289772527,-1.2800256604412308,1.147784566490985,0.9680113660709854,-0.2625493150737689,-1.0870784459840952,-0.0243865751849949,-0.5189825603151583,False,False,True,False,False,True,False,False,True,False,2
0.25829139867621903,-0.6545686105108911,0.13135357198069958,1.189543877406382,-0.2993575462565634,-0.32477772009312345,-0.3704697101855898,1.3344117630535577,-1.0330457214142557,0.6757171982119332,1.5422355315282235,1.358042178463377,-0.3334605731932341,True,False,False,False,True,False,False,True,False,False,2
0.6078540677099393,-0.7944431069946537,-0.7916014341404403,-0.9034586809211226,-0.2972176716340888,-0.2851528213773812,1.4105489206378143,0.8371832838910341,-1.0330457214142557,0.9966218314099109,-1.2932152967331076,0.5483562141083285,-1.2810203471136514,False,False,True,False,False,True,False,False,True,False,1
-1.0761695331937329,-0.9597759396797894,0.8585671226823892,-1.0584493707250202,1.7056236367347142,-0.41313002028892043,0.696001149050429,0.05650145433020801,-1.0330457214142557,0.659555844717943,1.4454823045059209,-1.2963516977194194,-1.429360332279606,False,False,True,False,True,False,False,True,False,False,2
0.825193151392655,-0.9161887132567273,-1.6484849933484165,-0.7948526983940232,-0.8951906603578512,0.310006185183764,-1.3444291046900703,1.1984692714369372,-1.0330457214142557,-1.6022862049186548,-1.2712209452608632,-0.6124874466145069,-0.6686132293777666,False,False,False,True,False,False,True,False,True,False,1
0.9536058231054155,1.057963954715708,0.3412835158106293,0.9594218045507358,0.8630280281854136,0.1027012700784968,-1.1248482170375336,0.7049112194421979,-1.0330457214142557,-0.2121723021841339,1.0294678849161434,0.4407082108033984,0.052272865214409645,False,False,False,True,True,False,False,False,False,True,2
0.6832725625362581,-0.20318563415454352,5.3670356393651766e-05,0.7044009620867613,-1.3137740274386445,0.021036954397677804,-0.8249814690716752,0.9578770021066678,-1.0330457214142557,-1.2657842384860891,1.440351511665075,-1.1070898634312145,-0.0014744765420946382,False,True,False,False,False,False,True,False,False,True,2
-1.0868639756014669,-0.6461754547867472,-0.228006996944421,0.6062156905310376,0.04493449583805912,0.7540334846465497,-1.199484288265041,0.06859508470869494,0.9680113660709854,-0.8264826439769785,1.1624258758795318,0.043713928793900625,-0.1816621678872243,False,False,False,True,True,False,False,True,False,False,2
-1.495843558779958,0.4254397501464488,-1.6988179075578915,1.1518986217134055,0.16459101255984276,0.6047541815171102,1.732894605455842,0.08059663670336889,-1.0330457214142557,-1.0198427065700657,0.7322987058087501,-1.4595596396500206,-1.206595351909117,False,False,False,True,False,True,False,False,False,True,2
-0.40248317536654177,-1.041332738096321,0.3682622578440672,0.7144976272631991,1.0652476093783045,-1.3627999872685232,1.2702097661164704,1.0424806027188032,0.9680113660709854,-1.6128379937903896,-0.7686607386088729,0.476503075448257,0.5170374335518191,False,True,False,False,False,True,False,False,True,False,2
-1.5484872360691238,-1.2639994359114837,-0.5096238803107026,-1.0300472130888108,-0.2890180332875001,0.837822957045824,1.4907188870377093,-1.0384648723157888,-1.0330457214142557,1.4570637860619553,1.480860909822967,-1.5978765283345653,-1.4413472621572934,False,False,True,False,False,False,True,False,False,True,2
0.6251711648909428,0.9030808190208834,-0.9982839781373277,-0.92144034615212,1.1939973748593633,-0.8222190051668515,-0.9115042422596163,-0.9143541549437025,-1.0330457214142557,-1.7051011933282625,-0.6308429833985063,-1.3554305564201345,-0.6851921357854258,False,True,False,False,True,False,False,False,True,False,0
0.44484055436862935,1.5910641050942702,-0.1049626704695368,-1.0606683184467007,1.583374597679029,-0.4630517737885684,-0.1790029558742997,1.3892135246016815,0.9680113660709854,0.4213409242083442,-0.7615769636107871,1.6101836683444073,-1.2010004885948322,False,False,False,True,True,False,False,True,False,False,2
-1.3165784061100883,0.4888464779520225,1.318606529292371,1.123296962880798,-0.6692361620984718,-0.3506296609705345,-1.25243106953679,-1.6274465090939274,0.9680113660709854,0.3673504394131575,-1.1710145850939353,0.0843201732399343,0.31321907928351433,False,True,False,False,True,False,False,False,False,True,2
-0.5611493653397338,0.10776142640691187,1.1680706077239023,0.624980814441312,1.2415076640179163,-1.6507969942583236,-1.4212404066883713,0.013751739079967906,0.9680113660709854,-0.24511143027888238,-1.4231648292890149,-0.6868979733330148,0.9369616617149337,False,True,False,False,False,True,False,False,True,False,2
-1.0482855969961937,-0.8377911646951811,0.5959768426771671,0.2867871241187351,-0.743370141352941,-1.504308244100105,-0.32130831831529927,0.20383909912821635,-1.0330457214142557,0.6870452032430815,-0.8823509695052332,-1.6691707231027948,0.29895472881517327,False,False,False,True,True,False,False,False,False,True,1
-1.0503862509103623,-0.1295343353227281,0.9978708491279082,0.6373142379311847,-0.35590061682164886,1.5681785686992977,-0.7971659935372963,0.3976840558340963,0.9680113660709854,1.3978284222844128,1.0783146505808745,-0.8208713642859046,-0.3692432104291986,False,True,False,False,False,False,True,False,False,True,2
0.10051988536807786,-1.252344437607955,-0.6052928742856882,-1.5443485789523819,0.18336969197910238,0.9210906624302504,0.06254004666134944,-0.16952484199286058,-1.0330457214142557,-0.9901568205429778,0.27578697832846666,1.1785650342111482,1.2305460266062709,True,False,False,False,True,False,False,False,False,True,1
0.47035665783558306,0.14968342611809615,1.5597253762382222,1.7476546523508782,1.4549641316654753,0.37069466423472597,0.9208691160910303,1.3428621065729698,-1.0330457214142557,-0.8054866127751213,0.42220303259211883,-1.4216284842609843,1.28980885622293,False,False,True,False,False,True,False,True,False,False,2
-1.3178911166112737,-0.15396215864824775,0.7072062229849899,-0.9226190071838286,-0.49168748990620087,-1.1831372536891598,0.47139272532520077,1.350315148198806,0.9680113660709854,-0.3570834527987391,-0.9350058053751255,1.1223497810904008,1.5692150637337159,True,False,False,False,False,True,False,False,False,True,2
-1.5488808975499173,1.314382496922772,1.1721629304842593,0.2842289838157654,-0.8544440788956106,0.4103679886221099,1.623935405881207,-1.2192228731935986,0.9680113660709854,0.9517386610727977,1.125298238230562,0.6303048602644766,1.2477202348908718,False,True,False,False,False,False,True,False,True,False,2
1.4739797613133816,0.09702621372104063,1.202257908460053,-1.408326964221081,1.0726391978396623,-1.2955350827534624,-0.7065529714683776,0.42597964284261314,0.9680113660709854,-0.8593884450552366,-0.3382136473804574,0.8593384397172603,0.6343808523127741,False,False,True,False,True,False,False,False,True,False,2
1.121129113700008,-0.5440679304939526,-0.8047986916784465,0.9086571242388993,-1.454493516619755,1.5015283748314052,-1.3175545191589415,-0.7234838531259059,-1.0330457214142557,0.35864762871581934,0.15577902634727275,-1.425647040107868,0.7153740187875428,True,False,False,False,False,False,True,False,True,False,2
-1.10840927523304,-1.4990415333230978,-1.4018670471970751,0.10091467016931713,-0.266824214410492,1.5908695318641255,1.2840272689088372,0.0020147897051878715,0.9680113660709854,-0.9184271751402007,-0.19476444485927324,-0.10559240128532635,-1.2893229551401664,False,True,False,False,True,False,False,False,True,False,2
0.42197242358204223,-1.3815376429750508,-0.31877890980028384,-1.2473217885175902,0.6652541296878665,-1.5071135507866655,0.047600198593416465,0.6748891257395194,-1.0330457214142557,0.015036497141612745,-1.478707061852814,1.3347827148686808,-0.8304135787213364,False,False,True,False,True,False,False,True,False,False,1
-0.3474055546932584,-0.4127420142091078,1.6534385295372027,0.3259432505696607,-0.4418803483190305,-1.4061560052252504,-0.22594493809539928,0.15348250935665195,0.9680113660709854,0.8391945794005797,0.15420886739059814,1.4644024539956362,0.2304476683159918,True,False,False,False,False,True,False,True,False,False,2
-0.9579472813820521,0.06450501171010654,0.9732909647263513,-0.07472549458779289,-0.634628719203521,0.14961302581709726,0.6558758883658528,0.5245517307304319,0.9680113660709854,-0.9077263330100049,-0.2599339059874494,-0.9084569228045235,-1.6268533957405849,False,True,False,False,True,False,False,True,False,False,2
-0.9651519549041508,-1.5393079363658777,1.3538118589700034,-0.9358871498183386,0.83290798138513,-0.07909199556952,-1.2993928974078446,0.5197068535950059,0.9680113660709854,-0.5162621176812571,0.02582853043296512,1.5679355698197577,1.5524688113609166,True,False,False,False,False,True,False,False,False,True,2
1.0420103492204575,1.0410266728512634,-0.7255750134692756,-1.0398758351599544,-0.8773364755233823,-1.098053967589041,0.3034234677301288,-1.311133712632389,0.9680113660709854,0.2818060736129835,0.8638092334832349,-1.235244606145455,1.18246958839038,False,False,False,True,False,True,False,False,True,False,2
0.3600888120851001,0.49904016834464276,-0.49019139628749303,-1.4648109561083282,-0.41506927079731676,0.7024095967537114,-0.017025150194108163,-0.46411401750657805,0.9680113660709854,-0.23090761130884224,1.0023381401725928,0.5486857894792663,0.63265165262245,False,False,False,True,True,False,False,False,True,False,2
-1.1734859295356395,1.5336350483312802,0.2654824278184996,-1.142113396071428,-1.2333626964638347,-0.6395224510482689,-0.2979153143653227,0.5767274469316036,0.9680113660709854,-0.22486178477041324,-0.4360755702379618,0.15509808823552654,-1.0098189328716367,False,False,False,True,False,False,True,True,False,False,2
1.3089508762442896,0.367114328142435,0.9203567121956041,0.6355265268176158,1.4364647275747158,-0.5970280380665796,1.123803373326207,1.5672487327634155,-1.0330457214142557,-0.703416210434439,0.8926247781361051,1.5099048207360148,-0.6262813325747753,False,False,True,False,True,False,False,True,False,False,2
1.3880222927710062,1.293999439870241,0.5407442299243541,1.5699623520606965,-1.1099802221446897,0.5325881525131436,0.42422846531482294,-0.6010251534828929,-1.0330457214142557,0.7462265590493468,1.4373250133833655,-1.6018045627707909,0.7727846027478634,False,False,False,True,False,True,False,False,True,False,2
-1.4234025401621477,0.6707402741333474,-1.4818870539748197,-0.12370022189365389,0.4828413580885848,-0.9349025966980192,0.3261235029916317,-0.4765599834157981,0.9680113660709854,-1.1888454674354831,-1.1992761928108386,0.8502208243809671,1.6475744771006573,False,False,True,False,False,True,False,False,True,False,2
-1.1010672661162453,-0.2502209022740469,1.3408315686090257,0.5427245326520211,1.5163201263729094,0.19638841398629214,0.922673389189769,-1.7732901066977935,0.9680113660709854,0.9366117111364107,1.352639347032664,0.4571118106829102,-0.14387519046002303,True,False,False,False,False,False,True,False,True,False,2
-0.18850224852769035,1.0155278541902875,-0.3404400359569653,0.2993013124642391,-0.6069357240276982,0.5383671901061517,0.8247508109563096,-0.8362490782227104,0.9680113660709854,0.7752016545981474,-0.10324421386656035,-1.673228858589504,-1.4717039927259903,False,False,True,False,False,False,True,False,True,False,2
-1.1129951713970367,0.46551212070582093,-0.7823961462788122,-1.5268261278635877,-1.477309002682386,0.5011148468932733,-1.485981764446966,0.591805232894042,0.9680113660709854,-0.26849666059580457,-0.885906803926955,-1.0709234752211636,0.9046364609131342,False,False,False,True,False,True,False,False,False,True,2
-1.2404398028531551,0.07914141881262003,0.9286820812096105,-1.4852842307276282,1.2872606656519459,0.9882360275044889,-0.6784331031260319,0.685241652474407,0.9680113660709854,1.0928816847880047,0.3311437254111846,-0.5656282865175891,0.4855254486151384,False,False,False,True,False,True,False,True,False,False,2
1.2492228087174935,0.6615112584832404,-0.8150255442267985,-1.524990391348391,-0.4138568801892486,0.8694603027118081,-0.6073567517270597,-0.7611940108136698,0.9680113660709854,-1.4739272794872729,0.6887139061094242,-0.8768068935822483,-0.1408269906458628,False,False,True,False,False,False,True,False,True,False,2
-0.5282922121223529,-0.6633878210288293,-1.295947884811557,-0.5983116459005479,-1.2457819313677654,-0.8943411038119822,-0.044627467276353534,-1.4114359306612663,0.9680113660709854,0.3871554384220178,-0.4232008883150784,-0.08673079383998353,-0.1135357173504175,False,False,False,True,True,False,False,True,False,False,2
-1.215681168737759,0.9678983581541643,-1.5564011405610518,-1.5047157024463607,1.2984205328967364,-1.063478111063709,0.6002655800883517,-1.44324308472618,-1.0330457214142557,-1.165620821892049,0.829581240851916,-1.4604852692774468,1.3476938885787542,True,False,False,False,False,True,False,True,False,False,1
0.2784796280530019,1.4629184600362317,-1.3000343238240708,1.5291402241003162,0.5407280905957315,-1.6005599439584683,0.8377368620859735,1.4857690342457224,0.9680113660709854,-1.6616046834327611,-0.6518816464642161,1.064284692933287,-0.9280722068997294,False,False,True,False,False,False,True,True,False,False,2
0.4456534609352304,1.3837952956755193,0.0009693616119346038,-0.10424081482122195,1.1700155630539006,-0.5496060026407585,1.4513493136066289,-1.7671099608964402,-1.0330457214142557,-0.15925542426681422,-0.2280537140839926,-0.7097172982909425,0.4009184658833837,True,False,False,False,True,False,False,True,False,False,1
0.6493568536979106,-0.1781422382109159,-1.3638736033879018,-0.7431124520560625,-0.2718176158045188,-1.6497290219237717,-1.4146014284025177,1.790011192578855,-1.0330457214142557,-1.4695909687368196,-1.5106754222717367,0.08173876147936608,1.1466666909393781,False,False,True,False,True,False,False,False,True,False,1
-1.6392025227590323,-0.5117531630743243,-0.25973243585128697,0.17651998310962724,-0.31578950219044183,-0.8041760478202272,-1.6781581262739498,-1.5525944415270727,-1.0330457214142557,1.5112801200447374,0.6435633432115152,0.5720230387159893,0.9623758809448419,False,True,False,False,True,False,False,False,False,True,2
1.2847101714490905,0.12785938835013327,1.7201574090112999,-0.17326727912371834,-1.6468710332906467,-1.4380512632956133,-0.07507021528320501,1.3523734217025887,-1.0330457214142557,0.684149764690298,1.2622231978679688,0.5721154088737188,0.6043817772256769,False,True,False,False,False,False,True,True,False,False,2
-1.5478280619101101,0.5213613926923034,0.12210286635610355,-0.04221120031276041,-1.534382198395646,0.8117717133677127,0.9896382241083084,-0.32814364530223045,-1.0330457214142557,0.17534860827198653,0.22429249173801846,1.615418727354239,-0.7401111092953565,False,True,False,False,False,False,True,False,True,False,1
1.5301312338335262,0.2423198809279568,1.7179496210777159,1.565399979277324,0.8186419652367043,-0.1724049021801898,1.6595890183926099,1.2949714406531267,0.9680113660709854,1.287891237460446,-1.4393761944629786,0.09678110211196739,-0.5986118917976464,False,False,True,False,True,False,False,False,True,False,2
-1.2028361036485689,-0.31254577664770916,-0.6826074653580759,1.0987949668561148,-1.1002116827472417,0.16046444537944077,0.3740024179290952,-0.15810157116528725,-1.0330457214142557,0.35283875795783887,-0.08480737290631916,-1.0908974209714262,0.9750239053521487,False,False,True,False,False,True,False,True,False,False,2
0.578214686116588,0.020661182644996758,-1.0223354509112943,1.3558589652571795,0.5218498688386569,-0.03992254404436321,-0.324003252309049,-1.726740606973889,0.9680113660709854,-1.5523380829096898,0.2397808950445671,0.8173427680190021,-1.5573184112700864,True,False,False,False,True,False,False,True,False,False,2
0.13964032598891263,0.010549189238804886,0.9799104641075348,-0.27397656651128827,1.6258479448308267,1.5195583033541131,-0.4633712123655617,-1.1166709377903323,0.9680113660709854,-0.8540585391495773,0.17029271765762968,-1.3058048533368005,-1.6860223429481864,False,True,False,False,False,True,False,True,False,False,2
1.2746284411080597,-1.290160042779891,-0.7532663012840929,0.5865110312673351,-1.301681746662594,0.9840289708704708,-1.4883241871300112,-1.3750490708234118,-1.0330457214142557,-0.9233183173753802,0.007972216260217513,-0.3268046465055368,1.1595395061541987,False,False,False,True,False,True,False,True,False,False,2
0.30272558102133673,1.4299584276474138,-0.2610371970898136,0.3792016415369895,0.9166473168579643,-0.7685536556351343,0.2611946955678474,0.8812354727057568,-1.0330457214142557,0.08381742717052251,0.38688253441139986,-1.503492607163398,-0.09421892179667503,False,False,True,False,False,False,True,True,False,False,1
-0.7992253010182298,0.86575805577536,1.3443229931211094,-0.1633991773224561,-0.8755191747799939,0.887537070463385,-0.40803048097051037,0.07570668501208784,0.9680113660709854,1.1312906446739983,0.3260771660812489,-0.8570181014480376,0.8652782848011551,False,False,False,True,True,False,False,False,False,True,2
0.26588942941547705,1.383134797361576,-0.3313108991477749,1.412766778782028,0.7794593209294346,1.2683324396842344,0.47764465095786784,0.9570126138923056,0.9680113660709854,-1.3651304633333685,1.0229627289506482,-1.0879049711667979,-1.2292300483769507,False,False,True,False,True,False,False,True,False,False,2
1.7067129104709169,0.3175383412673706,-0.6449320147319911,1.1701127210507853,-0.5036986533513774,0.9763363440496962,-1.6075343347514657,-0.8433902987272579,-1.0330457214142557,1.1409814396274904,0.15990054249487748,0.16957431470197945,0.7165765095081651,False,False,False,True,True,False,False,False,True,False,2
0.937582123706743,-0.385968343557826,-0.2687191222955362,0.6315000227785192,0.2145976206393797,-1.5752130995069644,1.1116005695665307,1.5371306727114984,0.9680113660709854,0.866024175640331,-0.6572587644026446,0.4585120525027361,1.540976393145029,False,True,False,False,False,True,False,True,False,False,2
1.2383122818766201,-1.4722610774973361,0.8386374732216897,0.8321586929234539,1.2086581897191253,0.1344278638122306,0.6707635983827146,-0.17797208024250372,-1.0330457214142557,-1.1897816569679338,1.6759804385352728,-0.16729354463986354,1.680115681012254,True,False,False,False,True,False,False,False,True,False,2
1.6154677192688056,0.38463583701483695,1.5580150754879105,-0.28455375133524136,0.8007568905004415,-0.12568872963713648,-0.35983126415210026,0.3816014347837557,-1.0330457214142557,0.10090546529220386,1.6942536704574422,-1.651096825200604,-0.3597785266333487,False,False,True,False,True,False,False,True,False,False,2
-0.12772010536208653,0.5350656560088901,-0.7533261966432375,0.42535487664553306,0.12076124918811323,-0.0760034080909299,-0.7055792555008137,-1.0676285240168295,-1.0330457214142557,0.9196228189957163,-0.9528115767938696,0.8823854485272064,0.19579522465661717,True,False,False,False,False,True,False,False,True,False,1
-0.3364271823348299,0.31070416893979325,-0.09020924972926327,0.5519819017559696,1.3493272474124862,0.6064097987308583,-0.770504377766258,-0.8014900448044273,-1.0330457214142557,1.707956821931269,0.27434163871476813,-0.7500931591202326,-1.0592342184485908,True,False,False,False,True,False,False,True,False,False,2
0.8443378843096702,0.9474616295320106,1.649228494040661,1.6702952162985893,0.6231721023503984,0.25815857519171287,0.15759528064873243,1.3017874195987973,0.9680113660709854,-1.1853295434146014,-1.2252098708841204,0.4650596628963786,-1.578430048151016,True,False,False,False,False,True,False,False,True,False,2
-1.459472489490934,-0.9644378105405161,-1.4966629734245511,0.5909048944726392,-1.5746290394124658,-0.00543940766519676,1.3097899113945712,1.3528334918264988,-1.0330457214142557,0.40676218287215127,1.2932551102237757,1.302669553586414,1.6372385341337952,True,False,False,False,False,False,True,True,False,False,2
1.2314077207758578,0.9546208583485849,-1.6880355563822045,-0.28209277313778824,0.060151467949357114,0.11935319006574661,0.7518540194558151,1.3823636869920635,0.9680113660709854,-1.5984797561444548,0.5319589905388559,0.19520943198586277,-0.856462056463396,False,False,False,True,False,False,True,False,True,False,2
-0.24621969527475546,1.726001407433049,1.454510139026583,-0.8977243653817638,-0.6548979435220167,-0.04531391357060294,0.4492501680523563,-1.2603074994296974,0.9680113660709854,-0.09717233898325024,-1.6649723353145955,-0.6612337729639735,0.8725827856484809,True,False,False,False,True,False,False,False,False,True,2
-1.5850280065841311,-0.31809131138188124,-0.6942436257012023,-0.005971421465682591,-0.8846956672241783,-1.446746587895969,-1.6204550371109407,-1.3033898807960647,0.9680113660709854,1.3858221713965784,-0.8778725486901667,-0.3296772551456472,-0.8565623491819679,True,False,False,False,True,False,False,False,True,False,2
1.332061469308002,1.416620444600483,0.37811850667873087,-0.9782865167963335,1.5467918379350938,-0.5436386294520923,0.036111645095179355,-1.4635558909495319,0.9680113660709854,1.5362586728981602,0.896557056601443,1.3101950244929172,-1.4562568020324156,True,False,False,False,False,True,False,False,True,False,2
0.38675284163917073,-0.32200179573550375,-0.5359601105354272,-0.3362203501014575,0.5562147165742515,1.3149966931388033,0.9160716158342344,-0.5800200984798831,-1.0330457214142557,-1.7721209423308888,-0.6598640203621708,-0.25224385154649054,1.4772827480280286,True,False,False,False,True,False,False,False,True,False,1
0.5171895276312364,1.1779255182995847,-1.0067569956678464,1.4221467136861103,0.24797978680109084,-1.2926790362121223,1.7513723675028043,0.729401692655885,0.9680113660709854,-0.8998805999583593,-0.6995704107393599,-0.23058599893223378,1.2795766720109758,False,False,True,False,False,True,False,True,False,False,2
1.1895864291308447,-1.1438699098573948,-0.8712190994284857,-1.7028110810502377,-1.512867908643842,-0.3985945369459501,-0.8323298936236918,1.6326666749542047,-1.0330457214142557,-1.2096174772835335,-0.16029175747779573,-0.87168883593882,0.7507883834387338,False,True,False,False,False,False,True,True,False,False,1
0.7036658425763482,1.2568463890320016,-1.5503039266817915,-0.46862453468932247,-1.3217313718105126,-1.3068016180890958,-0.8123244626875384,-1.06714215310787,-1.0330457214142557,-1.0978962600650084,0.3035376636299257,-0.9522464678826753,0.504280806080189,False,True,False,False,False,False,True,True,False,False,1
0.21083045183228186,1.10246144011369,1.064615146412885,0.317061491865876,0.8315450544077275,-0.3661529158738481,-1.0428573479424375,-0.2872458929214565,-1.0330457214142557,1.0838578698665875,-0.27359779662364886,1.1454146028816157,-1.136681089764597,False,False,False,True,True,False,False,False,True,False,2
-0.6825747648061107,0.03459394150706067,0.6510542904229318,1.5686536708962286,-1.4045939910589766,-1.3168879826893851,-0.9435326334224104,-1.3035102597430357,-1.0330457214142557,0.37927949649894405,-0.9825883485997582,0.7078885783193098,-0.966017937790438,True,False,False,False,False,True,False,True,False,False,2
0.6101028552583394,-0.03514692369246668,-0.9996811464620877,0.4193610276062421,-0.6084743862924779,-1.6629356478795134,-1.2957428954206323,0.12629824497685657,-1.0330457214142557,-1.5538215861390734,0.745849046037524,0.06499892612863853,-0.8851018862756755,True,False,False,False,False,True,False,False,False,True,1
1.025346985185048,0.9731278793157037,-0.23379592521135312,0.3734540564357346,-0.296765708653752,1.5893771993972723,-1.2740718094755983,-0.17083825300932332,-1.0330457214142557,1.630247767583934,0.43142407388726356,1.6876496104041678,-0.47144153294908125,True,False,False,False,True,False,False,False,False,True,2
-0.9312870685284146,-0.6718918314757211,0.2882725507063127,-0.028777944636804418,0.3298357327812809,0.4374305910103794,-0.10244786522344226,-1.7164323471033172,0.9680113660709854,1.3700419450454584,0.3662890290321691,-1.663208119791869,-1.4872001041093357,False,False,False,True,False,False,True,False,False,True,2
0.08617730005608326,1.1286286689305394,1.6954631065863743,0.19959079413548267,1.7402199528297515,0.3541561719909577,0.0679697358241137,0.67859352363953,0.9680113660709854,0.9248888267009254,-1.3142946905518462,0.6139874703030039,-1.3620582563429955,False,True,False,False,True,False,False,True,False,False,2
-0.03428171906600893,1.559582019731261,1.1610262043970383,0.3904850923265075,-1.0428407674620919,0.08370398812779341,0.09774826623075714,-0.5104106837935086,-1.0330457214142557,-0.209836654549694,0.3804891438605624,0.6844523904190948,-1.6246626216731763,False,False,True,False,False,True,False,True,False,False,1
-1.1319569703233476,-0.10836822006289103,-1.535827221908006,0.4090206049347835,0.12481407056618005,1.3029439414559263,0.599831829635351,-0.7811850800987358,0.9680113660709854,-0.1833602737802297,-0.10981018536654621,-1.1053384894155538,-1.660738928345853,True,False,False,False,False,True,False,False,True,False,2
-0.05675142276794424,0.26437947388186134,0.9508925675098217,0.5398480215774931,-1.1346142680548812,-0.05156368817434891,0.023242375562532686,1.7463518703683425,0.9680113660709854,-1.2514476269082604,-0.34506626534760887,1.6506966778481755,1.148363099883198,False,False,True,False,False,False,True,True,False,False,2
1.731630141585328,1.0122238884801928,-0.8355072059081605,-0.6735093714186291,0.9344683934449026,-1.4363013022505595,0.9821585508855822,0.10495649534367317,0.9680113660709854,0.34830391307916686,-0.8682444846721886,-1.4875334034291536,1.4355347956116953,False,False,False,True,False,True,False,False,True,False,2
-0.152722483492233,-0.7665081665925914,1.2830725576022497,-1.1415966728544094,-0.7713681731175689,-0.4716440776756558,0.42641652966997245,-0.46667307796536306,-1.0330457214142557,1.1353975396799865,-1.1503463850782287,-1.4891473852588533,-1.1023871361293882,False,True,False,False,False,False,True,False,True,False,2
-1.2699375161365167,1.6343206374876804,-1.3795473217353253,1.749808030515681,1.689793195493121,-0.09438392109837941,-1.617486954443176,1.3080496142249538,0.9680113660709854,1.331771201493843,1.0666587548178001,1.3272177165391574,-0.1498728346887891,True,False,False,False,False,True,False,False,False,True,2
-0.40228569618774523,1.0975766256070567,1.3614955540941749,-0.3279963857445527,-1.6284780665288996,-0.9405366707678247,-0.7032297785426138,0.729161487263403,0.9680113660709854,-0.24828652335327694,1.5204415204040314,0.09405248342111075,0.9762555414567785,False,True,False,False,True,False,False,True,False,False,2
0.971456167492266,-0.456805448699388,-0.8884627068242662,1.6357443219584267,0.2738734966802861,1.7392315675135008,1.5793040770523181,1.0104931154568642,0.9680113660709854,-0.9943095034315007,-0.6276380627884786,-1.6614471952661585,-0.10936188985958592,True,False,False,False,True,False,False,False,True,False,2
-0.81942418671485,-0.14250970125640183,1.6626605940490526,-1.665311254211226,-1.5235384632316407,1.1774942770938968,-1.4381486056976287,-0.7489872146782774,0.9680113660709854,0.13225241123022913,0.05028106524205151,0.6861795850303104,0.18394220300850778,False,False,True,False,True,False,False,False,True,False,2
-0.926919596546309,0.2616176153990281,1.6481878679316415,-1.6553232415509418,-1.5391171148898022,-0.2568609193598736,-0.13294420677543878,-1.219659467131671,-1.0330457214142557,-1.7724120340976754,1.448924016601511,0.2010424878189195,1.1766679368661044,True,False,False,False,True,False,False,False,True,False,2
-1.1255818357929062,-0.36057173183831104,-1.3522610311467842,0.46292131283952004,0.015936265030475072,0.7389220911953941,0.2896427977552884,-0.5581954322621997,-1.0330457214142557,-1.1220075028118492,1.5186915753543737,1.619490847223859,0.22240932329008004,False,True,False,False,True,False,False,False,False,True,2
-1.1221252619794262,-1.6859564345591125,-1.1102554877668964,0.19060231205610786,-1.61865720752616,0.3051510976989195,-0.14855974812725448,1.40436327365069,0.9680113660709854,-1.2675755040911334,0.8459331542350553,-1.5417340309650187,0.5299747482168395,True,False,False,False,True,False,False,False,True,False,2
-0.24966549264304488,-0.15029735162584815,0.4263589816878519,-0.8227581140300517,1.1619475419829388,-0.33147324623088786,-0.9245679663217108,-0.3178395058882434,-1.0330457214142557,0.1182755678556368,-0.24980430241677448,0.5870289632011081,-0.5225500171612214,False,False,False,True,False,True,False,True,False,False,1
0.6385983460854767,0.43090656402018956,0.65884237375888,-1.2159675894190372,1.30885765369461,0.7353677528777733,-0.7945317353813981,-0.5705899768186998,-1.0330457214142557,-1.4763688530989503,-1.4357991977824403,-0.566890344428025,-0.2644065075909038,True,False,False,False,False,True,False,True,False,False,0
-1.5567921456230578,-1.0591712744005062,-1.0420031044106053,0.6321180468188069,-0.2578138751724753,0.0513268162513657,1.7227792770922223,-1.574139209553531,-1.0330457214142557,-1.3398640305494847,1.637469078462892,-0.14912591983393217,-0.2511273418551619,True,False,False,False,False,True,False,True,False,False,2
0.7503309891163,1.4942297882184943,-0.968977957674187,1.178831178859483,0.03310127240441152,1.6504500976480239,-1.6811566808848062,0.8014803366120532,0.9680113660709854,0.8563635206718673,0.9813035584088091,1.5812300011851816,1.640455845295949,False,False,True,False,True,False,False,False,False,True,2
-1.5435375936950664,1.363496861047775,-1.2673240087465878,0.598711751757693,-0.25360532410758385,-0.9849602219924496,-1.558648923322457,-1.0112202375360722,0.9680113660709854,-0.7781369066306649,-1.3641075279793609,1.6262370154761714,-1.2159424033549942,True,False,False,False,False,True,False,False,False,True,2
0.9626977503346597,0.2797624628868106,0.14025060608885878,0.9277338797380756,-0.4359229906990912,-1.0781476495645728,-1.495096801134578,-1.4001836169093866,0.9680113660709854,0.31371388594124455,1.0556220869446247,-0.744481471044953,-0.029214482955205612,False,False,True,False,False,False,True,False,True,False,2
-1.2057235675250864,1.6477842226691504,1.4423779615957886,-0.7580336538745115,-1.3346237266729526,-1.1959595375767758,-0.13066490420174798,-1.673600644624723,-1.0330457214142557,1.470327795520303,-1.3591487824241242,0.29880148261280687,1.5299148196740429,True,False,False,False,True,False,False,False,False,True,2
-1.5687223291743104,-1.2263998823893043,-1.265780159322529,0.01136997791845576,0.20633017392026473,0.20520263176904807,-0.4141932640932979,0.8025556271328248,-1.0330457214142557,-1.3449278630715367,0.6105063433054545,-0.35946532156373434,1.581990258944978,False,False,False,True,True,False,False,True,False,False,1
0.16820851689455507,1.2118399940220026,-1.109870202104525,1.3098426332260893,1.4846244439424823,-1.148548726297753,-1.0300108275129272,-1.5027830570124658,0.9680113660709854,-0.8065164206760594,0.21506450568283977,-0.5417545711475872,-0.7261499607115558,False,False,False,True,True,False,False,False,False,True,2
-1.0292162811442545,-0.8707317787470904,0.01941182438991959,-1.4357561977278517,-1.212147267636321,-0.8928948348078248,-1.03901169231622,-0.7608307777512099,-1.0330457214142557,-1.443944126099822,-1.6278295969963588,-1.3275967413167569,1.2200232704433278,False,False,False,True,False,True,False,True,False,False,0
-0.9967319223044474,-1.7219523317833632,-1.4999057286233883,-0.6721396219276546,-0.6365877711572638,-0.9994333295591864,1.3992581033995857,0.8548466091033062,-1.0330457214142557,0.5118977526080245,-1.0678330813698547,-1.0875569344693077,-1.3183844649469922,False,False,False,True,False,False,True,False,False,True,1
1.5525124391933276,0.9507969452166748,-0.17319824492985186,0.8508495485356333,-1.4976192794828784,-0.46805899170816906,-0.11152391547332505,-1.1847564825410875,-1.0330457214142557,0.34667222225435484,0.6849086037282237,1.258545938876136,0.051209479894175604,True,False,False,False,True,False,False,False,True,False,2
1.3101192541082194,-1.4535177364192817,0.3223223466941734,0.5884514057277982,1.564273224043149,-0.2857002792867517,1.016827361141389,0.7839225414478282,-1.0330457214142557,1.2603130560989027,-0.3889873753574295,1.3488086674367448,-0.26216717220652663,False,True,False,False,True,False,False,True,False,False,2
1.3189685850100548,-0.1535662488904055,-1.0200781205948755,1.5475358114437212,-0.12703632604493145,-0.06178408147540655,0.11219036916459957,-0.7635996152723483,-1.0330457214142557,-1.4909748940507468,0.9824914257389797,0.09456653707451416,0.7543977986142533,True,False,False,False,False,True,False,False,False,True,2
0.5009949922156737,-1.37265552782835,-0.4317881618233709,-0.19750916514189729,-0.8462768290530409,1.4088130109120858,1.81239347316152,1.44938326656132,0.9680113660709854,-1.685698427686688,-0.7906771333365235,-1.3675986357192618,-1.0601436228442729,True,False,False,False,True,False,False,False,True,False,2
-0.41008038936574137,-0.4890074186158073,-1.0307237372375988,0.22657775073407252,-0.1741832382623133,0.43098027707270214,-0.2629180996838365,-0.8703894252820042,0.9680113660709854,-0.6513360047673417,0.43497256300125764,0.3382222122075204,-1.378967510667665,False,False,True,False,False,False,True,False,True,False,2
1.3054145398975088,-0.0935457390564843,1.1653462526579486,1.5991574376211253,0.03806951191375023,1.329625351968288,-0.6316172080666967,0.7060625257221411,0.9680113660709854,1.6012933315051139,-0.972785956917769,0.4334607658896676,0.6379479973629925,False,False,True,False,False,False,True,True,False,False,2
1.303167412515108,0.1430927996911589,-0.35522135572450464,1.2558314310283265,-0.8724878386640099,0.14907386308496712,-0.901141679592854,-0.2827736957111206,-1.0330457214142557,-1.4124887024090544,1.04978619923465,0.09003867485459797,-0.6583144038806918,False,False,True,False,False,False,True,False,False,True,2
0.4382595173586067,-0.863247013070248,-0.16960263151160182,-1.137097344319543,0.8896646687042168,-1.325960241154729,0.9093286377144877,-0.842052188992251,-1.0330457214142557,-0.1390129973181255,0.39520199668476264,1.4042813891719295,0.6557508364990112,True,False,False,False,False,False,True,True,False,False,1
0.9330483676807363,1.0026474308469389,0.123065782529664,-0.45826062275501284,-0.6533803465093846,-0.9711492470668963,-1.5283318355463815,0.068381428129144,0.9680113660709854,-0.6752709626982553,-0.305319442031612,-1.28942816858506,-1.649122937871768,False,True,False,False,False,True,False,True,False,False,2
0.6862526284717407,0.13081993053321025,-1.513304928429295,1.6710009841956686,0.5399430997429223,0.23720767206910717,-1.4504725773054559,1.1797544367309347,-1.0330457214142557,-0.6421079434806302,0.10162417216180457,-0.09392759805036117,0.6401484898485965,False,False,False,True,False,False,True,True,False,False,2
-0.03079588826252674,1.4172197954042467,-1.331063449631354,-1.4871211681683933,-0.47087981330069223,1.3815594763121875,0.20116604986056025,-0.5653171700539599,-1.0330457214142557,-1.4724432170182835,-0.24413325432979152,0.36633305063915644,1.2833158464228194,True,False,False,False,False,True,False,True,False,False,1
0.4547749164348138,-0.7217726554216128,0.6639423874006031,0.9536088514741996,0.4905961746703,0.8767498461007125,-1.2215391295011788,1.6091100040508781,-1.0330457214142557,0.3166635132973439,-1.5706233618462064,0.8969422063233371,-0.6124121626389222,False,False,True,False,True,False,False,False,True,False,2
-1.0592875055781719,-1.1750080839300363,0.8935977892070077,0.6479526646997775,-0.9768384601126046,-0.30784992135418454,-1.1884825800551708,-0.32343143490076465,-1.0330457214142557,1.5610733626814774,-0.8950504096091146,0.8639522996927492,1.1793086683542084,False,False,True,False,False,True,False,False,False,True,2
-0.2231406343713777,0.5782599722165105,0.7470607536447417,-0.4746387976158136,-0.6787591041683056,0.5035501997813527,1.409732201620382,1.1411728368913685,-1.0330457214142557,0.5692738135411339,-1.1765060675642203,-1.2009896565326914,-1.6397530538480996,True,False,False,False,False,False,True,True,False,False,1
0.21131223899683316,-0.18729115589544648,-0.9545170479260331,1.6564631080137973,0.9994041084892896,1.567496372037733,0.37009352368165804,-0.40906654186478497,0.9680113660709854,-1.1703886797085448,-1.2679804772763739,0.25869138389110374,-1.0558356727000227,False,False,False,True,False,False,True,True,False,False,2
-1.0604217988673161,0.5461753191949861,1.2221152617806816,1.0833177931334668,-1.0181301383601702,-0.9107860713274274,-0.1605531789158364,1.5680109680132719,0.9680113660709854,-1.4725072873982095,-0.9688827226369886,0.19923291448859104,-1.515479396596835,False,False,True,False,True,False,False,False,False,True,2
1.649755763526537,-1.5667488550358042,-0.5805161381964419,1.1705731949873843,-1.0467456864167368,-0.7996776582620355,0.0023700378615656406,1.7091438216529302,-1.0330457214142557,1.3347182595414897,0.9454340610611478,-0.3161267731779758,1.1185315924255426,False,False,False,True,False,False,True,True,False,False,2
1.4773655626831173,-1.675729670705,-1.1674936116053516,0.43279644884170865,-0.6652843551132334,-0.7660540671260859,1.5997144922610103,0.3677653599282583,0.9680113660709854,0.05305449526505825,-0.049673756281124186,1.4312109921279998,-1.555178526999067,False,False,False,True,False,False,True,False,False,True,2
1.6581003145725854,-0.1464049182756368,1.5241020882460063,-1.613555726381244,-1.5233522773691281,1.1822225999358453,-1.0721120505343733,0.1654434916590497,0.9680113660709854,0.009079624550474764,1.5620085170896931,0.24452105104534297,1.117008793389433,False,False,False,True,True,False,False,True,False,False,2
0.027033580087094354,1.0766402618003466,-0.3544459628829507,-0.10584105682942405,0.46049094212936437,-0.19112068739267662,-0.5884925843214995,-0.3187385510801039,0.9680113660709854,1.695463201138189,-1.6435522485533696,0.6791075605590066,0.06474978064239718,False,False,True,False,False,True,False,False,True,False,2
-1.2950970482989475,-1.4061719387174862,0.7537482868799772,-1.5193723830075814,1.7571795177821108,1.3305261448508816,0.6044199224598588,1.4195418446694392,0.9680113660709854,1.3798557922111898,-1.530100414657044,-0.9921623627116237,0.343281434101619,False,False,True,False,False,False,True,False,True,False,2
-0.5729001513431761,-1.6023642813028358,1.2395142055173984,1.648576366979561,0.8140313996427546,-0.901797677075944,1.5628710160384327,0.794367037496628,-1.0330457214142557,1.479972201914235,1.1436034241340012,0.15793691602004525,-1.6266076428264908,False,True,False,False,False,False,True,False,True,False,2
-1.043362421576882,-1.343626928443358,0.823824292940561,-1.6160532512249564,1.6217713924500656,1.523543995747503,0.7235373367160353,0.49785896811888675,0.9680113660709854,0.9114700120263564,0.19525922589725048,-0.9308243655109174,0.3924839719118707,False,False,False,True,True,False,False,False,False,True,2
-1.6460893436465618,0.05166616999742053,-1.375594868448157,-1.6452004888969587,-0.9583247253710526,-0.1860999279392711,1.099421275973739,-1.3186615331216782,-1.0330457214142557,0.7020698412221491,0.030793590983774783,-0.5717505566971399,-0.12152674968232614,False,False,False,True,False,True,False,True,False,False,1
-1.620703209563862,-0.8095477643830866,0.9691688064766398,-0.2516979408023737,-0.0981346450917149,1.2396401631220553,1.55629306500598,-1.6312484438593104,0.9680113660709854,-0.2939842808172551,0.11266718942764033,-1.5816206550871579,-1.4255878200067986,False,True,False,False,False,True,False,False,False,True,2
0.34261484596212655,-0.6850076470974937,-0.9333445456947596,-1.5663180855498282,-1.3381426980259512,1.3849960318434895,-0.4850608767145166,1.4352347772779035,0.9680113660709854,0.6453623299347554,0.23532558882751256,0.6955520178388266,1.5095422443548097,False,False,False,True,False,False,True,False,False,True,2
0.07272499341332458,0.5655185762183096,-1.71498363994179,-0.10862537240674038,-0.532141846235574,-1.2599032760112536,0.4972834313609394,1.0133209001307137,-1.0330457214142557,-0.4070849539382039,1.3451796646195817,0.04847569213490534,-0.381921237878332,True,False,False,False,False,True,False,False,False,True,2
-0.5984897435429096,-1.1916786780004862,0.9128821931622572,-1.360546401827577,-1.1470198168209724,-1.4304989317745,-0.35661429728538924,0.8871429681242136,-1.0330457214142557,-1.1362856848210137,-0.09205560049922708,0.6176820961167448,1.4466088719585077,True,False,False,False,True,False,False,True,False,False,1
-0.5269228149026751,1.3492487490657452,1.3852386069959468,1.5876705774266902,0.5864804881233452,0.137805741725571,-1.4925872158133335,-0.5218208154113001,-1.0330457214142557,-1.705335058156013,-0.5041534724626514,-1.1736800880663638,1.4378251895695138,False,True,False,False,True,False,False,True,False,False,2
0.8512208560869593,1.606559457318011,0.9638814335243895,1.7461589837179305,1.325213583870544,-0.030120869149934386,-0.04983075440138008,0.966370484198461,-1.0330457214142557,-1.0906658790064891,0.9002913427899955,1.5747293193245373,0.6379436258796273,False,False,False,True,True,False,False,False,True,False,2
0.16990469343033504,1.1645940869125795,-1.0881484547446019,1.7601987661302543,0.7708508777304588,1.0795415500264975,-1.08749797375639,-0.4828538035791167,-1.0330457214142557,0.5913702377169351,1.5176844197796913,-1.5939552970640862,-1.3443841987831806,True,False,False,False,True,False,False,True,False,False,2
0.12327591548566709,-0.792456301595208,-0.05655018251669307,0.8088108306841081,-0.2775249868053085,-0.032252328813933855,0.6732738352656601,-1.2165747079297335,0.9680113660709854,0.933148860587792,0.3847050358644696,0.5936710529959159,-1.5945102777998326,True,False,False,False,False,True,False,True,False,False,2
-0.48187537690704046,-0.3704988448399587,-0.23084418281797087,-1.6060330705814274,-0.3328163483771113,1.1411048596196929,-0.11973770589672415,-1.3877534852919842,-1.0330457214142557,1.33536512144999,1.4252936137608903,-1.2816234659779429,1.3097342185430774,False,False,True,False,True,False,False,False,False,True,2
1.0506342657218146,-1.4219671674946828,0.11120215410248636,-0.3885927394072902,-1.168297228193248,0.008542107297328495,-0.0015278759010541442,-0.4261965104148053,-1.0330457214142557,-1.6751367241175834,1.4625337121066624,-0.4485190976761989,0.8613959989962755,False,True,False,False,True,False,False,False,False,True,2
1.4970904025742795,0.48567790766178104,0.3566654060088886,-0.0005511097542365281,0.3259066578602407,1.4047826509684245,0.06379318077840425,1.1931421108648597,0.9680113660709854,0.11098176004852114,-1.1227515545940578,1.5197623927691986,-0.5753241923994088,False,True,False,False,False,False,True,False,False,True,2
1.2329585180122757,-1.1181577193882102,0.8303203020822663,-0.8108033786360185,-1.1417320721556936,-0.9452149002420146,-0.6517654889307035,1.5091519442775267,-1.0330457214142557,0.2397433868951373,-0.36504939532010594,0.5525097582562843,1.3539454627399286,False,True,False,False,False,False,True,False,False,True,1
-0.05588434094077476,-0.843178417831053,-0.4371403693008047,1.1646101683992844,-0.7130386444976745,0.12468811637535883,1.069186311849419,-0.13351228351912828,0.9680113660709854,-0.1224906411713774,-1.1130163760485159,-0.7575675189547546,0.8006810053595333,False,False,False,True,False,True,False,False,False,True,2
1.5374372717512559,-1.2535443865693494,1.3769389691320353,-0.5084368488104927,0.5093641883827298,-0.18174218152919064,1.1024457324054888,-0.15747858883557259,0.9680113660709854,0.3048502623073671,-0.36437692322196985,-1.1698386168878512,-0.1349218159738473,False,False,False,True,False,False,True,True,False,False,2
0.6617548828973883,0.7549970013658777,-1.0375430086319841,0.3614555341863642,-1.4843217146283996,0.5333601885256286,-1.315155194426267,-0.6264269693185248,0.9680113660709854,-1.0105725356744852,0.1664192811861768,1.3285814209834639,0.10752462223365086,False,False,True,False,False,False,True,False,False,True,2
0.359034599446518,-0.8461751356522784,1.1709832639651296,-0.3994361647678512,-1.2100543135353967,0.7828134506462893,1.7276611092967356,0.04914110075271221,-1.0330457214142557,0.9717956115174106,1.080740134652384,-0.6827831789128207,-0.8441956192166375,True,False,False,False,False,False,True,False,False,True,2
-0.9279598044722936,0.08692437564016159,0.15183052449314624,0.5014671385653735,-0.027464434764166278,-0.8431870419225224,1.3320518858203962,0.7791266743588396,0.9680113660709854,1.4724160978761245,-0.7739081795788124,-0.9438246278658777,-0.2472939781049733,True,False,False,False,False,True,False,False,False,True,2
-1.3852163684594334,0.4602703519947784,0.5965600787672958,0.6612067605873514,-0.7733698286728294,0.4930370170835253,-0.7702014072515876,-1.1702654044364904,0.9680113660709854,0.39431187436971626,-1.3910586153555544,-0.717109398100935,-1.1824134038842757,True,False,False,False,False,False,True,False,False,True,2
-0.7424707143011694,0.33388461214640536,-0.5050844466518157,0.5267001489228424,1.0835183353913584,-1.5223993321373634,0.6731755615418378,-0.5450155823200187,-1.0330457214142557,0.6519767497476733,-0.484138223636349,0.5014215093557088,-1.1754058157057923,False,False,False,True,True,False,False,False,True,False,2
1.5968651903386486,0.009684856893760528,-0.8740677377225121,0.12494651042972423,0.2424644309450658,1.3907886479623537,-0.8534575925641386,-0.7224729236153682,-1.0330457214142557,-1.117676468201543,-1.0690203671528498,0.761796588222386,-1.0717878236117484,False,False,True,False,False,False,True,True,False,False,1
-1.5268074008470345,-1.3623406767977917,-0.504553259625223,0.45089325650718215,1.2551380051805117,0.3794648943524505,1.536597012656442,-0.7515811943090254,-1.0330457214142557,0.5831574807922308,-0.174086321258865,-1.1307324212644934,0.00037946921010355376,False,False,True,False,False,False,True,False,False,True,1
1.3054023561399914,-0.790195277932069,0.9601562357124076,-0.021764066364622834,-1.4526817559933032,1.1854078088152344,-1.0630668155344418,1.2066850390915074,0.9680113660709854,0.4567736853619998,-0.2256413057411454,1.5815823125005535,0.4283503872586651,False,False,False,True,True,False,False,False,False,True,2
0.7996267407210824,-1.1839923682852678,1.0537408563731006,-0.7569157302950773,0.35722282260418325,-0.551566795552338,-1.0930651183464601,-0.08007364797791382,0.9680113660709854,-0.5995277617629746,1.4423158362930688,-0.7758552564822071,-0.8850072287964093,True,False,False,False,True,False,False,False,False,True,2
-0.013127908671875577,0.7710743782086161,-1.08028662191521,0.17936296197856436,-1.178207503524694,1.300906851809368,-0.8339008968154769,0.7439562418213264,-1.0330457214142557,-0.08533330142004236,0.18084260002610703,0.23124314886510924,-1.1158295702727254,False,False,False,True,True,False,False,False,True,False,1
0.3189166932791118,0.46722557193416453,1.591549780126034,0.3036980096567783,-0.4835731073386115,-1.7038825603903522,1.1804609824461623,0.27947891211931464,-1.0330457214142557,-1.111849174867857,-0.39128280862407083,-0.734953593756212,-1.0608552298189016,True,False,False,False,False,False,True,True,False,False,1
-1.3902910531058028,0.9792662122531557,-1.6001588605010806,1.2352781203694425,-0.48987508081925357,0.03925318851083815,0.2575133542387019,-0.34316006558849094,0.9680113660709854,0.8854180177318443,-0.3103961998920502,0.1931667356246647,-1.2793401445898582,True,False,False,False,True,False,False,True,False,False,2
-0.7635887099727728,1.3024506248517582,-1.7249746653015474,-0.7567625151315774,0.47128040682730143,1.6533564268804293,0.23432433185367893,1.5350993039268854,0.9680113660709854,-0.40578183514506055,-0.30479094535081624,1.4703807664308202,1.532952783618682,False,True,False,False,True,False,False,True,False,False,2
0.34239419096218393,-1.2775425949464476,-0.3588820777047506,-1.5244907235484353,-0.43227184262164425,-0.698318939004453,-0.5284459646637164,0.83534267401479,0.9680113660709854,-0.48389284648044983,-1.523905423610073,-0.5776228631839688,-0.7743816335263337,False,False,True,False,False,True,False,False,True,False,2
-1.622477157747059,1.3065550923388518,-0.7926841520503064,0.39515810200812473,0.8676252836962269,1.6666662670343788,-0.5445402106721288,-0.8311409652569399,-1.0330457214142557,-0.7926346640028792,-0.6874910312253533,-0.6211869408578876,-1.6464142593260411,False,False,True,False,True,False,False,False,True,False,1
1.0447030151438048,1.6023186502819724,0.6694425407916939,-0.8898434824500719,1.1883884500471298,0.17349811380079416,1.0559157669032528,-1.444752159389974,0.9680113660709854,-0.14385755038773765,0.22085098756841035,-0.995062894381297,-1.6389677359870245,False,True,False,False,False,True,False,False,True,False,2
0.9609317493516705,1.4466280658550537,1.1672179228537647,-0.03847219535654357,-1.1653489473050243,-1.5392565312436879,1.287485613580046,-0.36777963646194883,-1.0330457214142557,1.556400507346004,-1.4591034234736842,1.643710784307084,-1.1873833665542817,True,False,False,False,True,False,False,True,False,False,2
-0.42579377905993443,1.6655815684341295,0.3198301470499176,0.879095678907441,0.12010156498147861,-0.8172036854071668,-0.03245828955527362,1.5457778028752682,-1.0330457214142557,-1.040331306174008,-0.3985035158498839,-1.3621788258667495,0.6903209376253496,False,False,True,False,True,False,False,False,True,False,2
0.8821919893009698,0.11625722484874834,0.6454791217052382,1.3257307817689925,-0.8929925614102106,1.287603773282391,0.5546504310322927,-0.3871813513056032,-1.0330457214142557,0.8765984667388222,0.15232579989967585,0.4106353033775121,0.8353448966187194,True,False,False,False,False,True,False,False,True,False,2
-0.8307869694449598,-1.4072615371695303,0.45150733448329333,0.14576414733980128,-0.5853494702038984,0.26540259190676974,0.4422273078054556,1.0228519776014482,-1.0330457214142557,1.6388625627323727,0.49946102317699226,-1.5591159214931174,-0.6282805894915908,True,False,False,False,False,False,True,False,False,True,2
-0.6630535464302858,0.2009713805840546,-0.2336654168521666,-0.866221501938074,0.8749500375738823,-0.9197653999377808,-0.08304420501944025,-1.02687912569234,-1.0330457214142557,1.6034641724073748,-1.3597046855594233,0.5541148984612703,0.41900255086437643,False,False,False,True,True,False,False,False,True,False,2
-0.2749661713226604,1.0009790835563628,1.3480818537963326,0.4131399471799286,0.6020010270271714,-1.1871421796409507,1.0946087629983552,1.143768440353461,-1.0330457214142557,0.41295204445136047,0.8866952060991838,-0.9086651302335015,-0.8897884008194259,False,True,False,False,False,True,False,True,False,False,1
0.9560569530563103,-0.3093185582816513,0.8213072503048475,-0.8941387712151451,-0.5961876332636004,0.35269353612164117,-1.3116343542563607,-0.21200750033601856,-1.0330457214142557,0.03825762756899517,-1.0972014177893845,-1.4594244872691784,-0.23613571642646022,False,False,True,False,False,True,False,True,False,False,1
-0.7457514988352855,-1.3568036684467786,0.8023985778770116,-0.8252432243403202,-1.673102633950765,0.008168267364981633,1.0773186471990415,1.2393793776104511,0.9680113660709854,0.766798323774792,0.14853770425256443,-1.3417124179034852,-0.8644518095596959,False,True,False,False,False,True,False,False,True,False,2
-0.5185223339134595,-1.3524253412980753,-0.4521707387763605,1.179576402447288,-0.02448648175884692,-1.1876160770234585,0.060141402954450134,-0.3886433407241827,-1.0330457214142557,-0.48858733287720024,0.3221022171870216,-1.4520106740358707,0.4915038615657223,False,False,True,False,True,False,False,True,False,False,2
0.8658359899724574,1.528936098037177,-0.09136345405102522,0.342459560377445,-1.2370956538043998,-0.07274266067912412,-1.1784521547276912,0.5129936770286803,-1.0330457214142557,0.5363030348734313,-0.36867241815125135,1.431935913829061,1.2171987262396926,True,False,False,False,False,False,True,False,False,True,1
0.2229311391305491,-0.7997912861005977,-1.6805719531838195,-0.6615037653966919,0.8447630655492908,-0.170858493546084,0.029655019078796013,0.5685260201730422,-1.0330457214142557,1.4664650514342226,-1.2073475457210299,1.0072948844817675,-1.0240645796032546,False,False,True,False,True,False,False,True,False,False,2
-1.6619150897326203,0.6047279580957102,0.9131841998648025,-0.6074645487817545,0.45177582914020026,-0.20358402172555895,1.578914242406151,0.4146365592263876,-1.0330457214142557,1.2952436364946158,0.10865511276405487,-1.3607681145879402,-0.8181643517541909,True,False,False,False,True,False,False,False,True,False,2
0.14461033795689845,-0.3588554355624004,1.6102926877760426,1.4999029433305993,-1.1968138939535982,0.8886454878992603,1.658987052035754,-0.8004785151766731,-1.0330457214142557,0.7688597356283543,-1.1075068686285838,1.302705531539206,0.9595992258256112,True,False,False,False,False,False,True,False,False,True,2
0.058273280227453504,-1.3091769433245712,-1.365646005401953,-1.3725783389481854,-0.03342220848546908,-1.2538276273624602,-0.8492252210118548,-0.7408075922276545,0.9680113660709854,0.2884514635339552,-1.687022775686642,0.06079625876383528,1.156331268589792,False,True,False,False,False,False,True,False,True,False,2
1.557069903741561,1.4061195933929929,-0.6693099667023502,0.7221871719716799,1.5884438123739701,-0.9877302238691094,-1.2849230821513193,0.9186740384084614,-1.0330457214142557,-1.7024433030183357,-0.5453142879730051,0.9210120652778304,-0.034219416424239466,False,False,False,True,False,False,True,False,False,True,2
1.2766129866900107,-0.9942894711451906,-0.9485160497051114,1.3913020434177203,1.0691485180053935,-1.2149383154529259,-0.6039680524943382,-0.6701497709693285,0.9680113660709854,1.258790548461484,1.6641523983187752,1.58026236822959,0.4269708048839011,True,False,False,False,False,True,False,False,False,True,2
0.5102285543031223,-0.6559029731328839,1.258934648321911,-1.0801509408549788,0.2703208105691469,0.830162141837379,-0.1923800130010644,1.2650627744699916,-1.0330457214142557,-1.1915802697240825,1.207802862573196,-1.1737453389201797,1.185294797228844,False,False,True,False,False,True,False,False,True,False,2
0.3609598311379198,-1.5351061289980719,0.06091404165607878,0.7878836752763032,-0.7947270114547316,-0.01573731546939982,-0.28438829288412937,-0.4161892265284886,0.9680113660709854,0.8930573783535318,0.8709514166620509,0.3333373507665047,1.2193420293949009,False,False,False,True,True,False,False,True,False,False,2
-1.5966874014464871,0.8018008648688243,0.9682483000652202,-1.5571145811617697,-1.234850749993085,0.014226802588436387,0.12304545635050439,1.6301020323546975,0.9680113660709854,1.0140863081140261,-0.5822507458471065,0.6429484288327744,-0.708483981464086,True,False,False,False,True,False,False,True,False,False,2
-1.3159214340745489,1.4783039232040827,0.7354735772290293,-1.3767134384044837,0.651543610769724,1.3410990579009625,1.5936334373453647,-0.9034947774230763,0.9680113660709854,-0.11990726247794559,-1.6395854005540913,0.6844449404715226,1.118195803234015,False,False,False,True,False,False,True,True,False,False,2
-0.7985222436735248,-1.5229109953730162,-0.37049490947235325,-1.28414608271542,0.860259913119538,0.11881678383465631,-0.26415364336042246,0.7357398077617145,-1.0330457214142557,0.05811490360418237,1.647316466686933,-1.043626028553203,0.5178469072209654,False,True,False,False,False,False,True,True,False,False,2
1.1941020487659304,-0.05760831655192999,1.0514825538490238,-1.1202950893226176,0.38849131485288785,-1.18008766556634,-0.3665791518230928,1.5094495085232984,0.9680113660709854,-0.5609568907541018,1.219967147608963,1.018448486094165,-0.36445292640049143,False,True,False,False,False,False,True,False,True,False,2
-1.5579463297199254,-0.3229623621795037,1.723863288646862,-0.8477301305759302,-1.3951723372461495,-0.9574293378201384,0.1418737796581825,-1.0132041742289422,-1.0330457214142557,-0.2736617667170674,-0.03072929973110919,-0.61225043758094,-1.4199736124096358,False,False,True,False,False,True,False,False,False,True,1
-1.6339063679436412,-0.7921969784740599,-1.4779935118847556,-0.24677979846909295,0.6135042878163046,-1.0695238886644347,-0.35236215386391934,-0.591317311148986,-1.0330457214142557,0.010419697193849648,-0.11287712200746837,0.7514811979508623,1.5862577401830498,True,False,False,False,False,True,False,False,False,True,1
-1.2044218548195276,1.596489462505158,0.7159404981310432,-1.4499072091851426,1.7342204551890974,-0.6806430085356772,-1.2933810113808029,-1.6537774121107536,-1.0330457214142557,-0.5236048531972164,-0.988088463269671,0.296261668318654,-0.2542557497919642,False,True,False,False,False,False,True,True,False,False,0
0.4588337751558275,1.7189948002148205,0.7918307720114733,-1.6807282409604394,-1.2842242003207505,1.2603131820293958,-0.45060385895295474,-0.3422982103780912,0.9680113660709854,-0.48365293436256174,-1.045484586018439,1.0803901826025024,1.655678417091774,False,False,True,False,False,True,False,True,False,False,2
1.4058804435649432,-1.2354354259047409,0.02955222612859558,0.3927207717279679,1.2448223016995947,-1.0719370819022305,-1.0794983055310412,0.03091907589279988,0.9680113660709854,-0.35928801869775406,-1.3198238334330266,0.4315365632752049,-0.06388419983319028,False,False,True,False,True,False,False,False,False,True,2
-1.3344234444779899,1.7044596150250346,0.3713921099628286,0.21430875524747287,0.1573843387591333,0.9532038039221878,0.8785857391493166,0.5204885201483219,0.9680113660709854,-0.08031176447809309,-0.6310790318092656,-0.7529400834150919,-0.24203893245865235,False,False,True,False,False,False,True,False,True,False,2
0.02728908138424663,0.7180739254099777,-0.14745395675787018,1.7740739378616377,0.9687644070948731,0.502964694416532,-0.06159921631429911,-1.741045527855782,0.9680113660709854,1.410350284718896,-0.5566842644647383,0.9659739487779835,0.8526614823985207,False,True,False,False,False,False,True,True,False,False,2
-1.2992136471143194,-1.4669963140841498,-0.45835395122582373,-1.0994066489173324,-1.6586140539408925,1.5656655447473422,0.6038293576301752,-0.8804844178323176,-1.0330457214142557,-0.9263876794134844,1.495680680397961,1.0564046529325317,1.2015395595778893,False,False,False,True,False,True,False,False,True,False,2
1.4552919193212344,0.8117602104882348,-0.13356571734185743,-1.2317178183334057,-1.3673354759048537,-0.3891740568842923,-0.4307790762080025,-0.7804810346747063,-1.0330457214142557,-0.5501384526064008,-1.522411626835783,1.501180700934133,0.3104678604484826,False,False,True,False,False,True,False,False,False,True,0
-0.13063577267147355,0.3461498335215518,0.5604691331990667,1.1091460153772357,-1.1223112006787384,0.7743968237866631,-1.655426235312949,-0.31211790386329347,-1.0330457214142557,-1.5319190578895856,-1.359349042728688,-0.2806225370502668,0.3794463799873205,True,False,False,False,True,False,False,False,True,False,2
-0.1478937187893593,-0.9319827499012863,0.5741321450678345,-0.01189825752819908,1.154430126507417,-1.6656823859508736,-0.7387238369148743,0.28145950271720166,0.9680113660709854,1.699621081532454,1.228774191894249,-0.6295198756744088,-1.0551239025419552,True,False,False,False,True,False,False,True,False,False,2
1.0233763785781436,0.15848049957658636,-1.5149867687256677,1.1875640298777692,-0.10900027093900694,-1.4763347428670468,0.7149059277610754,0.06748369343802836,-1.0330457214142557,-0.5476193686308284,-0.7256094940442052,-1.263923406028822,0.08843260527238217,False,False,False,True,False,False,True,False,True,False,2
1.0838102443980695,0.1926714913259194,1.183827382653624,1.0657362107166959,-0.8446314618305243,-0.2466541758229357,0.39649196230861183,-1.1697652446485483,0.9680113660709854,0.46269483329576344,1.6285649323015041,1.3355812349224088,-0.7083321193883008,False,True,False,False,False,True,False,True,False,False,2
-0.9244367755572125,-1.631638008056514,0.1677524829647886,-1.5823078811619857,-1.4224175278895346,-1.4987126181646648,-1.502571820109823,-1.1303728659963923,-1.0330457214142557,0.6583759575268264,1.079729578686353,1.4944110363015193,0.3325871650372212,True,False,False,False,True,False,False,True,False,False,2
1.7481421124994188,0.3755666688783514,1.1345798355958563,1.0739692315239189,-0.8855462168828259,-1.0607438887191956,0.460129650924673,0.8377702417281304,0.9680113660709854,-0.2652963714502338,1.5340381292392409,1.0823625118616633,-0.21730123555051228,True,False,False,False,False,False,True,False,True,False,2
1.3671891815018444,1.0482186095175812,-0.7936866465506138,-0.6824791377675652,0.9785201074138433,-1.6554826997814835,1.699304215570326,-0.7183779528541927,-1.0330457214142557,-0.2706638591775286,-0.3810607603885659,0.5586317950876739,0.3910626485533595,False,True,False,False,False,False,True,False,False,True,1
0.9192412575967696,1.6510090497500642,0.18335572456722873,1.2536914477700392,0.05658445625028291,0.38915230180821264,-0.5942733198952641,0.44894088119758285,-1.0330457214142557,1.282169643961704,-0.9838046943401049,1.581930651482844,-0.7946176994076078,False,False,True,False,True,False,False,False,True,False,2
-0.17809318948900313,0.3833616211037561,1.4090197818605934,-0.26231563433759447,-0.5546770531925387,0.5053768014639844,0.7904613463195534,-1.6127044589934674,0.9680113660709854,-1.5757698191773912,1.2256518390385225,-0.33286855299371504,-0.6417504299789132,True,False,False,False,True,False,False,False,True,False,2
0.5463662146576835,1.6081179943689914,1.5810175703451883,-0.5156306453044033,1.3731929634078879,-0.9798871918381226,-0.9872460291095283,-0.325975828244357,0.9680113660709854,-0.34550603343919617,0.8704556378154097,0.3488446007832773,-0.4177075304656795,False,True,False,False,False,True,False,False,False,True,2
1.2990688512725805,0.19241188597610825,0.6126730659360774,1.1933474424507748,1.6727578832952819,-0.7507225536305824,1.0937911538920118,0.48572952909888273,-1.0330457214142557,0.5766332493036456,-1.565891890153965,-1.6048872159891232,1.5151343765746297,True,False,False,False,False,False,True,False,True,False,2
0.2725646415081277,-0.6186308677877791,1.5822385271725115,-0.6595603241169292,-0.46961565341623457,0.8383276671523129,0.001246580056356791,-1.0510590547953185,0.9680113660709854,1.1020664788399952,1.0563056500573789,-1.3342000413642932,0.5798452024089269,False,False,True,False,True,False,False,False,False,True,2
0.6115804697759133,1.1139178175282805,-0.4192533547010811,-0.8787381597514943,0.9456022491767352,1.4424966250798272,-0.1085023377362714,1.7152218710893858,-1.0330457214142557,0.281164240294402,-0.3452078788838356,0.16483964277043395,-1.3726102472804238,False,False,False,True,False,True,False,False,True,False,1
-1.0237191066214355,-1.4505029155668057,-0.7471183051703277,-0.4083019483283692,0.7560462321615589,-1.036543677108797,0.18495274591825728,1.338672633797075,0.9680113660709854,-0.9585768059866577,-1.4524847356205057,-0.9504998786465882,-1.5662084991166403,False,False,True,False,False,True,False,False,False,True,2
0.1428808829333134,1.0198410814656096,-1.1527865521400185,-0.48119061518770734,-1.6800520187253873,-0.9385479864742474,0.868461286608575,1.5474109898346886,0.9680113660709854,0.5867627470802997,-0.29076654102823707,1.7155119469236082,0.255661676209095,True,False,False,False,False,False,True,False,False,True,2
-0.7543848633224397,-1.005525643507767,1.5425516773086605,-1.0705946185145698,1.0756577992376153,1.4796168464036745,-1.2016085873089888,0.7964073890757152,-1.0330457214142557,-0.7458745468269742,-0.12341913431454034,1.4540948866717909,-1.0856816352458423,False,True,False,False,False,False,True,True,False,False,1
0.8848997353796766,0.7943144499848557,-0.6465879051454861,-1.0937467676409496,1.717531938364828,-1.286919729817012,-0.5303958848177478,0.6057482330757077,0.9680113660709854,-0.13411909190294932,-0.12159194613930371,0.23345241377720738,0.06772389203522627,True,False,False,False,False,True,False,False,False,True,2
1.053685232461681,-0.15020922991038632,1.3658239357614672,-1.343119222682339,-0.7859533949530434,-0.0641548591759621,1.7017551100791029,0.6633408843341655,0.9680113660709854,-0.6854031430056928,1.589118932327615,-1.6658494856191173,-0.7678815049884814,True,False,False,False,True,False,False,True,False,False,2
1.5010886139571673,0.6733664430753177,-0.22932905989016739,-1.0954023889215994,1.4660777460936578,-1.101939684148182,0.3034898842972679,-0.8367570647866973,-1.0330457214142557,-0.05247360177260605,1.6909721611136552,0.4060884246391829,0.797317218472771,False,False,True,False,False,False,True,True,False,False,2
-0.945958148557653,0.054484266778944766,0.8094623835284098,0.7648867328857714,-0.2079105592923272,-0.7473533252062388,-1.6705872147453922,1.152026369345746,-1.0330457214142557,-1.7615400076459902,0.26762214519603555,1.6669439733194606,-1.4053856724953717,False,True,False,False,False,False,True,False,True,False,2
0.607976442181409,1.2791961185270146,1.0458592874715036,-0.01999608625460234,0.20228783165264677,0.291377047757106,0.6517054483998757,-1.711111833692564,-1.0330457214142557,0.6923190757707094,-1.660898443258084,-0.8810100902666022,-0.8630349553911153,False,False,True,False,True,False,False,True,False,False,1
-1.1539181642952476,1.6033793114240964,0.9462080859228136,1.5432643465587506,1.686128268023409,-0.7607187617274077,0.5392458954098542,-1.482548277093868,-1.0330457214142557,-0.6435102365145862,1.2051434795519278,-1.1417736191161088,0.8347663338902109,True,False,False,False,True,False,False,False,True,False,2
-0.6729515885700188,1.3356709049977786,0.835231000061185,0.8307422349511032,0.2993349352319263,-1.7033779027858986,-1.0097259851374027,-0.07994524531303861,0.9680113660709854,-0.5128759290647251,0.7135014761863256,-0.9374564994507177,-0.5419742941221449,True,False,False,False,True,False,False,True,False,False,2
-0.88187401493733,0.05903344641873925,0.3791903853455265,0.6502513625336688,0.4723101642568066,-0.6012246396575401,0.020735310824773628,1.3534673654545561,0.9680113660709854,0.6481175087088484,-1.322213355660869,-1.3924078325794849,1.414071969200713,False,False,False,True,True,False,False,True,False,False,2
-0.28067398384704356,1.1773388955354909,-0.2797189690503301,1.174877755288457,-0.6751660790772653,-0.4111820624208462,1.6086797337756988,-1.7825180806237049,0.9680113660709854,-1.542293803285624,0.7784806832937703,-1.0899934092038175,1.6333050923317762,False,True,False,False,True,False,False,False,True,False,2
-1.650294641504804,-1.5897511438911511,1.3216122415456724,-1.4991967416138423,-0.8317787012499336,-1.694767358823199,-0.49265169324951164,-0.5551546902149863,0.9680113660709854,1.1110091757818619,1.2670444840145207,-1.4924381963156863,1.6020872807215274,False,True,False,False,False,True,False,False,True,False,2
1.2968975830159333,-1.4695692501044264,0.4565886353642348,1.1511730827563162,-0.834571165546588,0.7617257082485023,0.18379402583633778,1.5979982736224083,-1.0330457214142557,1.521375005897789,-1.6533298358387643,-1.067540123021369,1.284299963471957,True,False,False,False,False,False,True,False,True,False,2
0.471052138425647,-1.7064411815977112,-0.8313809288815669,-0.6110835007726709,-0.019603213362350918,-1.616255218849801,-0.016367688932114297,-0.8761335272887311,-1.0330457214142557,1.1954495760349826,-1.686396727097749,0.7858176817711929,-0.925426577301653,False,True,False,False,False,True,False,False,False,True,2
-0.5674766241104555,0.27764608462301243,1.3099453884212366,0.2376626127229973,-0.6838693778777603,-0.7691405206838007,0.31319892314534253,1.1117475481726766,0.9680113660709854,1.514668588665179,0.6093892124226693,-1.0458766888597955,0.21776908460195815,True,False,False,False,False,True,False,True,False,False,2
0.8826672537426743,0.9288463450330735,-1.0529263678275878,0.9304969574160693,-0.07010430673101509,1.0627300704383946,-0.5335720771460882,1.2909735744680755,-1.0330457214142557,-1.424166843338919,1.225908252481925,0.643653706736603,-1.0533695094554305,False,True,False,False,False,False,True,False,True,False,2
1.215457372076499,1.6666594846656457,0.4888947689470473,-1.159164600020558,0.5302702192862576,-0.35416521530529094,0.24565224991750012,0.1546210163411425,-1.0330457214142557,-0.1361194662663191,0.31763087375328813,0.2652578745986144,0.038933089259668006,False,False,True,False,False,False,True,False,True,False,1
-1.241399975424752,-0.34144361468585616,0.6302578916771577,0.9492770004097212,0.17594717128096518,-1.040006058258946,-0.944888179737597,1.4822135740637987,-1.0330457214142557,-0.8131104783829145,-0.16182180956902828,0.11712378145249272,0.5348472068731408,True,False,False,False,True,False,False,True,False,False,2
0.1755650593530259,-0.07465823722183222,1.6753363167523245,0.5911936805698456,-1.3760900088487868,1.4215951194454706,0.6844249266073863,0.7055176678447198,0.9680113660709854,0.9384429426381963,-0.2113232999034138,0.3029250698588989,-1.4185319932579838,False,True,False,False,True,False,False,False,False,True,2
0.07619594116897227,0.07275926565332053,1.1737642700820379,1.528148260743027,-0.6149900585761596,1.6485258791155994,-0.8721766931058283,0.13063168033834577,-1.0330457214142557,-0.3358818342458972,-0.07580255628635069,1.08605718667736,-1.5693279122073327,False,True,False,False,True,False,False,False,True,False,2
1.16167668430175,-0.5448414996635262,1.7144065189182291,1.2265799422161343,1.4240199411884973,1.195671385762904,0.8495685551065449,0.20257443466921984,0.9680113660709854,-0.4439269909287264,-0.9093346094567429,1.2295500975407028,-1.6113932538188993,False,True,False,False,True,False,False,False,False,True,2
-1.147773590740583,0.13856478567662078,-0.08301463929371922,-0.24477755293831674,-1.2002070842722292,0.3738232752761347,-0.4317641906590372,1.130259162774294,0.9680113660709854,-0.9375481359048816,0.520969813732105,-0.22568659701462332,0.9928634160727234,False,True,False,False,True,False,False,False,False,True,2
-0.3203267444913971,-1.0385047788067747,0.5335562392674454,-0.21251408609757416,-0.5366251738564279,-0.31804623882028615,-1.525658888764854,0.6749786554158985,0.9680113660709854,0.09830570911870357,1.687401899146271,1.0321443533689205,-0.8573348761212544,False,True,False,False,False,True,False,True,False,False,2
0.11181935463779236,-0.26569450814237894,1.5817395025551633,0.04162754278668448,0.048482315498670304,-1.6649175575391102,-1.623382091275867,0.2612845676932874,-1.0330457214142557,1.2486190175496577,1.511769360055187,0.6331454575053049,0.17695172901128656,False,True,False,False,False,True,False,True,False,False,2
-0.45060770094034075,-0.19491706445052948,-1.4244565788263353,-1.1973946173494094,0.6404152992189941,-0.8409537933440787,-0.7925320332260274,-0.3754223784513796,0.9680113660709854,-1.0660040557380166,1.4988849283565617,-1.4307072396397655,-0.03803412258230121,True,False,False,False,False,False,True,True,False,False,2
-1.1745828486449608,-0.15279232627686187,-1.5954323531278138,0.8317351115298875,-1.6913488334236872,-1.008346373666487,-1.4490641950307157,-1.7170364443128467,-1.0330457214142557,1.286478896889861,1.352658629832045,0.6799227772381313,-0.7729362517801733,False,False,False,True,True,False,False,False,True,False,2
-0.2964444337291271,0.7647059115070004,0.689117140986023,-0.4665113906969143,1.0839566374399463,1.4865730905920458,0.8804880857711848,-1.0272543494352442,-1.0330457214142557,-0.5896415297561975,-0.7059464919545131,-0.3027990831318024,1.2142343865995375,False,False,False,True,False,False,True,True,False,False,1
0.7010199459258101,-1.195565456392557,1.036151779684733,-0.9685099242613103,-0.16977178784372962,1.4499950063784126,-1.016358382585339,-1.2855550828388564,-1.0330457214142557,-1.4812853333803462,-1.3096769707898817,1.1262563324215384,-1.2619332224359623,True,False,False,False,False,True,False,False,True,False,0
-0.4802883259196193,1.1143833351695618,-0.3370303953723888,-0.10825028405845019,-0.15259845396295507,0.9445608070986132,0.5768518922102427,-0.4462120363226704,-1.0330457214142557,1.0679539712258903,-0.9256254208016707,0.1145429371721345,0.45244353693419953,False,False,False,True,False,True,False,True,False,False,2
0.5745117794826575,0.23302280713713275,0.34217399006342136,-1.2325603986915254,-0.13413455438796035,1.064990558464318,-0.9109906454832376,1.777639952568821,-1.0330457214142557,0.3307930257130002,0.34420017136732844,0.6706968934408758,-0.0390935107012596,False,False,False,True,True,False,False,True,False,False,1
-0.4882942775757859,-0.17630343384217995,1.4829797445613309,1.2962813329123628,1.7439638956278414,-0.11285620037467346,1.436146327508292,-0.6390990698672009,-1.0330457214142557,1.23686350551253,0.6403855669035803,-0.013730378267893247,-0.2339428146706869,False,False,True,False,True,False,False,False,False,True,2
0.875218077602106,-0.4952149642841727,-1.549039532614725,-1.1091037030908102,-1.4018332886343348,-0.4730443445663002,-1.6175784733607628,0.8514557752191821,0.9680113660709854,-0.5255963272295161,0.6327155204547419,-1.2131314593288638,1.158769152960299,False,False,False,True,False,True,False,False,False,True,2
-0.3803728686419664,-1.2304392599639997,-0.679109569266629,-0.5716608989520217,-0.43441448783060677,-0.681910889070459,1.4717836842540801,-0.8296971027351449,0.9680113660709854,1.3272933470956096,0.24454910342003697,1.4055561833461385,-0.9485610094075055,False,False,True,False,True,False,False,False,False,True,2
-0.980136872205758,0.8027397014370504,1.2985254717538823,1.16503131531257,-1.5271919589581482,1.0348601683786873,-1.1716326541610507,0.3031383544451284,-1.0330457214142557,-1.384254155755041,0.33584569462436903,-0.5619549979354912,1.0003955715853932,False,True,False,False,False,True,False,True,False,False,2
1.1224044225536458,1.5858325243311395,1.634603037507587,0.08537869720563371,1.0609583579683426,1.5627811162784464,1.3770708300209316,-1.4498755584023078,0.9680113660709854,0.592715534228821,-1.2882849147428135,0.2266121161150006,-0.12182622068249248,False,False,True,False,True,False,False,False,False,True,2
1.7470986762452176,0.4115074841054285,-1.1099001868688028,0.6466764622682484,1.721916877244059,1.3927130817957953,1.025621010489573,-0.3548276898633646,0.9680113660709854,1.0775421237924199,0.5826616248002416,-0.2456158182213947,1.004959683927568,False,False,False,True,False,True,False,False,True,False,2
-1.2141461073829856,-1.5086260526546424,-0.6588977438705268,-0.33038613653216037,0.11122611674016794,0.10020500292190461,-0.7680008429389182,-0.5310191257324212,0.9680113660709854,0.8693876628112959,1.4975408647863482,0.33611634235860355,-1.6606150698679665,False,True,False,False,True,False,False,False,True,False,2
0.4717124195034271,0.10626889307299173,-0.8766123093645181,-0.400040479866327,0.9860319181514522,-0.33059034699011364,1.3130314781581638,0.34103261404853275,0.9680113660709854,-0.6553459896284348,-1.3592062386653219,-0.11839536399966862,-0.5207838411156475,False,True,False,False,True,False,False,False,True,False,2
-0.5389518837212708,0.39185200402865794,0.4634086048339454,1.0997845483109778,-0.28278637868852424,1.2865684588724797,-0.31951356200476844,0.5820358522440352,0.9680113660709854,-0.23248490847067713,0.3857984359776804,0.7760294064270523,0.8491362097499902,False,True,False,False,False,False,True,False,False,True,2
-0.8490397824243548,1.7032482223024976,1.1600173145229562,-0.3003374850783496,0.5476488949860818,-1.3432121813502176,-0.38735613510365946,-0.07852821824588618,0.9680113660709854,1.6584069917527504,-0.525379028342337,0.7750778891795247,-0.003987397051611572,True,False,False,False,True,False,False,True,False,False,2
-1.317909046304698,0.421062788593406,0.4688602454825142,1.7635291400518844,0.8473925688026946,-0.5467299525993401,1.742849982181338,0.140370525643361,-1.0330457214142557,-0.8027817444474205,0.8177065539178696,0.15603637870751141,-1.059645781069232,False,False,True,False,True,False,False,False,False,True,2
-1.408807295658117,0.017359666817643497,0.7689851860625371,-0.73912412445476,1.129909973672967,0.054319329750544605,-1.6618592901009899,-0.40014221145254447,0.9680113660709854,-1.7287080725136261,-0.5866617342235363,-1.3210706542325061,0.5852594303880417,False,False,False,True,False,False,True,False,False,True,2
-0.3317211270750097,1.7103427570602068,-0.7781893482443188,-0.3019763892478417,-0.21582495798334667,-0.5705525120239744,1.6501353561714505,1.0573719120291076,0.9680113660709854,-1.3048545356401406,-0.5793048456092683,0.7429854363935954,-1.039780939754586,True,False,False,False,True,False,False,True,False,False,2
1.3871145209851223,0.4077795029681704,1.094159161815551,1.0218079226192416,0.5267212510296368,0.402061908368882,0.7751292161487229,-1.715157618501741,-1.0330457214142557,0.9348961314698919,0.4188281149484933,-0.8856179695003797,1.3821205680086992,False,False,True,False,False,True,False,True,False,False,2
0.4330914882928586,-1.348615706235188,0.453226295706966,1.6688974714187477,0.2936967533179868,0.7766866760051657,1.414849844986175,0.12786526324539335,-1.0330457214142557,1.064750281745045,0.4982583795350054,1.632673008049286,-0.09089245445027598,False,False,True,False,True,False,False,True,False,False,2
0.17930775859952955,1.3898472174989962,1.187069941180666,-0.5661526127052751,0.8654064660492437,0.3299326057350973,1.4986631257077418,1.3373962970106847,0.9680113660709854,0.6679586567400363,1.008614479371451,-1.5708380287372212,-0.30311133795818945,False,True,False,False,False,False,True,False,False,True,2
-1.1322265350356644,1.4901977527556096,0.5231451689021385,-1.1439891145089789,-1.6458403208415315,0.1351151709148325,-0.981106811982026,0.5381064970525619,0.9680113660709854,0.6485734720813082,-0.37741192395842127,1.2219881385899583,-1.6644726292769392,False,False,False,True,False,True,False,True,False,False,2
-1.487861206985192,-1.6527878532395248,-0.4838001857392266,0.5296707746017764,-1.393921896905781,-0.25550966884478493,-0.967757094945508,-1.0511337474863416,-1.0330457214142557,1.520402292218282,-1.4198934224948494,0.7562550263061034,-1.6621953058881573,False,False,True,False,True,False,False,True,False,False,2
1.5157672929816681,-0.6907774686026502,-0.8657788704378061,-0.6063479750922226,-1.6151181723242694,1.228908211308087,0.24968108412916049,-0.2525691201105391,0.9680113660709854,0.6625777140216313,-0.6553814698906212,1.2712994690467267,-0.0089438328555167,False,True,False,False,False,True,False,False,True,False,2
-0.19965422993165463,-1.4126495483839248,-1.441159682339083,1.4205772941937775,0.6136675116033258,1.015257300121993,-1.2481008405564857,0.4864022552248808,-1.0330457214142557,0.3457806731613731,-0.8900740832038655,0.14865454109819629,-0.7156794791379801,False,True,False,False,False,True,False,True,False,False,2
-0.48619056820862505,-1.5461940296558747,-1.7253902758854558,1.7412058008023674,0.7892107644679102,-0.3987806879105535,0.13831777333166365,1.7841909885917704,-1.0330457214142557,1.3423821915416363,0.1880093466004238,0.41637474287602466,0.15936584346199215,False,False,False,True,False,True,False,True,False,False,2
1.081986913147185,-0.9902774500343303,1.7194915880838322,-1.20703062451361,-1.44301528072688,1.5096351931194116,0.957019710150243,-0.12865057572632876,0.9680113660709854,-0.3818356320276577,-1.4504512791012585,1.6598047700910552,1.6419324329379401,False,False,False,True,False,False,True,False,False,True,2
-0.006350413032970555,0.8265205195365964,0.6106301126576127,-1.32708165119298,1.6924107245438273,1.0080580788318476,-0.10140262837255244,0.11143666172234863,0.9680113660709854,-0.39436297190476927,-1.1065988389857317,-0.2696230524660591,1.5709242372918086,True,False,False,False,False,True,False,False,False,True,2
0.9577923704999067,0.3613637806608095,-0.02586178660711761,-1.4727603155118765,1.317065281075577,1.162411441626979,-1.3927349796553408,0.8107790583814337,0.9680113660709854,0.8047818947934239,0.5982623612653194,-1.0427965345037187,-1.1368389428288468,False,False,False,True,True,False,False,False,False,True,2
-1.1789417324909055,-1.6663548354087117,1.6550140482098472,-1.0240252707589195,0.7847165344979149,-0.12995613015313057,-1.1972245817740437,-0.8079107590596748,-1.0330457214142557,1.322227080726119,-1.6624923029340302,0.6429039521806174,-1.476135539180222,False,True,False,False,False,False,True,True,False,False,2
0.847966554036861,1.0312018412416597,-0.24772073524265356,1.2222085904489628,-1.3291532871344285,0.9651624857077676,0.5684007863241174,1.657720491901927,-1.0330457214142557,-0.12266215030565737,-0.22157769197581192,0.9190859419887522,0.48841866926142374,False,True,False,False,False,False,True,False,False,True,2
-0.13714251796531005,-1.1171518963266145,0.8751045255401916,0.641591417134183,1.2449754930091543,1.4314552182953624,1.0877155802542573,-1.6789664392324066,0.9680113660709854,-1.4169253864536342,-0.7690643854596936,-0.8188966367919404,1.241194784190598,True,False,False,False,False,False,True,False,True,False,2
0.6220765887554761,-0.8556904047501402,0.39162691230120494,-0.5110163727135117,-1.6747623475452518,-0.7763515956791254,-0.9084545958553758,-1.5519810248741652,-1.0330457214142557,-0.4679065045310114,1.433752655990435,0.9518512041567427,1.6790507481715653,False,True,False,False,True,False,False,True,False,False,2
1.5681377303706516,0.055630201346704544,1.7097787194661562,1.7080184673129328,1.4331572544323667,0.4028690148479579,-1.5653777867119425,0.7794897528297331,-1.0330457214142557,1.4096550305627487,1.038006870811494,-0.3574866737491931,-0.030319790068845047,False,True,False,False,True,False,False,False,False,True,2
1.5782787098630409,-1.55005402848371,-0.727162035854818,0.14049651390623974,0.6185578891317406,-0.6784091721306491,-1.6305403039824178,0.7514391090880547,0.9680113660709854,-1.3779351627552523,-1.0407341546089683,-0.6655751360448022,-0.635660338791412,True,False,False,False,True,False,False,True,False,False,2
-1.6388848614426341,-0.45334386259101644,-0.37304333209593793,0.14617196501926352,-1.0557094816973844,-0.793232563134601,1.1049052908610144,-1.1777099651724139,-1.0330457214142557,-0.44887941048848085,1.3236529684556302,-0.689833133095634,0.3044173774234014,False,False,False,True,False,False,True,True,False,False,2
0.7103705994442904,1.6043514599537039,-0.7419861835871473,-0.27218455959232846,-0.8625141790407053,-0.5074669132812554,1.071817184608618,-0.39996199754855105,0.9680113660709854,-0.011993489226606226,0.11220009806035734,-0.6560440912083254,-0.3546630045252248,False,True,False,False,True,False,False,False,False,True,2
-0.8379518994289639,-0.22822016072960583,0.754172803208516,-0.5290729634110863,-0.02381510883603475,-0.7780432377697887,0.7963384859626569,1.2459097827958072,0.9680113660709854,-1.5577893586042437,-0.43062443098592074,0.6888575815315894,1.5726624047525446,True,False,False,False,False,True,False,False,False,True,2
1.1237455192274268,-0.7888504804748669,-1.1986435659824022,-1.1412819504638478,-0.08574335265396826,0.7994017777309703,-0.17295816990425988,0.056323014195664586,0.9680113660709854,-1.6437497285453557,-0.8283755883240022,-0.5769877556613185,0.9451230003119153,False,True,False,False,False,True,False,False,False,True,2
-0.8734883087244759,-0.44504015504139255,-0.6131187349453049,-1.058426777843129,-0.1135957951420693,-1.56443361055839,-0.7967195228918938,-0.5444513025461512,-1.0330457214142557,1.3759107410659863,-1.467473269719185,0.03730964594124111,1.0567744644705734,False,False,False,True,True,False,False,True,False,False,2
0.6830604684572439,0.04924233679221407,0.143210314534329,1.4556521929118253,0.15488360319570807,0.44259417565526066,-0.842314248034712,-0.017096528384607283,-1.0330457214142557,0.0781038294635945,-0.6901952969274756,1.412094290239973,-0.8491024186379326,False,True,False,False,True,False,False,False,False,True,2
0.49059523354931955,1.6892416776532095,0.2957108933281961,-0.2878350631701422,1.5937061604582998,-0.6199085295429887,-0.8143556285628781,-1.514047166431979,0.9680113660709854,-0.026230167807950153,-0.6027448851620584,0.14250589486466247,-1.5368832875975629,False,False,False,True,False,True,False,False,True,False,2
0.4648155805791095,-1.3491869240619778,-0.3345141128977143,0.45164891158633014,-0.11754854463682592,1.5617319840320583,0.1612566217717,-1.2007919231331234,0.9680113660709854,-1.3201222455379893,-0.4872663451643265,0.44499270579482003,1.2684262006923273,False,False,True,False,False,False,True,False,True,False,2
-1.3614811120219883,0.1367118561015706,0.09451291372886557,1.1864286005959264,-0.14741035186692486,0.873472040370748,1.3175707744793845,-0.8185619469296382,-1.0330457214142557,1.5544153932672802,0.324953944562963,-0.7744823841100048,1.4039755493570147,True,False,False,False,False,True,False,False,True,False,2
1.6805641792169828,-0.38812514218511107,1.342701842731959,1.2128920795771627,-0.8531828743189707,1.389009415334514,1.2966777382824803,-1.2816736494045315,-1.0330457214142557,0.8271957712232464,-0.8369879748027549,-0.4537114955750661,-1.0949410339108676,False,True,False,False,False,True,False,False,True,False,2
0.09344009733400624,-0.785207430410755,-1.4683190641828743,0.36760679350217473,0.3098121893597232,-0.7558373716064798,0.6059988792982388,-0.3570003012072703,0.9680113660709854,1.6840194883993078,0.5410539790580936,-0.10856914325324608,1.3331384472025734,True,False,False,False,False,False,True,False,True,False,2
1.6662579849143708,1.118476489280986,0.9737616140555437,1.1135613048959756,-1.4088102271054015,-1.539425898226251,0.43145454618741186,-0.21648663711555685,-1.0330457214142557,0.6257418679617657,-1.3511414712612062,1.3318698139508927,0.6294347369549709,False,True,False,False,True,False,False,True,False,False,2
0.003781442120221864,-0.25057565081198274,-1.0168998306885808,-0.13152842925419883,-1.6843022275006552,0.15496272482365536,-0.34981094804341417,-1.4163739879540727,0.9680113660709854,1.4108523785234341,-0.2892099157474383,1.2534937196461893,-1.0840093697978515,False,False,False,True,True,False,False,False,True,False,2
1.0622334938449782,-1.1915161495628768,-1.4914588810466372,1.3796923127825016,-0.9796499159046136,1.5152525606998746,0.32676403875330085,0.6449080231123474,-1.0330457214142557,0.7635716939456499,1.3633891632107804,1.5034079856007723,-0.9264569346736999,True,False,False,False,False,False,True,False,True,False,2
-1.3045854877379646,-0.848527607109068,1.6067238070584335,1.7030905308073028,0.13130711522973584,-1.1264219674420455,-1.1251441119940604,-0.707061903632904,-1.0330457214142557,-1.5086558788564202,-0.9633939620942678,1.0542140720460713,-0.11624365628058689,False,True,False,False,False,False,True,True,False,False,2
-1.1674639765914927,1.4778052730397377,0.7688787058343887,-0.9696677218320422,-0.20808011161682782,1.4667100628486913,1.39594103807024,0.04739808068486178,-1.0330457214142557,0.646185270923642,0.7802009849499482,1.573626286688548,1.2249667141867846,False,False,False,True,False,False,True,False,False,True,1
-1.2237700444831057,0.3778191892946275,0.07687532409433631,-0.7510514203524952,-0.9746032768849706,0.018191174834405504,1.2625351891765129,1.498364181724,0.9680113660709854,-0.5098100013002701,1.4706912865962483,-1.5073209650832629,1.19016544811186,False,True,False,False,False,False,True,False,True,False,2
0.890738426069104,1.091178329003192,-0.8988282866372467,-1.2981614074457268,-0.011054335936771402,-1.5546526608368194,-0.4375821212336626,1.152628596088753,-1.0330457214142557,-1.303407046105405,-0.4922160588185635,-0.4997334180053573,1.2700024896369984,True,False,False,False,True,False,False,True,False,False,0
-1.541119964285025,0.8832837332294406,0.9057911440775203,0.3819730974232103,1.5643000263290217,1.4530944874315133,-0.3379251851239297,0.6728827347090361,0.9680113660709854,0.0667629164359918,0.9230537307724783,-0.8724373419080993,1.4820117086394908,True,False,False,False,False,False,True,False,True,False,2
-0.7051203470454352,1.0964085361336382,-0.6387061892645965,-0.140922924360973,-1.550177533442368,1.1753502403400822,-0.949977115305249,0.19727185911456768,-1.0330457214142557,-0.9323207141894805,0.2602285300007493,-1.4575993738322652,-1.3750848529579962,False,False,True,False,False,True,False,False,True,False,1
0.18536572751169952,1.5369979854731015,-0.7722270896153406,0.22235047158821114,1.6260825019326324,1.5306267105150948,-1.2455433743466502,1.5293223894920973,0.9680113660709854,-0.18286002094667445,-0.03097743824947364,1.6234385808369856,1.058037554311977,False,True,False,False,False,False,True,False,True,False,2
0.9287323536700467,0.6672808453799433,1.084983015916205,-0.5656436394257063,-0.28168603568381684,-0.561374418236411,-0.06091919661390308,-0.535969606772104,0.9680113660709854,1.1916558707430407,1.5626143431730344,-1.4230250891635272,-1.0519031451889354,False,False,True,False,False,True,False,False,True,False,2
-0.38980653892933526,-0.3072976728607125,-1.4686464683424612,0.30729387633716204,-0.33927255714246857,-0.049016173278117164,0.7409534275143707,-0.6557129845008259,0.9680113660709854,0.25751423142538576,0.608100624895115,0.5738565384154817,-0.9603275024041535,False,True,False,False,False,True,False,False,False,True,2
1.5594949051066835,-1.3244162976217249,1.154203670431379,-1.2518256671540378,0.04815271232837456,-1.4857245120385976,-1.686009161421637,-1.6221378341362247,0.9680113660709854,-0.07908580194569759,1.2318334011586274,-1.018167233708503,0.0037807059239296373,True,False,False,False,True,False,False,False,True,False,2
1.3401467430711471,-0.537658168979321,-1.5087520052690302,1.257835786034127,1.1490839134272923,-1.6020786991717595,-0.7277772357137265,0.6855097340160211,-1.0330457214142557,1.5337268928186478,-0.6097115839435707,1.4704663674300544,0.15091062573293698,False,False,False,True,False,False,True,False,True,False,2
-0.5170641160514012,-1.351529521696572,-0.2362516577448948,1.6965800348910967,-1.6791306259460779,-0.5876163134014697,1.2297654048884656,-1.3806384372935787,-1.0330457214142557,-0.03210034583066959,-0.7212648311874538,-0.9127821671572387,-1.2194580265436916,False,True,False,False,False,True,False,True,False,False,2
-0.25030404302770026,-0.13396915739503845,-1.0294151342817293,0.47231208002082187,0.020944275796618488,-1.1692667859914934,0.37151281950642795,-1.749604651649563,0.9680113660709854,-1.5599974112722683,-1.4719713163312511,0.0006746695332962149,0.32497856935215663,False,True,False,False,True,False,False,True,False,False,2
1.296893378013711,-0.16852846795289625,-1.590547190152997,0.22673351408748085,-0.22331399250842576,0.8729963125339978,-0.3470722264103695,0.8502232451205836,0.9680113660709854,1.423430632458081,-0.05073723105552725,1.3718606323109268,0.05948566520947182,False,False,True,False,True,False,False,False,False,True,2
-0.5341236370488478,-0.9091536378700319,-0.5364778889610071,0.7009407276934735,-0.5475943942920699,-0.0010080410806118994,-0.5440898489610558,0.024114106807832398,0.9680113660709854,-0.26718189529724884,-0.01605489186176955,-1.4754306872884615,-0.15108094667835517,True,False,False,False,False,True,False,False,True,False,2
1.289315517716054,-1.6851697747245038,0.03488386669063689,1.1389506497075663,-1.4597464290971067,-0.9913121914371311,-0.5348813090058532,-0.6056347809975147,-1.0330457214142557,-0.9746972312067417,-1.310174254091995,-1.2950070086915475,-0.6914696434928455,False,False,False,True,False,False,True,False,True,False,2
1.2935391139469075,1.1339950395219391,-0.1590519240497361,1.0097127281690923,-0.7761904891302851,-0.4517275277746973,1.135152237409411,-0.040326816028764735,-1.0330457214142557,-0.5488840463879805,-1.0329595311962412,-0.9997825450117522,-1.573621700026889,True,False,False,False,True,False,False,True,False,False,2
0.5630660181598769,1.2888878593739412,0.7551605842484349,0.6948692984874811,1.5034048996037894,-0.9528026370401892,0.2547899185311059,-0.4835403049426138,0.9680113660709854,-0.33169846694058214,0.8727667246035723,-0.24834226934047393,1.3099707721251608,False,True,False,False,False,True,False,True,False,False,2
-0.9701745930731019,0.18029212083810867,-1.2879376774778226,-0.20262183262547145,0.9722420918904279,-1.2217214633321465,-0.3794652067499059,-1.6987785558279038,-1.0330457214142557,1.624917906038527,-0.999213169532734,-1.2627900882792844,-1.051950360797075,False,True,False,False,False,True,False,True,False,False,2
-1.3424602517447974,0.7797358563894018,1.0737552972888824,0.48793236687715313,1.4820932089497252,0.07163092535319139,1.6116215431471068,0.3613645626883622,0.9680113660709854,-1.2100704667931506,-1.337430505905548,0.8868844216167009,0.8147793243829048,True,False,False,False,False,False,True,False,False,True,2
1.064535676455449,-1.7294638017810884,1.6172715151109103,-0.32433241463663964,1.5393481350783258,-0.5627598314650483,0.5519534145839963,-1.0479685031719579,0.9680113660709854,-0.765402562098578,-0.2502159202285442,1.617706974082,1.0693507965806324,True,False,False,False,True,False,False,True,False,False,2
-1.1224683804272695,1.1137152944061692,-0.45641336450258235,-1.4871049814261905,0.24153687029935786,1.527630815371513,0.11867797502964075,-0.2553828370217862,0.9680113660709854,-1.3419131474240311,-0.6422395386185846,0.221212311547041,-1.358091104459997,True,False,False,False,False,False,True,False,True,False,2
-0.7976786058884531,-0.24863426006549197,-0.8325169077034233,0.2659943706590841,-0.47318019243629766,0.6683147938411791,0.3705905316937519,0.8772959510890562,-1.0330457214142557,-0.6431100504498086,-1.1505376210483558,0.04947931974338436,0.8916322966007071,False,True,False,False,False,True,False,False,True,False,1
1.4348267913259063,1.366722705936962,-0.8933711845606237,-1.3395697189744797,1.324004620697343,1.3663907098948966,0.353754340366711,-0.42964722004850153,0.9680113660709854,-0.1271529196400004,0.5302778212766084,0.217744635017246,1.482494443202328,False,False,False,True,False,False,True,False,False,True,2
-1.060978903672231,0.8999100109816681,-1.7300305627977381,1.4801486549333098,-1.1732451135428061,0.23671501556057445,0.27544285177151445,0.13802757637557225,-1.0330457214142557,-0.7905523802471042,-1.441617432573979,-1.4319762201909654,0.1903013846818448,False,False,False,True,True,False,False,False,False,True,2
1.6430422373022215,0.10651628081357284,0.8576650460404459,-0.21967828314856405,-0.23327169342262985,0.15881851308914374,-1.5634416714965342,-1.5291518719939492,0.9680113660709854,-1.5228941243924161,1.6617464438967824,0.021148249812289695,0.8313596697323795,False,True,False,False,False,False,True,False,True,False,2
1.0020518373441558,0.14130516096664492,-1.1431900843009,1.3568026245833105,-0.6103203860397165,-1.6904776219737976,0.6183999757672983,1.5727383673630744,0.9680113660709854,-1.763573189303857,-0.27976937925898004,-0.877883641421189,0.5644961955637179,False,False,False,True,False,False,True,False,True,False,2
1.3145797844933664,-1.3290371162229404,-1.4639209897389183,0.40190435839642835,-1.253238049183622,-0.5422454087523657,1.1608268805997557,1.0173580564606866,-1.0330457214142557,-1.4904022371330554,-0.46858703438824456,0.6771136605982867,-0.5006144131654844,True,False,False,False,True,False,False,True,False,False,1
-0.38864025060601487,1.4776884128074976,0.6991478765036692,-0.9809804779067959,0.4300079199743353,-1.711096470414895,-1.5306728961847758,0.23802669481221847,0.9680113660709854,1.3802949158441336,-0.3421263023333862,1.0987702606524234,-1.1106342129907365,True,False,False,False,False,True,False,True,False,False,2
-1.2442626528954457,-0.2583292225919774,-0.8935283399018049,-1.2646160508277855,-1.2564847870588431,-1.6040986979051914,-0.7735540540600289,1.0097384883312845,-1.0330457214142557,-1.234304271517943,1.2947801177367366,-0.2799883392878236,-0.4568690897861124,False,True,False,False,False,True,False,False,False,True,2
-0.20197234512187673,-1.4435961137722448,0.9239962810414448,-1.5969490780167448,1.5390818252345102,0.5669775268124959,-0.23348230588657448,0.2613543787426579,0.9680113660709854,1.0134136993233567,-0.9780607736311356,0.19622641121008466,-0.8977835396470262,True,False,False,False,True,False,False,False,False,True,2
-1.5487731001175802,-0.4114411841790578,-0.6485585824876583,-0.25778682296396527,-0.11260260986348217,0.10320881287642181,-1.1058154976817052,-1.2876349323174516,-1.0330457214142557,1.0045488156504707,0.38995108521594346,-1.519245174436322,-1.3486155095167063,False,False,True,False,True,False,False,False,False,True,1
-0.9755043721906168,-1.5133087378803685,-1.5680679894160876,1.1693427240300862,-1.325405626569977,1.5221101313882572,0.5790475111867073,0.10297619218289515,0.9680113660709854,-1.1339488509502924,0.6929102200968702,1.646134567724459,1.4630563162168095,False,False,True,False,False,False,True,True,False,False,2
-0.03400835311793269,-1.0963615182768964,0.07297643620395765,0.610499549975655,-0.21405185275940297,-0.8018620121701089,0.7468513498239265,-1.2590332746829218,0.9680113660709854,-1.007439785983411,-1.5322429664565236,0.41550911996515183,1.5891826365111537,False,False,True,False,False,False,True,True,False,False,2
0.8298530745440276,-0.8801107741694595,0.4305958526045856,-1.1675724376764665,0.2945645841044617,0.5475827757420989,0.9322945888221862,-0.45936947332928624,0.9680113660709854,0.6683736432542546,-0.9467194695882841,1.5901706638799682,-0.04138916228041256,False,True,False,False,False,True,False,True,False,False,2
-0.7834984278155183,1.5252939982430282,-1.6429579341871936,1.4425198569879334,-0.13829486598530447,1.2015255680330428,0.08816049454782036,-0.9902505119160863,-1.0330457214142557,-0.5821531447420897,0.48046729637033886,-0.4567249889728795,0.6517567462720354,False,True,False,False,False,False,True,True,False,False,2
1.3091567198117888,-0.18123408584886677,1.1216959953012426,1.6282328733554088,0.5381748217952826,1.3003126331936852,-0.1503930301728396,1.3799408633122734,0.9680113660709854,-0.9258974278197294,-0.3840983753380238,1.0924728681320977,0.8948494251154833,False,True,False,False,False,False,True,False,True,False,2
1.6458289941524296,-0.5248459353642536,-0.6948317551935975,-0.7687162688641538,1.366252340217522,-0.45750755859707565,0.42855094331683535,0.017102872495581727,0.9680113660709854,-0.9138115398385434,-0.6372649410495931,-1.0375655140098554,1.2024817199280669,False,False,True,False,False,True,False,False,True,False,2
-0.48982626228380555,0.13354103119058106,1.453722071118147,-1.234790298819438,-1.0422173436575357,1.7469768551842417,-1.2289546141709184,-0.8659127953826702,0.9680113660709854,1.2251518926724878,1.1763559679057918,0.724312526891859,0.6985490441124558,False,False,True,False,False,False,True,False,False,True,2
0.9259858483553088,-1.219521998131725,0.9432707014719666,-1.6671430055417213,-1.3903890860517203,0.36940161302287916,-0.9129698050371812,0.06923164543015288,0.9680113660709854,-0.34205862272513665,0.23856553725718155,-1.6228012074705618,0.1949853384760909,False,False,False,True,False,False,True,False,False,True,2
1.1168758756753743,-1.258896654466604,0.4749041391167326,0.2586934288030705,-0.19421439185738767,-0.09998869048379007,-1.2692080389611327,1.6127818379918974,0.9680113660709854,0.843526101430839,-0.6937838443111211,-0.2210611630206365,0.1938775127686023,True,False,False,False,True,False,False,False,True,False,2
-0.5102078229412016,-1.0085430968802753,-0.730129092866524,0.6364190320795706,-1.252142168776374,-1.4627026986923657,1.7582121805759294,-0.12169605331411126,0.9680113660709854,-0.5294191981389721,-1.6839664283232623,1.518121046803284,-0.2576934140028814,True,False,False,False,False,False,True,False,False,True,2
1.6845244383494038,-1.5062484952254935,-0.8302342698086224,1.7315609229684163,-0.0028125303775608946,0.6304007208041593,1.000225207901846,0.44887359862131415,-1.0330457214142557,-1.041081783515271,0.30274375426608086,1.4090049648987724,-0.4106320577018982,False,False,True,False,False,False,True,True,False,False,2
0.3286595298132724,0.8179227587431356,1.662491864292488,-1.4690417969108343,-1.0862832439375318,-1.5022659791026054,0.42384179973004626,-0.7405556221902607,-1.0330457214142557,-1.062480805456071,0.9804048321314084,-0.14424255109283388,-1.191801239382282,False,False,False,True,True,False,False,False,True,False,1
1.3151132167596427,-0.5896532823560537,-0.6364835184719856,-0.42493811240705887,0.4238035012934798,0.6980778891395424,1.024366171326897,-1.3409957663466403,0.9680113660709854,-1.4285455727493863,-1.673380315155528,-0.7690495943057315,-0.8048141527772864,False,False,False,True,False,True,False,False,False,True,2
-0.6774763155897321,0.3952366104980706,0.13399049495246698,-1.1935349645904616,0.015146529815388504,-0.14482917527513028,-1.1132401446263016,1.4690961589204985,0.9680113660709854,0.15782959443552896,1.2100627893831841,-1.1399021458740353,-0.29604036865247363,False,True,False,False,True,False,False,True,False,False,2
1.533619937115848,1.517030094099932,0.12174746200883904,0.4968916768860774,0.9986734961613369,0.5958591853323874,-0.605745057987401,-1.0144567278660328,0.9680113660709854,0.18968907839632304,-0.6226899302793119,-1.530877333471806,0.8442779444661398,False,False,True,False,False,False,True,False,False,True,2
-0.9752038060075146,0.9960527061409927,0.8943897164334442,-1.3542106948040027,1.192015781535916,0.7758391519186087,0.45715438946461395,0.9894767380911279,-1.0330457214142557,-0.6009555135924008,1.391701538113215,-0.9525908124851536,-1.0701548487000447,False,True,False,False,False,False,True,False,True,False,2
1.5221076473512103,-0.3982851890166473,-1.680343158510105,-1.08693192559245,-0.5110491199431185,1.0888235138390943,-0.11264988715658125,1.018369140080423,-1.0330457214142557,0.4133486420735566,-0.9788942170302897,-1.593929353668,1.3320614993301527,False,True,False,False,True,False,False,False,True,False,1
0.7064862475238104,-0.5322115136756674,-0.7746247574358923,1.7353345558500084,0.7536745573218788,1.5438290958305594,0.574704865629202,1.2807942884706878,0.9680113660709854,-1.604064361387976,1.6085379478026256,0.07835808838578168,-1.1971371948994927,False,False,True,False,False,True,False,True,False,False,2
-1.0817968422511242,0.33342454006338745,0.7399015372223605,1.6875729490510354,1.6946976100227538,-1.0681850478617674,0.6121977746845466,-0.7221414604668212,-1.0330457214142557,0.272187153524026,-0.8264468489030543,0.45557163713380233,-1.3992078717069374,False,False,True,False,True,False,False,False,False,True,2
0.41525361490262164,0.6188242477863355,-0.8326367748635465,0.8672522738003305,-1.420808513193455,-0.8825026668340683,0.03257219791617983,1.1196041297960484,0.9680113660709854,1.268851472607503,-1.1319015211606875,1.3661366321565502,0.6189895321270329,False,False,True,False,False,False,True,True,False,False,2
0.8603917729246359,-1.3969483736228459,-0.14642992690336293,-1.0568397968809375,1.3215107930683687,-0.17162127880759542,1.3193278220957805,1.2444239514282265,0.9680113660709854,-1.4751344438020015,0.021028455459443617,0.7733995086227131,1.0117721895169887,False,True,False,False,False,True,False,True,False,False,2
-1.094471264366258,0.6057385736039931,0.7225926412493943,-0.6342562859563746,0.7896074608889678,-1.1678573520309654,1.5268215743025686,-1.0693892920396482,-1.0330457214142557,-0.20742605429896455,-0.8703607015249372,-1.0808397002201893,0.7756224370660912,False,True,False,False,False,True,False,False,True,False,1
1.7146453176209868,-1.380872945255672,1.060881894110874,1.3750775049818889,-1.3947109062377794,0.870949721735871,1.4585531620369225,0.5747695189724248,0.9680113660709854,0.6881584916956535,1.2042773195927183,0.37549645518892405,-0.7798812016502067,True,False,False,False,True,False,False,False,False,True,2
0.17440513681501876,-0.7271738010885641,-0.6195681310085452,0.33767120621538793,-0.4186582426457905,0.8596789265777822,-1.3857595002384158,1.5758255781190305,-1.0330457214142557,0.06571556511489451,1.0258602784053816,0.16602691287841084,-1.477848356916576,True,False,False,False,False,True,False,True,False,False,2
1.216260097055515,1.7158735219359385,0.6780185421412999,-0.12302625127863137,-1.5212634173609865,0.03501354748024361,0.3857159051508896,0.023134819091399708,-1.0330457214142557,1.5006287924303494,-0.21444855279987352,-1.5673569924100146,1.088117345822146,True,False,False,False,True,False,False,False,False,True,2
1.3081037602919734,-0.19270344817870633,0.01829235865136606,-1.05368522967959,0.661674392377627,1.508295405995813,-0.7063579987328814,-1.2091750315567789,0.9680113660709854,-0.5380683702695149,1.6279818113529057,-1.061695447078731,1.625750439699285,False,True,False,False,True,False,False,True,False,False,2
-0.22781858716301595,-0.5315263744600535,0.07301313881985932,-0.7996450255194838,-0.7865811322777772,0.6789092529580186,-1.1214563117167833,1.5723004011410138,-1.0330457214142557,-1.3197904890190983,1.4191737743324078,-1.1486143224884928,-1.6317424196854882,False,False,True,False,True,False,False,True,False,False,2
-0.8516572636959098,-1.2391891346258097,-0.12533964468682798,-0.8874613570793116,-1.4521199841306438,-1.734999195391547,-0.8155349125301217,0.2860054128855368,-1.0330457214142557,0.009763207107414362,-1.1546909148030766,1.5735752338489903,0.999600773373749,False,False,False,True,False,False,True,False,False,True,1
1.5314819139775726,1.6065196416185727,0.2276479469560986,0.00032387500568355524,1.091466803212757,0.1552646136360211,-0.7200367760482593,-1.3331335903719852,-1.0330457214142557,-0.24584082570188387,-0.7779108251375264,-0.7584296913462741,-1.3617637157081834,False,False,True,False,False,True,False,True,False,False,1
-1.0756913056773123,-0.6963918481776968,0.5157772607511212,1.6998524135436932,-0.711075497220461,-1.0509202749554576,0.02202725468609108,0.27631148187539234,0.9680113660709854,-0.8274365510992081,1.0985505457254692,-1.0441359252349098,-1.4148175365834785,False,False,False,True,True,False,False,True,False,False,2
0.8497941472030812,0.9857391375973459,1.060589251518175,-1.565892245765183,0.1983618783088337,-1.6541373224309606,0.36868054498418334,-0.4192570937386472,-1.0330457214142557,-1.0817238887546152,-0.9479833343492345,-0.39922644412275116,1.022063435749897,False,False,False,True,False,False,True,False,False,True,0
-1.3908364208791995,-1.3257552586232753,0.9930874282575762,1.6752600343063149,-1.1684889759002872,0.8090176417077727,1.703894096239922,1.4693220805732814,0.9680113660709854,-0.13915217337063185,1.217159702149102,-0.7728443577558631,0.9200370360743382,False,False,False,True,False,False,True,True,False,False,2
-0.8347040947064301,0.62192204506584,-1.2361283312026607,-0.4669273842890454,1.6196202734698404,1.51192773509879,0.7581721889925659,-0.10014472372114588,-1.0330457214142557,0.6294502098956098,-1.6848856579209466,1.2281548853532858,-0.8102932073204591,True,False,False,False,True,False,False,True,False,False,1
-1.1220149899175442,0.39257059850036957,-0.056246931394998236,0.36754801123404807,-1.1474497897447389,-1.21071403154928,0.7834329782234303,-0.8638497324122331,0.9680113660709854,0.9037142711721106,-0.06425242863769799,-0.9376947063354769,1.3132391684182103,True,False,False,False,False,False,True,False,True,False,2
-0.4542831922505911,-0.06570406897785658,-0.04396931355607068,-1.1640055301504313,0.3271751851063479,0.4743018567499605,-1.0322445088047574,0.4427060435525989,0.9680113660709854,0.4345954631023468,0.3044695204506471,-0.10119137797260577,-0.6869031825601186,False,True,False,False,False,False,True,False,True,False,2
-0.059332085618940385,-1.1036068474697265,1.5889074515658572,0.9634706482526292,0.10283073318957235,-0.31005937250140625,-1.4095850605412896,1.6027103167204844,-1.0330457214142557,-1.3238114239760277,-0.5789526731696897,-0.29321886170414224,-0.39264430591272326,True,False,False,False,False,False,True,False,True,False,2
0.7735529831602036,-1.3205280122501606,-0.6079858431244282,-1.4242677308170415,0.5655938131409619,1.5330565721360478,-1.7017176862370054,0.03586189991601334,-1.0330457214142557,0.7509404957456763,-0.7553008199728228,-1.3609251302979988,-1.3734033826049572,True,False,False,False,True,False,False,True,False,False,1
0.4842764305239758,-0.05716027134491449,-0.8170069885484915,0.11774965211145001,-0.8276121162541689,1.6276843461337929,0.8008255947672273,-1.5367391999960724,-1.0330457214142557,1.6405783819087003,0.3579908649080045,-0.252889091531513,0.2899145660030859,False,False,True,False,True,False,False,False,True,False,2
-0.8683633913847189,0.7891738515843912,0.6718331289232312,-1.0612715174924008,-0.6330671639288177,-0.053804352003742464,0.4303988611636502,1.1505065304334812,-1.0330457214142557,0.25908513907859343,-0.294856292582854,-1.0416506088452904,-0.5185134020050881,False,False,True,False,True,False,False,True,False,False,1
-1.1104184778426764,0.5372174594953238,-1.6768389035762008,0.4050609464082463,1.3518634168050514,0.6720842073568193,1.5922845281880478,-0.7308614329225797,-1.0330457214142557,0.2763958627167399,1.613111930985232,-0.7549792969448422,1.058010031021133,False,False,False,True,False,True,False,False,False,True,2
-1.405609951784967,0.19953572495918595,1.495021247465308,0.5992937985463159,1.6510321281186304,0.2076972778657749,0.2834503940745963,1.689679202386746,-1.0330457214142557,-1.5882323023831872,-0.5644713376287992,0.11661870636139492,-1.427860306421049,True,False,False,False,True,False,False,False,False,True,2
1.2981013895817215,1.0168072976340223,-0.2924189543093987,0.6473960201849774,0.9312527534845904,0.4627932947811516,-0.28604099263755445,0.5258805880744728,0.9680113660709854,1.6800493715898945,0.8473299365677334,-1.5340884139252162,-0.936481072348099,False,False,False,True,False,False,True,False,True,False,2
-0.0926861453348977,1.2639102461987965,1.3338304501166853,-1.2396398622136564,-1.5242543921899552,-1.53878989063751,-0.2991394699165772,1.180578298007805,0.9680113660709854,-0.004315182777212455,0.6099570887096434,-0.11561252509993405,-0.35634515086714574,False,True,False,False,False,True,False,False,False,True,2
-0.7495771418372505,0.3751885819921863,0.18105937553136883,0.9145660634236448,-0.40161858432963005,1.1685072427227752,-1.0967452705562344,-0.8796550036058912,-1.0330457214142557,-0.7689786041109754,0.7672745209964917,-0.871929438496008,-0.3536684287953587,True,False,False,False,False,True,False,False,True,False,2
-1.323617531681038,0.3418671471001272,1.110095634010884,0.3206706858590302,1.0334572270722355,-1.4772141519286288,0.6608719273004376,1.0472405439222563,0.9680113660709854,0.4799042048512047,0.16674408800557922,-0.31364524486967765,0.13734060941457316,True,False,False,False,False,True,False,True,False,False,2
-0.32122018114283873,0.3771199193368446,-1.4984919042046345,0.17645862669295587,0.10787165854818286,-0.6194845433819337,-0.12200890328555307,0.5560078820567892,-1.0330457214142557,0.7872113708788896,-0.6742280262308581,0.744310925925492,0.9544434585122695,False,False,True,False,False,False,True,True,False,False,1
-1.2392193685112831,1.3225171195394454,-0.9887039533673764,0.783253265199664,0.07983668832804273,-1.002348773972306,1.3454882643760573,-0.7428838875276768,-1.0330457214142557,0.9313617800358389,-1.1470977905445707,-0.5272569762622514,1.6213953468111735,False,False,False,True,False,False,True,False,False,True,2
-0.41202570478809847,0.20837982763689672,-0.23003289841331626,-0.9438763911015136,0.6670416871035104,-0.6296724674501701,0.08589023323958542,-1.4678509898296743,-1.0330457214142557,-0.783457267766649,-0.014760708096695167,-0.0348268004224155,-0.5594681378886737,False,False,True,False,False,False,True,False,False,True,1
1.4082259102604673,1.3922532560663134,0.6770722841095562,-0.935944976980702,-0.5074800182938717,0.9480757770717647,1.6481274857502008,-0.15373032032927963,0.9680113660709854,1.1709695854100326,-0.45921370948851126,0.13092872674507697,0.9246571836008998,False,False,False,True,False,True,False,False,False,True,2
-1.304044373223372,-0.1495772932480663,-1.4664536332367277,0.1987796220146027,-0.8613278271338892,0.523856237149733,0.7048817043796622,-0.604390488460214,0.9680113660709854,0.06912309817993965,0.47361482810898775,-0.9419042911185652,-0.6935502918776735,False,False,True,False,False,True,False,False,True,False,2
-0.8905695178819377,0.6489557064156575,-0.5835985891156368,0.04479066377681676,0.6919876801223471,1.0978637090132075,-0.38541022711126716,1.2125825801840286,-1.0330457214142557,1.3094560555264343,-0.8123739898580598,0.7768655855790174,0.44237331530367374,False,True,False,False,False,False,True,False,True,False,2
-0.9988184456295613,-0.16075021205968465,1.4103682224181415,0.3823258712517176,-1.397134971209775,-1.4840020984437228,-1.0312977952932203,-0.7547353898145428,-1.0330457214142557,-1.7141468980515537,-0.24003384541113995,-0.7844486816456346,0.4691319028019088,False,False,False,True,False,False,True,False,True,False,1
-1.269700693054571,-1.50700480038128,-1.729605056516539,-0.9421292443377164,-0.716072098734668,0.40965398651204576,-1.3284196567062865,-0.19499808114202363,0.9680113660709854,-0.32272798104901546,0.8756425091364718,0.9767924462444835,1.278925697579511,False,False,True,False,False,True,False,True,False,False,2
0.4372004728545074,1.6148724766846536,0.6031804282016217,0.30892409108709096,1.432620800202958,0.4422638890956258,1.1371789729282913,-1.0150957124069615,-1.0330457214142557,1.3522166167535368,-0.4375816863929332,1.5808791776005553,-0.9840354515461617,False,True,False,False,False,False,True,True,False,False,2
-0.8096691336680807,0.4077746911287101,-1.6693788774834406,-0.7233079688138356,1.2608121300450037,1.609908324745666,1.127331583702121,-0.047567136898581476,-1.0330457214142557,1.2771886768268628,-0.9649359161168608,0.5253798482547067,-1.255241991205847,False,False,True,False,False,True,False,False,False,True,2
1.1195065940424314,-1.07126601151166,0.15262016241052034,0.910074582747861,1.586831513168991,0.10250690518425308,-1.1073047914481535,0.17473236108277443,0.9680113660709854,-0.3802361961767259,0.7610462050359378,-1.220738600128976,0.12730990026407216,False,False,True,False,False,False,True,False,True,False,2
-1.062552850203082,1.1943973977004954,0.3283469130902105,-0.3577456766873563,-1.6487653253407177,0.9422080175982663,0.3563584526839521,-0.17067384588795964,0.9680113660709854,1.6870362813690376,0.7270145863051709,1.2084778391745647,-0.22713128700160445,False,True,False,False,True,False,False,True,False,False,2
1.2975686231956596,0.6723885552353992,-0.6052772601984281,1.5904024581496932,-0.39291479073802565,-0.5554250818776498,-1.3885808273163152,0.8450415281830412,0.9680113660709854,-0.5127023241185955,-0.1727410242310961,-0.7986363562179158,0.7551195855316515,False,False,True,False,True,False,False,False,False,True,2
0.12083001282603417,0.3517395896636256,0.15267073670438494,-0.9283324228871944,1.0573805632160052,1.272327521810849,0.37559467862435614,-0.17180903657020888,-1.0330457214142557,1.2567644585623832,-1.5543612667697593,0.8715611645978899,0.6010632288721092,False,True,False,False,True,False,False,False,True,False,2
-0.1604656836682404,1.1527915541663813,1.7125857853143247,-0.3138274103480796,0.27769138137512744,1.3383871576246236,-0.5648102598029853,1.7651669336977336,0.9680113660709854,-0.46830854568527364,0.2070433930121114,-0.4987850106464111,1.5182360730899458,True,False,False,False,False,True,False,False,False,True,2
-1.2996231387558883,-1.2594485049602577,-1.2802826441535966,-1.6883517874545988,-1.3940905349750945,-1.2486848356671063,0.8525745001550127,1.6739542633600253,0.9680113660709854,-0.30402726989075346,-0.04991269110065644,-0.8821302076183558,0.1313034481511479,True,False,False,False,False,False,True,False,True,False,2
-1.614934066246697,0.13062926033564431,-0.6994768441510193,-0.8745175587560557,-1.5492338068153946,1.12110327196126,1.4574203376222055,-0.5691508204687864,0.9680113660709854,1.0693682288659434,1.6507909510551422,-0.656262871532802,-0.2700494649088484,False,True,False,False,True,False,False,True,False,False,2
0.057473660382792856,-1.6673519281392744,0.426685071484946,1.6250631933630135,0.24599610188465235,0.4741636357297962,1.7727981632898255,0.3803946896451252,0.9680113660709854,0.000392486237545674,1.5918432365285673,1.4918182807921099,1.6064273138260825,False,False,False,True,True,False,False,False,True,False,2
-0.3140816124526963,0.9285618386757175,-1.6882210816320244,1.1618335336313217,0.9149877860302228,-0.12895830892356683,0.43880964795208166,0.8866996377840856,-1.0330457214142557,0.8164937551175686,1.3952136332551026,-1.579673062487465,-1.2849870448869605,True,False,False,False,True,False,False,False,False,True,2
1.5758182119195734,-1.415503162006362,0.48454367495272543,-0.4107577651407234,-0.1420530455269449,0.0422924679850322,-0.30555627226238213,-1.4261429480131347,0.9680113660709854,1.3463324099344374,-0.3170724005814916,-0.7912666143436581,-1.104454484432463,False,False,True,False,False,False,True,False,False,True,2
-0.46137563744217935,0.3416696941184251,-0.09703216614911266,0.07062474349623465,-0.7030962950602471,0.17000743059342693,0.10907218836853264,-0.24573236173059873,0.9680113660709854,0.716193209138405,0.6891041617494562,0.6387255120045837,-0.09914045835880358,False,False,False,True,False,True,False,False,True,False,2
0.9821797626654658,-1.6279604082611145,-0.24688287619988625,-0.3256382525285018,0.7650256988386791,-0.16825209298467908,0.692317982214488,1.1750475268795626,-1.0330457214142557,-0.5753879057008062,0.03293043088062026,0.31663444260586465,1.17150759309905,False,False,True,False,False,True,False,True,False,False,1
0.9002002136354934,-0.9137733006734454,0.5151320244038783,-1.6580536965095998,0.9497670641374572,-0.5708046476212255,-1.6802054411993281,-0.49423922680944776,0.9680113660709854,-1.108619927478051,0.8550519034748799,-0.8700806048136658,0.06700163701489299,True,False,False,False,False,True,False,True,False,False,2
-1.419661060182965,0.3692793277026086,-0.7693216980156997,-1.1595662408068932,0.36062321898429506,0.7279652406136944,-0.06374847407756414,0.5470602104502048,-1.0330457214142557,1.503026196694261,-0.6318780128201924,-1.392574791751789,0.10328622633459342,False,False,False,True,False,False,True,True,False,False,2
-0.7430199231516649,-1.54484665761436,-0.8126358473456861,0.9313139375123213,-0.3180078339619385,-0.6178054240938692,-0.2602544922266735,0.9750090881406571,-1.0330457214142557,-1.251090593088708,-0.34283048528746224,0.5542338887670399,-1.0403896820859186,True,False,False,False,False,False,True,False,False,True,2
-0.3169447270280917,0.9473928901602459,-0.9621850270643647,-0.5613356239978501,1.5276503017912542,0.4476981771345424,1.7075829663201079,-0.6274752135348325,0.9680113660709854,0.8608983030249011,0.4194878984600626,1.077714273720999,-0.17201147431918604,False,False,True,False,False,True,False,False,True,False,2
0.5777320986563572,0.8943675161209439,1.1496594081876048,-0.7700652419470783,-1.6031322666477186,1.5726852528115423,0.03312342161589621,0.8124939399412388,0.9680113660709854,-0.28238248556571555,-0.647810206222312,0.06486552233050297,-1.2818717914089082,True,False,False,False,True,False,False,True,False,False,2
0.08066213250655514,0.2929935685589166,-0.32932161703803914,-0.6110924746595516,-0.04142169544663311,1.5527404143247232,-1.3609253456649897,1.116750423780578,0.9680113660709854,1.3470609297028175,-0.7403337676674507,-0.1274466049656851,-0.1845990390627371,False,False,True,False,False,False,True,False,True,False,2
1.507188486950518,1.7138855329925249,-0.6934315713652511,-0.6180358334208238,-1.354212035268306,-1.2050752328533474,1.1442774030236178,-0.2602106918490809,-1.0330457214142557,-1.6843431151285582,0.644938279234777,-1.0352875052316806,-1.4105964771840422,True,False,False,False,False,True,False,False,True,False,1
0.028820020420156522,-1.5017550896777352,1.006950004427716,-0.3402299071671116,1.2547364883877863,1.3838692009991986,1.5055252524210485,-0.36277483353540985,0.9680113660709854,-0.6247724822627657,1.185606329854715,-1.3164254023339095,1.5827973575397625,False,False,False,True,False,True,False,True,False,False,2
-0.3199705384918308,1.5763004851986062,-0.14065853498597725,0.8468452319173716,-0.9911419751216081,0.4209413002737197,0.8713467435708943,1.7230985298386274,0.9680113660709854,1.3548190557449753,-1.5483349330747056,0.9227106051433561,-1.1182622679373675,False,True,False,False,False,True,False,True,False,False,2
-1.0778257671325544,1.0108076130627035,0.595138348304447,-0.08422925813903241,1.5536183223758442,0.3460883699182416,-0.3776845412213153,0.03619921064757439,0.9680113660709854,-0.9842897600220116,-1.6622733497625881,1.3477320919403737,-0.9117445507258218,False,True,False,False,True,False,False,True,False,False,2
0.5655747016409886,1.676450585526116,0.803548027314312,1.0527432305383966,-1.2677173046565444,-0.7609712774552733,0.5535938549429109,-1.7794663026013355,0.9680113660709854,-1.7018286369395035,-1.382244620278201,-1.1003251731331796,-0.24077895130764634,True,False,False,False,False,False,True,False,False,True,2
1.6944706905603928,0.035077265967596805,-1.4117249596539814,-0.9713184419684239,-1.5680864304239397,-1.4614494017311939,-0.34849393614570356,-0.9001385070328085,0.9680113660709854,-0.7238674504271428,1.4836433833800249,-0.19914392145313226,-1.4666855698328793,False,False,False,True,False,True,False,True,False,False,2
0.8042497481185924,-1.2222298177078705,1.6598121294778545,1.05840248335228,0.09027445833673534,-1.5887018491462328,-1.5587418147235101,-0.5386175806197302,0.9680113660709854,-0.47488331532829814,1.3223310437547728,-0.281518830492062,0.27994866574336125,False,False,False,True,False,False,True,True,False,False,2
-1.476651846825785,-0.31811704718588524,0.9421216845989432,0.09298922310051218,0.11267249451620678,1.6936055345445702,-0.27307566967329944,0.59575239794053,0.9680113660709854,0.5930748385991734,-1.3138627147585076,-0.27749917190667045,-0.11291830579914541,True,False,False,False,True,False,False,False,True,False,2
1.6422705967362283,1.2603827566753545,1.3000342654160197,-0.7131320722178227,1.0069082847989466,1.7350487655505054,0.5927720448652248,0.12172074158638885,-1.0330457214142557,0.5820707894689219,-0.5812604365808706,0.48845544328315615,1.3895970865144602,False,False,True,False,False,False,True,False,True,False,1
-0.005652186086601122,1.6761124464525912,0.8865229060181422,-0.050303363415126603,0.6478063569891624,-1.1386715783631898,-1.200603893839459,1.0524374425340426,0.9680113660709854,-0.12556149445883477,-1.5870154352844736,-0.5354218599517769,-1.5558344040098866,True,False,False,False,False,False,True,False,True,False,2
0.21862724064067418,-0.5853501224329032,0.3499600537802033,1.4206794009026449,0.19997279029585213,0.18996170146264207,1.3362749937684666,-0.6120192906241021,0.9680113660709854,0.4794204848848737,0.026202414766591724,1.1672515629841715,0.25068086177562965,False,True,False,False,True,False,False,False,True,False,2
1.7187936714677936,1.1126043120235871,0.28554945527371345,1.251907225068705,-0.9997217316261554,0.2599374687345107,0.3486688393698717,0.2204028973379815,-1.0330457214142557,0.9830952572414526,0.6150456952113351,-1.5452937547405352,0.39885355962964636,False,True,False,False,False,False,True,True,False,False,2
-0.555250018878054,-0.019689243041433886,-0.17632580590246105,1.2879039921189148,-0.5428794305324856,-1.7230912667741216,0.01695013753522877,0.28727749613710174,-1.0330457214142557,0.48354585771500713,0.6381927830518079,-1.146625162404932,-0.0659631931673871,False,True,False,False,False,False,True,False,True,False,2
-0.7720461165398093,-1.4581394394653553,-0.8712445083633908,-1.2045090250490116,1.3490722509229338,-1.0613595649916252,-1.5059907246570305,0.7257410355736792,0.9680113660709854,-1.0584761613066378,-1.4364333651713812,0.13636989575048705,-1.454604558941285,False,False,False,True,True,False,False,False,True,False,2
-0.7603968791089867,0.9447682498478817,-1.0235931280955026,-1.302378453418723,-1.4348690806136264,-1.7067096846838286,1.340590999948411,-0.4226572051798846,0.9680113660709854,-0.7375120161695059,-0.325794458100275,1.5531860352977884,-1.1981012321137494,False,True,False,False,True,False,False,False,False,True,2
0.6513512587259176,-0.46418176928301547,0.8933870987298642,1.4361193078080288,1.2914356033299583,-1.221724629754667,-0.2605440631875548,-1.20349881361515,-1.0330457214142557,0.349296481479516,-0.04330451152266991,-1.5240251249344436,1.2582449102934103,True,False,False,False,False,True,False,True,False,False,2
1.182435282473931,0.20555296683989743,0.5555599481694293,-1.0726663900710793,0.3968449159431964,-1.571754259002325,0.6561034432481883,1.4904491164063738,0.9680113660709854,0.24424764295404078,-1.1402116022803817,-0.8329809394613285,-0.6142112322297724,False,False,True,False,False,True,False,False,False,True,2
0.45913960991992314,-1.2714323603725464,0.4689099692821825,1.3741444606240323,0.2792753980581713,0.9785614258488499,-1.1284261268353117,-0.3776323898830578,0.9680113660709854,-0.9806503428877332,-0.2316208767960457,1.3888217427522054,0.18768174844305452,False,False,False,True,False,False,True,False,True,False,2
1.6970719380304888,0.5494774938478911,-0.8748265592739098,0.704264265953107,1.0741902167745985,-0.30623609917418804,-0.7229212225204129,-0.37686086367284577,-1.0330457214142557,1.5889943091433552,-1.3070588897232134,-0.6248363786736597,-0.1576702046897243,False,True,False,False,True,False,False,True,False,False,2
-1.194657559284601,0.458296135411066,-0.5764628144376167,-1.2617567173075848,-0.37450293255513367,0.791666850844133,-0.29578899113167784,0.8611589908762766,0.9680113660709854,-1.6519086295413197,-1.2339863523023364,-1.1004728332596452,-0.27190049808027267,False,True,False,False,False,False,True,False,False,True,2
-1.0594524453655376,-1.3017653100770123,0.18034670180636966,0.27193880709116175,-0.15679396178209679,-0.9304988827684808,-1.2691689087170197,0.4998547918098862,-1.0330457214142557,-0.8462943723692333,-1.0477043314533296,-1.529697935026369,0.5017586302494583,False,False,True,False,True,False,False,True,False,False,1
0.5524553710384369,0.9831127011967745,-0.7046368517930587,-1.4102773053198516,0.44140976055728853,-1.5597383622060703,-0.8353596262755419,-0.9162113022095838,0.9680113660709854,-1.1506744143385466,1.0535332217487392,-0.40885216581985595,-0.5829428766699888,True,False,False,False,False,True,False,True,False,False,2
1.1676364272522701,-1.5475278309022173,0.5052304327919351,-0.5203154680033292,0.4537239869985014,0.588731111510646,-0.47226760184856154,-0.536854492448089,0.9680113660709854,0.8373627770964528,1.6013176731130945,-1.0255306532944366,1.401474135059605,False,True,False,False,True,False,False,True,False,False,2
-0.8300141001646509,-1.660058225131763,1.1912942340920198,-1.434418765701609,-0.9007736384930994,-0.4571087700539678,-0.7007729377481061,1.2928882975618161,-1.0330457214142557,0.7037994902782533,0.02996758844382859,-1.0991349785056281,1.5484643991477423,False,True,False,False,False,True,False,False,False,True,1
0.9287189254882264,1.2295204434137281,0.6977841162012774,-0.2687903634816804,0.9102163918579975,0.10714082295828177,1.0226132418868215,0.7112515167693448,-1.0330457214142557,-1.2055276639748134,-1.2787723029164477,1.1123419844511486,-0.31962944081118105,False,False,False,True,True,False,False,False,True,False,1
-1.3694408928496304,0.5378267051672867,1.2619170106868092,-0.16503516932229842,1.0967932077794276,-1.6270091908058797,0.0815394786843958,-0.5256732339771557,-1.0330457214142557,0.3015820545470484,-1.3417985447740353,0.35031239344595366,-1.2752781778933655,False,False,False,True,False,True,False,True,False,False,1
-1.27960402323936,-0.014507573684895783,1.5624866243700246,-1.1083104621158473,-0.5357088433745344,-0.8108871456802004,-1.6966156124240757,-0.893529435663608,-1.0330457214142557,0.16747991328374123,0.8039125647213365,-1.0890378296240033,-0.8506365757528761,False,False,False,True,True,False,False,True,False,False,1
-1.0726491039710764,-0.21933027422702847,1.4456302956416673,-0.0485421175280894,0.87010840424424,0.07136697453580432,0.8082361264254134,1.5539868991587276,0.9680113660709854,-0.27404795685664596,1.5295540952595683,0.8238704453327967,-0.47014407562321586,False,False,False,True,False,False,True,True,False,False,2
-1.2458608146983106,1.512342039856723,-0.2898971094984637,-0.9917380549511112,1.1547589866837824,-0.09427436281384137,1.4621556245760874,-1.5438970245581187,0.9680113660709854,0.048962314606008965,1.2145485561616427,0.38001128761238984,-0.19640905917465173,False,False,True,False,False,True,False,False,True,False,2
1.454903517677367,1.1228583764886007,0.2884772253302496,-1.1455683107416539,-1.1020165521876377,1.4521321347880631,1.7600427458887875,0.4838699933502911,0.9680113660709854,0.3376595120887528,1.2159335030079865,-1.2118640701295387,-0.7559923032756704,False,True,False,False,False,True,False,False,True,False,2
-1.621666126729198,-1.6035885900418443,-0.21904251544291073,-1.590062423546898,-1.0258063147159302,1.3375800475632682,0.9164617573675821,-0.9861426928265387,-1.0330457214142557,0.8370902471237781,-1.5862710582423256,1.2665909872433165,-0.9198536896414016,False,False,True,False,True,False,False,False,True,False,1
-0.8919598102008015,-0.7492772171844474,-1.0781420309834207,-0.5481449603398029,0.06908669195792547,-1.1231845192452754,0.08576917504158565,-1.0713651960995498,-1.0330457214142557,1.1668710989604336,-0.23890007131242058,0.9949267808599218,1.2016574728196625,False,True,False,False,False,True,False,False,False,True,2
-1.1393542566304828,-1.2545097702931112,1.507365853861102,0.17652998378437082,0.5743012295593888,1.115894050139462,-0.9485253079574363,-0.11896645443043863,-1.0330457214142557,-0.4195273651253765,-1.3769610940598156,0.03286874770099279,-1.0014777957122405,False,False,False,True,False,True,False,True,False,False,1
-0.8942289015679976,-0.13396529460616743,0.8665011823858031,-1.4203581819664395,-0.7567274813503059,-0.14959207143536035,1.1623702783645666,0.9091368763557652,0.9680113660709854,0.2716719691179666,1.3688747161461583,1.5280765807936754,0.6705456967030119,True,False,False,False,False,False,True,False,False,True,2
1.4935918423967094,-1.1040753470366367,-1.1710492556507874,-0.49406323714632866,-1.310984066884777,-1.3087914643311018,0.5114316141058859,-0.10889941103029122,0.9680113660709854,-0.770836312094158,-0.7684445862092265,1.2441923661872774,-0.6840183917151013,False,False,True,False,True,False,False,False,False,True,2
0.3557828576671672,-1.5388727230456343,0.6645423406929077,-0.905062105203756,1.0538135743570898,1.4164750754346294,-1.1693996267551061,1.5930532118948328,-1.0330457214142557,-1.2077326998240225,-1.1401586770667427,-0.513258889535026,-0.283609556721975,False,False,True,False,False,True,False,False,True,False,0
1.135496806727335,-0.3756992062254197,0.619895361046738,-1.297380166416864,-0.8102049576406354,-0.047664747385898695,-1.3578787827634224,0.9182160830683266,0.9680113660709854,0.15367447300578846,0.7303587581878493,1.1176750785330047,0.8994448103352957,False,False,False,True,False,True,False,False,False,True,2
-0.44463255903410814,0.866443823413721,-1.274631418665682,0.010381366290755664,0.1170861373781354,1.016129134924717,-0.2402178328685518,-1.1933439733346776,0.9680113660709854,0.9357377547597375,-1.5971495034854333,-0.04177415841271699,-0.7061170048073709,True,False,False,False,False,False,True,False,True,False,2
-1.2646403792382348,-1.6129051742807299,0.5324888921847365,-1.6194156588087774,-0.9301317501579379,-1.2437841908759748,0.9201142507497516,0.8939652343254553,0.9680113660709854,0.34995868736482283,1.6209795808763765,-0.20819957660160524,0.690526127331429,False,True,False,False,False,False,True,False,True,False,2
0.4517543220060663,1.254234556291834,-0.08266453025214957,1.7389179187447434,1.470718367780053,-0.48686035138400263,-0.3272412835119231,0.7149214348451144,-1.0330457214142557,1.6357779309832237,1.0784307329034488,-0.1436578194129267,-1.0660395674052054,False,False,True,False,False,True,False,True,False,False,2
0.7851454112749393,-1.5414575653457379,0.8364649382561085,-1.2431269773444098,-0.2824400693766823,0.6669520357383768,-0.13057637015913565,0.6224245396253076,0.9680113660709854,0.564547300136914,0.5040080066656553,0.7924500841779246,0.4588481212496173,True,False,False,False,True,False,False,False,False,True,2
1.0156447022770638,-1.6540731523965844,0.8166935907047522,0.7054575765357151,1.7266371299806682,-0.7657976368879645,1.0802149457925885,-0.43023856262532517,0.9680113660709854,0.3587981781517512,-0.5546586487779874,-0.40298784926376324,0.17697249891135164,False,False,True,False,False,False,True,False,True,False,2
-0.533391596415856,-0.5222277878293716,-0.6891247535221944,0.20635279831635372,0.08655503764355912,0.5911950299608729,-1.4304279506731965,1.7193118661794455,0.9680113660709854,1.501967703373931,-0.17888873628831375,-1.465494786718228,0.33494022932326994,True,False,False,False,False,False,True,False,False,True,2
1.739239881956481,1.4211990593402333,0.3810552881949796,-1.5045480824793618,-1.057231743931221,0.8045758046782385,-0.21180071280516305,0.6205709533180522,0.9680113660709854,-0.09006931857371128,1.610971006030644,0.6177878065934677,-0.9592641375565563,False,True,False,False,False,True,False,True,False,False,2
0.5707058749286505,-0.6388487658768086,-1.6136257641122966,1.3513483450058827,1.0969978913370664,-0.5365079626605493,-0.05191563726832408,0.12056892982493124,0.9680113660709854,-0.07746331580886244,-0.7046206254065527,-0.5044035366912729,0.7550742697370552,False,True,False,False,False,False,True,False,False,True,2
0.5940523553999155,-0.24483486132578955,0.8779988499682728,-1.5893124011245898,-1.592147852500114,1.1328253817692924,-1.0873829277331843,-1.3314354848755388,0.9680113660709854,1.4915383993923799,0.36872340102451256,-0.8838199356848611,1.5934342795050644,False,True,False,False,False,False,True,False,False,True,2
1.0604974981118198,0.5166737036074478,-1.7168624051566783,-1.205484182480694,0.7807752898942109,-1.5979168937072805,-0.8037455505136214,0.34361278843838594,-1.0330457214142557,1.1608394683056817,-0.45923268554485486,1.1509973558519648,1.001513005114942,False,False,False,True,False,False,True,False,False,True,2
1.1098791646161863,-0.5609543764210271,1.5757138060668006,-1.5984715646175707,0.3069711049446966,1.515461670673352,1.6244363747666666,-0.5046149776504829,-1.0330457214142557,-1.0071524470991606,-0.15368023259735902,-1.0381509193257146,-0.07081393279554077,False,False,False,True,False,False,True,False,True,False,1
0.6474860217454308,1.1264021680037855,0.00019785733304435244,-0.2072012908577068,1.576003105817956,-0.342163210911717,-0.6099296829320511,0.0758965458775149,-1.0330457214142557,0.05322409793718455,-1.4238530756281236,0.9130823746950899,-1.0749401299030485,False,False,False,True,False,True,False,False,False,True,1
0.6510509763921339,1.1260909610811494,-0.2515266511885247,-0.4624872923610152,-1.4602540098014722,0.5332220144170664,0.12311872115921076,1.4703386796054678,-1.0330457214142557,0.23475500156270687,-1.3598168295366169,0.8054537658747114,1.453722891061126,True,False,False,False,True,False,False,False,False,True,1
0.727688807504056,-0.4892402477159714,-1.0957711230296538,0.8515954061596082,-0.7614068478792815,1.7167053120596776,0.20405195354398759,-0.43929878543725304,0.9680113660709854,-0.687295080140343,-1.0659383284181259,1.7132801718646589,0.7387721584976696,False,False,False,True,False,False,True,False,True,False,2
0.4340410551610815,0.6400525308360314,0.5353647450399242,-1.087576513187298,-1.0297538275876164,-0.3284706938532697,0.8388743792365235,1.4345093070468664,0.9680113660709854,-0.7387116017148726,-0.3685603162411444,-0.5086299482819007,1.5524973743874728,True,False,False,False,True,False,False,True,False,False,2
0.39898422160093666,-0.7165699289758111,1.5898507352083215,1.7184505085630812,1.7213813048652014,-1.5063148378970874,-0.8697579835338862,1.7448404989661588,-1.0330457214142557,1.2797783603276132,-1.572356063500984,-1.217606207427452,-0.256526209634797,False,False,True,False,True,False,False,False,True,False,2
1.5767769989305072,0.36711390598203114,1.1985469146436987,1.2447467548901983,0.7496790866151629,1.6644824914910241,-0.2637800053785427,-1.3276908597372357,0.9680113660709854,1.5655552401878847,-0.9116913481021134,-1.200798269774894,0.23937795951219226,False,False,False,True,False,True,False,False,True,False,2
-0.49626034761213134,0.6134024353179178,-0.7932151104214562,1.0791528235843977,0.27758272249160815,-1.6020867413321207,-0.185665491997106,0.2216492207704046,0.9680113660709854,-0.9062971534920938,-0.4192219760411307,0.14972060954479177,-1.3294212178480487,False,False,True,False,True,False,False,False,True,False,2
-1.3793262047190789,-0.513104464864744,-0.6319308700481031,-0.7336495666648359,0.6035947922160184,1.439907239585907,-1.3016226727859996,1.183827587540498,-1.0330457214142557,-1.5035464698489998,-0.42300695051847664,0.2703163090833002,1.5517885259339625,False,True,False,False,False,False,True,False,False,True,1
-1.408399120529604,1.2725400001563403,0.7360296984363683,0.8176192441759861,0.25879102908117013,-0.23851131120965094,1.0651885388936964,-0.4373555083792035,0.9680113660709854,-1.7575167806413405,-0.5326862374286214,-0.34046342648683936,0.10346927946293608,False,False,False,True,False,True,False,False,True,False,2
1.4200930322685281,0.42264067579100617,1.04818224206259,1.000071638973094,-0.4620524352707823,-0.6142364555529041,0.22827026230715874,-1.6604382675876046,-1.0330457214142557,-0.8991894629993853,0.35643518060565677,0.024319601325174103,0.7861998438937077,False,True,False,False,False,False,True,False,True,False,2
-0.6977607126168293,-0.5993525695977739,0.6074680057228429,1.2430050333432845,-0.8502808100804728,0.22068662512949272,1.31014654766095,-0.4377254951345697,0.9680113660709854,0.3166070642197443,-1.6992134915573158,-0.017128542376924273,-1.3420557449826218,False,False,False,True,False,False,True,True,False,False,2
0.11636747815631801,-1.1311067472284109,1.556391918722549,-0.40383311548282863,0.24055856372058299,1.7218083715685193,-0.8918140446906493,-0.9531910431113415,-1.0330457214142557,1.2823716037869586,-0.6477552128865018,-0.6772640785814665,-0.4303190927193102,True,False,False,False,False,False,True,False,False,True,2
1.5555476672420991,-0.9067439257320277,-1.6639273574567464,1.1144287948544902,1.3720600548491388,-0.5121155055929345,1.4352371274509754,0.9881137088679135,-1.0330457214142557,-0.8977520975583614,1.192474219857406,-0.1681030575846106,-0.30950640064245505,True,False,False,False,True,False,False,False,True,False,2
-0.9522599253292613,1.3937904972742643,-0.8817005981651389,-0.45544185609456966,0.23204539478121403,0.982103156088757,1.133379856109549,-1.2616962311734277,-1.0330457214142557,-1.6509773016187448,-0.353959450249863,-1.0758927960840212,-1.4286701780276743,True,False,False,False,True,False,False,True,False,False,1
-0.5895764423343811,0.07297254388901588,-1.3382941076881147,-0.07607461391051461,0.1676767433019146,1.6982490657249534,-0.7278034243070285,1.2063825320524104,0.9680113660709854,0.6979694971009915,0.1080238859972039,1.0425652102312555,-1.4475902152241884,False,False,False,True,True,False,False,False,True,False,2
-1.2072508864879334,0.6613140068166788,1.1140597225680238,1.6067118296742755,-1.3612069285217712,-0.8205618563240763,-1.5770569665273766,0.3879323514665648,0.9680113660709854,1.626544538858781,1.1533087808029947,1.7168428415621173,-0.7909780579912266,False,True,False,False,False,False,True,False,True,False,2
0.08350414986323468,0.9973411258212471,-1.0809711730037461,1.216079063886852,-0.9502963195027683,1.3362527858227047,0.6163584127904375,-0.2133450555970796,0.9680113660709854,-1.2532654201118767,-0.906613239950789,-0.4411101905373654,-1.4851927845405157,False,False,True,False,True,False,False,True,False,False,2
-1.5769557482503755,1.2175750197463353,-1.5304466593065404,1.4672031563586156,0.036856838738167995,-0.8551642141304182,-0.40021969011674335,-1.6630771657707244,0.9680113660709854,-0.4346442503736778,1.6415515633977327,0.22746904284892983,-1.0439554936908408,False,True,False,False,True,False,False,False,True,False,2
-1.6078884409279541,-0.27799749246190797,-1.0597382172732648,-1.2661891743470328,1.2233226645733177,-0.7412965096688651,1.6793719169333128,-0.10322638320238003,-1.0330457214142557,0.5633366961526803,-1.4527568017969412,1.201374830178003,1.4995352407865952,True,False,False,False,True,False,False,True,False,False,1
-0.9908848968869907,0.13567746991438956,1.4793630780972116,1.7495743591015713,-0.6505966604053945,-1.2888944364526451,-0.8367330589388314,-0.02300794463997838,0.9680113660709854,1.3596940031900926,0.9377668911168832,-0.5267159041988413,-0.0696272697361682,False,False,True,False,True,False,False,False,True,False,2
-0.9133444716879405,-1.0455350263609882,-0.8932157592686573,0.03731616472793282,-1.1611578234182542,-0.45377404156087536,-0.6301628357287021,0.9978037794352206,0.9680113660709854,-1.0378672430253866,1.2597592761251526,-0.4596600784107493,-1.066782127024694,False,False,True,False,False,False,True,False,False,True,2
0.6280215941047165,-1.2121429337110061,1.4826736162835323,-0.8657382311784977,-1.405155983349451,-0.2527765335257119,-1.1148055616679535,0.9666132885733055,-1.0330457214142557,1.3762209913536536,0.11856531226831457,-0.6802198370607807,1.1037121262787053,False,False,True,False,False,False,True,True,False,False,2
-0.13146135514161725,-1.6408881909719935,-0.9278068750810524,-0.5363176039115514,1.5285584334157005,-1.733086753609644,-0.8344482250055064,-0.10244146210530597,-1.0330457214142557,-1.4039130871629268,-1.321475552462134,1.1347498474370081,-0.9992860954505016,False,True,False,False,True,False,False,False,True,False,1
-0.15512732575637522,-0.6825390726057529,0.9007729146260599,-0.37139180069153654,1.0321332978967217,-1.483556124779747,-0.20603877189339379,1.677657797716611,-1.0330457214142557,0.34268469297862836,0.31633448704576117,1.1691378161279438,-0.27214345033626414,False,False,True,False,False,True,False,False,True,False,1
-1.435984019838289,-1.3274132268950225,0.33475082900320585,-0.36989163037774264,-0.5940962960619611,-1.4804587850181292,-0.9212062984306251,-0.890811819556539,-1.0330457214142557,-0.499946432901439,-1.2306970989222024,-1.6713964271777866,-0.3078552503253137,False,True,False,False,False,False,True,False,True,False,1
1.3855593154893335,0.8379677566311831,0.06528480321681324,0.738099993701597,0.009294772555333997,-1.1541651593906148,-0.3130580366875888,-0.5872789186136737,0.9680113660709854,-0.49804083975087526,0.7688804622646114,-0.22977296632334246,-1.0507248237307758,False,False,False,True,True,False,False,True,False,False,2
1.3024721997439552,-1.462637541928996,0.22386038658327995,-0.823343281705146,-1.1806871331264102,-0.6044031662357676,1.3630620282016621,0.7567364296110973,-1.0330457214142557,-1.060450849156013,-0.5345161842316188,0.27706216981951487,1.3255698430163958,False,False,False,True,False,False,True,True,False,False,0
-0.9916611967200234,1.084298770586205,-0.8773738271519543,-1.136644529750462,-0.22375467598693083,0.5166905630659351,-1.5883692276273247,1.7093465337035707,-1.0330457214142557,0.8006650579553932,1.053069220239142,1.5371903325142564,-1.5138289281312973,True,False,False,False,True,False,False,False,False,True,2
-1.2282310735729678,-0.7717421661339444,1.3035992883637006,-1.4271390558472754,-1.3002402544262885,0.6010916541570217,-0.27746680790748585,0.9861771529406503,0.9680113660709854,-1.4267907061921288,1.180488296790093,0.4804564728399811,-0.6890576348524942,False,True,False,False,False,False,True,False,True,False,2
-1.4662744323466712,-0.21895892150769874,0.9329539043469107,1.5918120220121923,0.1874020445951832,-0.49318617253822455,-0.10494089710007483,-1.6436300109331077,0.9680113660709854,0.8071422775504211,0.7107108841190114,-0.23212733821053042,-0.8220992771882568,False,True,False,False,False,True,False,True,False,False,2
0.11678327774636114,1.0562995780243105,-1.0412315531946559,-1.314738292695894,1.5244428349174992,-0.09465953855830589,-0.11588461684403524,1.5896347279122687,-1.0330457214142557,1.500514682097518,-0.33738150360629315,-1.4597643759290235,0.6157747329856252,False,True,False,False,True,False,False,False,False,True,2
1.458986979456255,-1.6726723815958535,-1.4937216146482242,-0.668795354499532,0.15916302011205308,1.5492175347821604,1.1334874223551081,-0.20423731906765316,0.9680113660709854,-0.5155477763607018,0.9225723007039084,-0.40888757092869715,0.6320716644955549,False,True,False,False,True,False,False,True,False,False,2
0.6939119615146535,-0.8460423993962888,1.051402513540209,-1.073679956163434,-0.7332137807716094,0.4044174242859043,-1.6646846526341095,1.5275798827319798,-1.0330457214142557,-0.8329023583462832,1.636405866987958,0.8605322186131362,-0.23309767013075833,True,False,False,False,False,False,True,False,False,True,2
-0.7614818455802069,0.2985406093608626,1.0592843464285508,0.39647537409350236,1.4812360189245581,1.1212065555250312,0.801683452727999,-0.5851362024189353,-1.0330457214142557,-1.2112937347167547,-0.6043800756321844,0.587441234858408,-0.7717221954030117,True,False,False,False,False,False,True,False,False,True,1
-1.159079864007535,1.2146552720682668,-0.7089882207189143,-0.17870030276624616,0.28973552719360296,-1.6005128984998334,0.7981384812126218,-0.5919944628252182,-1.0330457214142557,-0.5435045962316444,1.1170508215381705,-1.3775844655350717,1.2309261455264866,True,False,False,False,False,True,False,True,False,False,2
-1.2896085222205345,-0.4694670706241447,1.6014813935434324,-0.5025336319469004,0.46652239804134477,-0.8947084828967248,0.7421694518668142,-0.0005659573976871705,-1.0330457214142557,0.7130898824734341,-0.545794809582621,-0.9930395695548129,-0.5675615328217838,False,False,False,True,False,True,False,True,False,False,1
-0.3762586564433093,1.503565233831405,-1.2652259542085527,-0.07111423453406554,0.35770067136760997,-1.190079216354069,-0.10731633229630175,-1.6328730568293846,-1.0330457214142557,0.9707936591619032,0.22304196442967805,-1.3189073020117068,0.8222296270011609,True,False,False,False,False,False,True,True,False,False,1
1.3061549356644988,-0.3668633505570634,-0.5180538002958428,-1.4239858647928263,0.8081617329581914,-0.20857589900180923,-1.15935016226977,-1.1013157379552359,-1.0330457214142557,-0.24879588365328228,0.8829114910592001,-0.9775028724040977,-1.5852725404107721,False,True,False,False,True,False,False,False,False,True,1
1.6441053947452633,1.4416117390136427,-1.6223646072799716,0.293291876491915,0.5878455416624152,-0.2908738945308164,1.7042001267553561,-0.9564751581727995,0.9680113660709854,1.142552399500367,1.0381695233406711,1.7076402063095646,-1.1726151156355584,False,False,False,True,True,False,False,False,False,True,2
1.5577810371148733,-0.29106669490182285,-1.534410995421885,0.6384535140345001,-0.10886387294429611,0.5452420468616092,-0.08246399197486658,-0.671480841203155,0.9680113660709854,0.49468446092124735,-1.3825971771636574,-1.0239820328624056,-0.12515946973224565,False,False,True,False,False,True,False,False,True,False,2
-0.4173758292126535,0.6528522993948644,1.6034840456090491,-0.787204035155221,-0.7303406763224058,-0.6548639313884962,-0.03696338160700747,-0.6615763079651558,0.9680113660709854,-0.5821891360570444,0.970597602181703,-0.8468618647497032,-0.21960914029646653,False,True,False,False,False,True,False,True,False,False,2
0.8700920616011953,-0.04936198425442869,-0.18212211179921375,-0.7012913042548726,0.1799933514611857,0.48655790417350736,0.355318590198509,0.9480716622038309,0.9680113660709854,1.3765605874624955,1.4178936960136266,0.16329308008201746,-0.06312292254166395,True,False,False,False,False,True,False,False,False,True,2
-0.07483784639397262,-0.8549463553902701,-0.7661851737547478,-1.190615409837331,0.477556853862939,1.6393007451754353,1.3692923174108091,-1.6068343463555415,0.9680113660709854,1.225372065171003,-0.3284779369317323,-1.1673853949904962,-0.48677959653562974,False,False,True,False,False,False,True,False,True,False,2
0.26270032447183417,-0.9559707236772871,-1.6638723736298373,1.4522551122604177,0.8212269499091358,1.558159449244196,0.28834840276878554,0.15767157815789107,-1.0330457214142557,1.2988382985175082,-0.7080611331847134,0.21725863185246083,-0.17279044058187076,False,True,False,False,True,False,False,False,False,True,2
1.1134154246987098,-0.547118773912107,-0.12484393877125158,1.0224047587570473,0.16862713293984566,0.6721101119923379,1.2954282055921529,0.8705001189547519,-1.0330457214142557,0.43617311406012926,1.609944931528115,0.19791802121351684,-0.48782046131659806,True,False,False,False,False,False,True,False,False,True,2
-0.5631125084977775,-1.26128917296324,-0.11768209383392196,0.21850447480813745,1.4845745721060613,1.7418104960498595,0.12433231787688395,-0.9172492523206511,-1.0330457214142557,0.7774443389164521,0.824236289755625,-0.5569964487159024,0.6363472405331276,False,False,True,False,False,True,False,False,True,False,1
-1.150905646493357,-1.5983651151053033,0.056549851855411205,-0.26568476848016714,0.35105602906202193,-0.9212751526440036,-1.7104801384833788,-0.24673402831830735,0.9680113660709854,-0.12010050881455438,-1.1416171903335828,0.7995255527922825,1.4892383786615624,False,False,True,False,False,True,False,False,False,True,2
1.4043559788945468,-0.0733661057147992,0.9715551413457125,-0.9639136215325713,1.1769496383304816,1.4398723500145705,0.23615061017208136,-1.0629775864255735,-1.0330457214142557,1.6206412693389272,1.1839642342772292,0.314124534525237,0.04793512617280099,False,False,True,False,False,False,True,False,True,False,2
1.3501542205252381,-1.1988834575056273,1.432221891254676,0.20382182370771013,-0.3691916560507956,-0.6732493468727873,1.0346769136225211,0.35738934476070294,-1.0330457214142557,-1.4186647187943513,1.2705139677489732,-0.36041283950871883,1.027740070044408,False,True,False,False,False,True,False,False,True,False,2
0.9924361117778892,1.0284174267253712,-1.701302403241581,-0.8033992218747634,1.2622612113514575,-0.8497206230956847,-0.48371474056837394,0.9146294176367503,-1.0330457214142557,-1.0810597326870306,-1.0093814943852133,1.708169706953406,0.26914537909261965,False,True,False,False,False,True,False,True,False,False,0
-0.30773507576937253,0.38809534138912133,-1.049148345532491,-0.0889434869976423,0.7985168372591748,-1.0336342780062338,1.7948871584074575,1.0508148175667482,-1.0330457214142557,-1.060251491363944,1.142796241272932,-0.060189646188777535,-1.021306215859254,True,False,False,False,False,False,True,False,False,True,2
-1.0709027794547514,-0.14223123686494335,1.5229392700493631,1.5470873433498564,-1.4534227888039952,1.5670741446122953,-1.4993882403529222,0.25857051232540335,0.9680113660709854,-0.4898315685197959,-1.3943205996732877,-1.212213553945217,-1.2554025759531182,False,True,False,False,False,False,True,False,True,False,2
-0.22333595484759514,0.0004942307442992972,0.3277535919752179,0.12239093955032461,1.6285992523589543,-0.42203827027432206,-0.43566635975133094,-0.5642404532027626,0.9680113660709854,-0.27539857590584915,1.1566022754464949,1.6617247677258862,1.451267705484185,False,False,False,True,False,False,True,False,True,False,2
0.1595682328622178,1.3627967318505179,-1.4140606778112634,-1.3902785748457638,0.9514906427332411,-0.656266304935818,1.7863023529981785,1.237592043060546,0.9680113660709854,-0.31560795103673217,-1.628301976853921,0.08787291205366057,-1.5702150591832855,False,False,True,False,False,True,False,True,False,False,2
0.09758044606294551,0.4877442053722967,0.7905730714048395,1.5198145649217223,-0.49230975729412496,-0.6176331485815469,-0.5115625301758248,-0.6744705429398783,-1.0330457214142557,-0.13227511742412923,-1.6713750440724093,0.7617323702575076,0.22855243175959825,False,False,True,False,True,False,False,False,True,False,2
-1.5834330355045791,0.8575732112958289,-0.7190792431912874,0.2650430820765721,1.6514813880845411,0.05193238855534569,-1.1236260561810267,-1.0421794178645702,-1.0330457214142557,0.5561160478929185,0.4159803912824517,-0.5792305908452967,1.3352895287400937,False,False,True,False,False,True,False,False,False,True,1
-1.205435194988543,0.26993718778318043,0.31221495439467045,1.5617864625661333,0.9171239938937872,-0.7438500605402932,-0.5455812898583017,-0.020628859542421718,0.9680113660709854,-0.20577344976651904,1.0666031561526748,1.3633845577596255,-1.3710050052137113,True,False,False,False,False,True,False,True,False,False,2
0.13197663180674937,-0.06169940453184611,-0.059833918610270966,0.6940944267756155,0.31173786475313553,-0.4346015189952105,0.9925362620829093,0.024600569595680744,0.9680113660709854,1.614418164903459,-1.2573161049039137,0.9700423328079426,0.5716470044637465,False,True,False,False,False,True,False,True,False,False,2
1.4433289117969923,0.2705935238720063,1.2227274423276349,1.6830231116748768,1.2150635830972927,-0.05449600022406107,-0.468887084949931,-1.4826349355715591,-1.0330457214142557,0.15018053228529424,0.3490858725364093,-0.21039113324924205,0.6115686295402327,True,False,False,False,False,False,True,False,True,False,2
1.7067762286729133,-1.5305691895734688,-0.7355049369165223,-0.33964512313395834,-1.0349536798359273,-1.060167477383688,1.2128924751612067,1.5885300442017323,-1.0330457214142557,-0.013610517022822398,-0.7126201653241566,-1.012576990409103,-0.8754965991323428,False,False,True,False,True,False,False,False,False,True,1
0.6668095872234246,-0.425401311244648,-1.0368773973108167,1.4185965227826185,1.5123080200140115,1.2609338887177102,1.5008851181029728,0.28179648868490464,0.9680113660709854,0.6869608161963645,-0.4893655172270226,-1.6495335443303598,1.3079803687201568,False,False,False,True,True,False,False,False,True,False,2
0.3631264951369454,0.21893734324207273,-0.2835713662263156,-0.761474752844562,-1.4514735289582976,-0.8022081242227236,0.9545912641034162,1.7893096652688267,0.9680113660709854,1.2130749337812634,-1.485545379965878,-0.7311596318558454,-1.2490548902787022,False,True,False,False,True,False,False,False,True,False,2
-1.0669945498402227,-0.554273700475996,-1.0698918795652386,-1.134641699101652,1.289385152765576,0.40810304028166844,-1.1054400644107467,-0.6628072098068616,-1.0330457214142557,1.0031678285106616,0.16924908993620152,-1.2984194621290182,1.266065415997058,False,False,False,True,False,True,False,False,True,False,1
1.151149150969406,0.5176141570589099,-0.19510245412117957,0.08665143996381122,0.7682942054161138,-0.3472861802701649,1.3841330685894644,1.5022804845293056,-1.0330457214142557,0.8083828023750527,-1.1623751392946469,1.660983474563131,0.97718027720508,False,True,False,False,False,True,False,True,False,False,1
1.1472500604697562,1.1020251900708946,-0.4468501437269411,-0.5107179881819011,1.4357259961426638,1.3021829340865774,1.6403207155539783,1.292061982753788,0.9680113660709854,1.2820159609374735,1.1283624826021754,-0.2475859252713508,1.5635358837950857,False,False,True,False,False,False,True,False,False,True,2
-1.432559602653516,-0.4033186976732429,1.32283953912719,1.0668396781813487,-0.22799268048185511,1.2437297439440516,1.007716864500318,0.4540903690674063,0.9680113660709854,-1.2925191570235122,1.5581218441107079,1.4740405386486728,-1.0658425770584323,False,True,False,False,False,True,False,False,True,False,2
0.3971290151151529,-1.3766538949669103,0.9189766610430794,1.1112954041854823,0.9359468163962744,-0.5956861620394197,-0.23068395477517342,-1.337841182695885,0.9680113660709854,-1.5382815243923293,-1.2464615572003397,-0.9586199010234686,0.7572236334198892,False,False,False,True,False,True,False,False,False,True,2
-1.222398758280036,0.012939321707325195,-1.6714697816045154,1.2472558343402165,0.18971547257241989,-1.4620122576379537,0.4715082211304685,1.1256784576232375,0.9680113660709854,0.11981311306104458,-1.2203929545979428,1.6748896967616937,1.444026527297104,True,False,False,False,False,True,False,False,True,False,2
-0.2207788761891494,0.8754469283374698,-1.1755651984850934,-1.3359906264652306,-1.4737284697797228,-0.49862188020666764,0.1846783982916724,-1.5152912714326454,0.9680113660709854,-0.17491817965639292,-0.20624371448206275,0.1880963725002689,0.2870414412871941,False,False,False,True,True,False,False,False,False,True,2
-0.4971793796645562,-1.3862850556176562,0.06855350118610364,0.3122450564099744,0.9900622516586461,1.060141971363675,1.1084612677719543,0.4666474480393752,-1.0330457214142557,0.2828271979880366,0.27499528021986913,-0.939297802987306,1.291834636829937,False,False,True,False,False,False,True,False,True,False,1
-0.003666625543068654,-0.05169364085587622,-1.5508348760982964,-1.5057533300913941,-0.4596925851121912,0.7147994349703621,-0.15885768023758776,-0.24887212664049418,-1.0330457214142557,-1.3406926815572668,0.9845696349031337,0.3997731018122031,-0.34957418119452577,False,False,True,False,False,False,True,True,False,False,1
0.18215167436491728,-0.844377694460898,-1.2219085488902555,-0.2725549645857889,-0.5501772082843688,0.07801447499452163,-0.8164169185127766,1.267846808332226,0.9680113660709854,1.5747963782001497,-0.8376240626891073,-0.8323991822648268,-0.4872472480903628,True,False,False,False,False,True,False,False,False,True,2
0.015975208484509156,0.7972587811617978,0.8214727899989659,-0.5775075564942009,1.748134518843373,-0.21166349461697032,-1.3239588895530723,0.457787130660027,-1.0330457214142557,0.9187126490964304,-1.2526392552573207,1.2094487149310644,0.8544144606628953,False,False,False,True,False,True,False,False,False,True,1
1.0541420859570463,0.34629545736773004,0.02579885314442652,1.36957615253082,0.7435139408237755,-1.1479961040158095,-1.4852101240947262,-0.5761833666430908,-1.0330457214142557,0.07381258081019787,1.2748383082998576,0.447982540759254,0.4455074555616434,False,False,True,False,True,False,False,False,True,False,2
0.01715885212335976,-1.4681022715866254,1.613708162940264,1.533501267973656,-0.6256419811858721,0.4934677499810099,1.2243994467124513,-1.4303262416117866,0.9680113660709854,-1.4518265516049536,-0.3571810631882976,-0.1992382386084321,1.0407239191569455,False,False,True,False,True,False,False,True,False,False,2
0.7880110936775693,-0.8622758439894317,-0.189493325221541,0.5825826362036749,-0.5313587939037919,0.6674260934706219,0.3577053216765205,-0.03724800099055153,0.9680113660709854,-0.35477685477267373,-0.5573946582791045,-0.36009481870744536,1.4188391320879676,True,False,False,False,True,False,False,False,False,True,2
1.3341306663523023,1.4158046261533914,0.3016619895430626,0.8958165393819351,-0.5632333000383749,1.3848171189456018,-0.12784565277250187,-0.13495617421278963,-1.0330457214142557,-1.0337047544850824,1.3441289574585824,1.2929823672747427,-1.2770206615492876,False,False,True,False,False,True,False,True,False,False,2
-1.2002825231862508,0.27842538184590904,-1.320316785956218,1.1620818455237794,0.0696823976169827,0.892433979136531,-0.6499643469171953,-0.5121645812434585,0.9680113660709854,1.3400694667865913,-0.5021004923508658,-1.1148146061125837,0.738855427759462,False,True,False,False,True,False,False,False,True,False,2
-0.8351058435712755,0.593552671824108,1.0877977836429154,0.07707198244140563,0.17783134897127206,-0.6680949408949174,-0.9384508528686996,-0.4120984722844492,-1.0330457214142557,-0.7966508903514605,0.034250956912051836,1.5679974284902491,-0.6909226536077264,False,False,True,False,True,False,False,False,False,True,1
-0.5772132195413038,0.48169222748836527,-1.31442266376652,0.8679490192908825,-0.25685957176372415,0.18421757879438977,0.04343224589756993,-0.8075867486042452,-1.0330457214142557,0.08463740525709725,0.6309561087650316,-1.492380066817701,-0.3016028055404278,False,True,False,False,False,False,True,False,True,False,2
1.51607686591369,0.7444506382419405,-1.4773720596627524,0.14867554428817925,1.6776156412943686,0.7757002319358396,0.04967968516555812,1.5920986196263367,0.9680113660709854,0.09294728194198447,1.3707716828298342,-0.7600072116612637,0.19183723414039913,False,False,True,False,True,False,False,False,False,True,2
1.5181716542509114,1.5769583096776931,-0.17988967630746117,1.6898428203520102,0.5027843614208017,-1.0481262564989233,1.6371420518618596,0.5438376715200326,0.9680113660709854,-0.3374736971294115,-0.1957209939786743,0.9860669952489233,-0.024618580198645997,False,False,False,True,True,False,False,False,False,True,2
-1.1361287443924712,0.7364779828819965,-1.5002563532010493,1.5527682499276045,-0.5339017279585629,-1.5829615089381213,1.1545669976358375,-1.071049347484284,-1.0330457214142557,-1.2224378573886605,-0.518273733840838,1.704450902913533,-0.6480358066778287,False,True,False,False,False,False,True,False,True,False,2
0.3496708811051362,-1.253935041313652,0.5503612510169915,-1.0599519478064872,-1.485527164602724,0.10444881578721213,-0.9697866178109904,-1.2105910516714995,-1.0330457214142557,0.6443397001471419,1.6576633776421255,1.1831725191313491,1.06737142878809,False,False,False,True,False,False,True,False,False,True,2
-0.9259466860946618,-0.6879768281891163,-1.3236062371343755,1.1497118132641693,1.2104568324128937,-0.8312348632070008,0.5337602856839245,1.612745311686892,-1.0330457214142557,-1.7381098504095045,-0.6487762970492794,-0.8118294869703231,-1.3550216660478454,False,True,False,False,True,False,False,False,False,True,2
-1.233280516789606,-1.5271315991752183,-0.0007993395507249665,-0.8302273572662306,-0.8728114225400447,0.8286529353032803,-1.125669291417636,1.1966974900493907,0.9680113660709854,0.8604933681510419,1.5364095038331662,1.0297294400211636,0.9122124521271956,False,False,False,True,True,False,False,False,False,True,2
0.14750714775578466,-0.050709214842603975,1.3478264452895863,-0.5128861720685719,-0.6478531101023544,-0.2280888182935324,-0.253084807736453,0.906551345457686,0.9680113660709854,1.1783028026616307,-0.1921303229545213,1.0802354326003203,-1.5912000903986303,False,False,True,False,False,True,False,False,True,False,2
0.25623581620639857,-1.4977452761687373,0.4218448245952734,-1.3437074629965484,-0.40138007453879837,1.4658854908230206,-0.6446403383676477,0.10548510333200706,0.9680113660709854,0.849591166730272,-0.8876131568333382,-1.5588554565260466,1.3113719647655888,False,False,False,True,False,True,False,False,False,True,2
-0.9345830409172216,1.6795110117087688,-1.194710119188808,0.9706156008363879,0.8936888064764362,1.0892385621046976,1.6912173920354083,-0.9404987935479863,-1.0330457214142557,1.139771641633652,-1.278573066969347,-1.108874900996385,-0.7043661812548102,False,False,True,False,False,False,True,False,False,True,2
-0.6506449485281064,0.9954693201138849,1.1348782352217164,0.7091720275025134,-0.06126964739353854,-1.2997000873496267,-0.7324248885190127,0.20949571142905568,-1.0330457214142557,0.28512272326143434,-0.876252043844206,1.5433332067582684,0.5116587625024966,False,False,False,True,False,True,False,True,False,False,2
1.2071136745050057,-1.3956431708942934,-0.48971746180972514,-1.3516625213659166,-0.28124907107737135,0.422811011829062,0.7362909613165972,0.30745352431976014,-1.0330457214142557,-0.326998751898601,-1.0940687558534479,0.023434563379177115,-0.6440728876863504,False,True,False,False,True,False,False,True,False,False,1
0.5570064981864938,-1.7161484967858416,0.022740025955624812,1.48487880238977,0.7313095774585023,-0.4492092540123757,-1.0515286535686263,1.6004391603796206,-1.0330457214142557,-1.1446421833020688,-1.2514188962036046,-0.018216337437965864,1.5054026070715396,False,False,False,True,False,True,False,False,False,True,2
-0.8694500336077721,-0.019004916885350293,0.6136467251094688,-1.5814770396323803,-1.1853805048915291,1.1508328470300853,0.9706019415788631,0.7947633917912866,-1.0330457214142557,-1.6167484534788799,0.7677410636058553,-0.40538261637093964,0.6264200125830467,False,True,False,False,True,False,False,True,False,False,1
-0.5595558227326374,0.4216883165229813,0.49724465904228654,-0.08088124565964325,-0.4274759153287374,0.6256609627146322,1.2352700037034579,1.2636190680042367,-1.0330457214142557,-0.4912037278464989,-0.6559769481094749,-0.08504574513045454,-1.3126388311231283,False,True,False,False,False,True,False,False,False,True,1
1.0306746684577734,0.20464180480419075,1.6262988127584566,-0.6960937573499183,1.649662041232531,0.9156232182083599,-0.6016366209046556,1.0369185004471786,0.9680113660709854,0.16408405510475124,-1.291950093592547,-0.9711434603351773,1.2467058591694835,False,False,True,False,False,True,False,False,True,False,2
-1.463411467711564,-0.6455318954315018,-0.37511388577459454,-0.46898386275231735,-1.4326839269785252,-1.2194660245287485,-0.7101696077950981,-1.562660154656818,0.9680113660709854,-0.49843341780475975,-1.1930850208290784,-1.0623239511049256,-0.5177342941630072,True,False,False,False,True,False,False,False,True,False,2
-0.10764792333070694,-0.9413623210326748,-1.3050401985665216,-0.0221586070334549,-0.09769670373975232,-0.021328640784832292,0.017518609197746116,-1.748002457016924,-1.0330457214142557,-1.6125754576976317,0.9776124565758886,1.134869574066463,-1.50612267720774,False,False,False,True,False,True,False,True,False,False,1
-1.4535673486744116,-0.7535621510863832,0.5404039479458455,-0.2500505879245411,-0.8225461537197385,0.7435829094222893,-0.3907139795549844,1.6518938654896802,0.9680113660709854,0.2770430919196357,0.9568190323679648,-0.16230624538341706,-0.0991878740452953,False,True,False,False,True,False,False,False,True,False,2
-0.09779519757313312,-1.5166517218396343,1.5597481612248563,-1.2899847378610054,-0.5989267511256361,1.6079280148128643,-0.34592809104767597,-0.6224214207238463,-1.0330457214142557,0.5313185370999649,1.528435931929989,-0.07763444422614411,-0.09505226693366711,True,False,False,False,True,False,False,True,False,False,2
1.0532366976977199,0.9900957649686974,0.1598635166149232,0.5882556208617881,0.7521472284983716,-0.6555156088283758,-1.5488408618397924,-0.9745790436446105,0.9680113660709854,1.028101763678102,0.9659796404558644,1.5442353968455056,-1.6595475017670993,True,False,False,False,True,False,False,False,False,True,2
0.43982371952185745,-1.398369525338802,-0.1998532121805798,-0.8176968846290589,1.5305600354786273,0.40554327732895895,-0.6813678281742028,0.04966546775887219,0.9680113660709854,0.5179310692119523,-0.823884148173194,0.44437242108579866,0.8843065136568793,False,False,True,False,False,True,False,True,False,False,2
0.3459808290060941,-0.7203663393903871,-0.005007740019915483,-0.4533993846804354,-0.4023779815441857,-0.7502815051531714,1.0452571892944627,-0.9075519860068062,0.9680113660709854,0.15805476298349755,1.4570445464156014,-0.011832598929606924,-1.0784700330597292,False,False,False,True,False,False,True,True,False,False,2
-0.14349523324944377,-0.4423358280052635,-0.2662781242784213,0.2586007409243402,-0.09626279418363017,-0.6367937002363068,1.808294175534193,0.6351205845599458,-1.0330457214142557,-1.3847015451612612,0.4264245215050396,1.16165865971781,-1.0790150817308992,False,True,False,False,True,False,False,False,False,True,1
-1.5286040816472624,-1.0672445248196694,0.43653771254734985,1.2626942001434134,-0.45236222361954226,0.621450320075012,0.2678149277296766,-0.3822148186423315,0.9680113660709854,-0.06590594253179594,1.144329322220838,1.422371292743671,-0.5894266454124101,False,True,False,False,False,True,False,False,False,True,2
1.3893617663125848,-0.538945517032848,0.703700333255836,-1.1740123706817278,-0.5215308876570416,0.9254914619280921,-1.2316073589534642,1.3081658567330667,0.9680113660709854,0.723849897360622,1.126371979779828,-1.657070245107376,1.3104095894082863,True,False,False,False,True,False,False,False,True,False,2
1.1219039268534077,0.6955004264305864,-1.7011511618920316,1.3412609747409976,0.6952818469959028,-0.2002047877419903,1.34513391929382,1.3377485727014597,0.9680113660709854,-0.38992450847948934,1.6613736595353994,0.24217659270119096,-1.3066883874197184,False,True,False,False,False,True,False,False,False,True,2
-1.600070826869604,0.714908171101967,-0.531872288605447,0.25977959967882486,-0.0914991219364055,-0.15344205953631984,-1.2611247038703168,1.1876500107750252,0.9680113660709854,-0.5994047568282486,-1.6493529341690394,1.584773395038117,-0.6876689989669824,False,True,False,False,True,False,False,True,False,False,2
0.3777061666715961,-1.4402630144915036,1.1312500802877543,-1.6204497952922836,1.2136529956660242,1.074009074157405,1.1827829580741678,1.1177799304254878,0.9680113660709854,1.0021375008728501,-0.23266724789129728,0.9111929081953333,0.9801548641484509,False,False,True,False,False,True,False,False,True,False,2
-1.579520240595571,0.27162104224150624,1.5260770730951498,1.310961461355743,1.3479022131565168,-1.3769038329924155,-0.3112566141231219,1.7449705686485193,0.9680113660709854,1.4849455035971244,0.3753677395042065,1.5811813600024338,1.3441123585869525,False,False,False,True,True,False,False,True,False,False,2
-0.21531420017418465,1.2813165928797141,1.2646827879722906,0.29848644754368847,0.25218989092799055,-0.2581749295854762,-1.4125873444671753,0.181946267099271,0.9680113660709854,-1.51176763345239,-0.3473908657339057,0.985794235714397,0.6159699672800775,False,False,True,False,True,False,False,False,True,False,2
1.6220647702267312,-0.6860292732801372,-1.3482235632606536,-0.30210079454797817,1.6413573151259255,1.2665492697353804,-1.0710188743881566,0.5322932340135386,0.9680113660709854,1.2661238293136454,1.6224904344588376,-0.3742037654888698,1.2215557585228367,False,True,False,False,False,False,True,False,False,True,2
1.384849997454684,-1.3667025329541629,0.7170620244254482,-0.20729727861306896,-1.1197439620183045,0.4369354566329506,0.8822220701206378,-0.26982555443776296,0.9680113660709854,-0.7495542272615714,-1.4039876550542394,-1.3048075905217307,1.463230443727298,False,True,False,False,False,False,True,False,False,True,2
1.4773860409034287,0.3360460104671017,1.2800052868167666,0.3304330626446679,-1.067949727493743,-1.3405000456192675,0.6087235751886172,0.6883898838332332,-1.0330457214142557,1.2339303523777883,0.26682045799562143,-1.0172410880327465,0.04644500910057204,True,False,False,False,False,True,False,False,True,False,2
-0.06325581419272483,-0.14577418290279553,-1.5954601997463014,0.21258137800130542,0.4630874505676409,1.3562186229787527,1.1316484603962047,1.2776567980777658,-1.0330457214142557,-1.036922311176558,-1.2087848791463767,-1.3573151850727894,-1.6041099687416067,False,True,False,False,False,False,True,True,False,False,1
-0.12273882497369867,0.349843513710732,0.2787180324033942,0.6539457554636696,-0.0520679486211608,-0.12016406108504343,0.11013895974285344,-0.8333030610573626,0.9680113660709854,-1.1347857953593496,-1.3919177730976577,0.7891132924776556,0.8722790606504283,False,False,False,True,True,False,False,True,False,False,2
0.24183386807947038,1.3287473279541848,1.5468099569568192,0.05550966211711628,-0.8975164562667868,-1.1094612200806482,-0.49958592349265313,0.2406681576803027,-1.0330457214142557,-0.5054958345141743,1.635216094977068,-0.46957901768159416,1.1673565960589574,False,True,False,False,True,False,False,False,False,True,2
-1.2040060496430405,0.02435588742416947,-1.5029135294728955,-1.4879153268881784,0.3513290993939432,0.9975844047676107,1.7644299030802224,-1.2629223999463475,-1.0330457214142557,-1.4251092424896326,1.1301733593667578,-1.4103139311400388,-0.10669855450617985,True,False,False,False,False,True,False,False,False,True,2
0.3517324452650159,1.0300399128375057,0.6867287217324035,0.05616356806257137,1.077440608717608,0.33168203841315147,-1.6916161498691125,1.2459680368296668,0.9680113660709854,0.39190203668857637,0.30112199999246453,0.25566924358133924,1.0570483181216321,True,False,False,False,True,False,False,False,True,False,2
1.1646236573894884,0.7143716272498765,0.7402387671111657,-0.3354940375897566,0.5934914266912469,-1.5828421409393065,1.769055590510036,-1.1778750790182317,-1.0330457214142557,0.844839287843192,1.1517962078713946,1.294948586755432,1.0807122923745,False,True,False,False,True,False,False,False,False,True,2
1.6455085189905132,0.7070799828184445,-1.5952895337697166,-1.3619952247761282,-0.39204002793922005,0.5120639141314219,-0.5811948871271604,0.7775972123160533,-1.0330457214142557,0.33858804959689726,-1.2564358651210548,0.21046194102890456,0.8993979987616829,False,True,False,False,True,False,False,True,False,False,1
-0.8968291613513406,0.6463433481653317,-1.5782751883220791,1.152889503826004,-0.2535729278039575,-1.4187807449159022,1.3463491211703291,-0.2336745343836991,-1.0330457214142557,0.9370621976228454,-0.09304134468961671,1.3183688738057067,-0.897512401322927,True,False,False,False,False,True,False,False,False,True,2
0.4477337126005349,0.20191960114152419,-0.6002724661041748,0.8372760810445463,1.4651169915156534,-0.5959116366100108,0.39456218868373705,0.3960877507958236,-1.0330457214142557,1.288993421506401,1.2560911203080218,1.6044275852952856,0.3238671840007723,False,True,False,False,True,False,False,True,False,False,2
-0.9771951281981232,0.646828964347926,-0.3082679075234379,-1.4359126843779908,0.35994903726552546,1.4127687564340419,1.3572497070174567,-1.2880035565485912,0.9680113660709854,-0.3394791075098063,0.9671105073097663,-0.1863965672726769,0.07175673655066817,False,False,False,True,False,True,False,False,False,True,2
-0.7932500994479729,-0.6107802141393801,-0.678223664820618,0.29042678818958617,-1.0451972812865675,-1.2771192539088543,-1.3860756340175433,0.12103278908052216,-1.0330457214142557,-0.003868220514071632,-0.022902073914159687,1.3940958531653458,-0.9426826205137296,False,True,False,False,False,False,True,False,False,True,1
0.5486973151196564,-0.41272137169309314,0.8631748145260384,-1.5131105050037803,1.2706036465972952,0.3275788262542606,-0.9713565381745062,-1.0649689004372416,0.9680113660709854,1.2093965591655074,-0.8445306506876118,0.9121950751012051,-1.162466861661917,False,True,False,False,False,True,False,False,False,True,2
0.7105463472746651,0.7294524063104761,0.7092456816863727,0.7742724384255788,0.15925427350130633,1.1811500325613702,-0.1747599333934375,1.5294542494863166,0.9680113660709854,-1.2671394399357065,1.2830935418034632,-0.2294352949912581,1.5660733502144784,False,False,False,True,False,True,False,False,True,False,2
-0.22410127635751254,1.0154814563132308,-0.44744463789000766,1.7419831052325574,1.297762017014906,0.571969883315264,0.5121903282712628,-0.007399994172594617,-1.0330457214142557,-1.002739810634643,0.726786234898746,1.4601398567817596,-1.1387826963041683,False,True,False,False,False,True,False,False,True,False,2
0.8685883054819017,1.1799301247892349,0.007909004321606907,-0.38114915308566233,-1.2991439696467584,-1.6913311046379471,0.5871027931441859,1.3665389172335636,0.9680113660709854,0.7961095376091502,1.4165203237492672,-1.558249664706188,-0.5691873341898721,False,False,True,False,False,True,False,True,False,False,2
-0.4927648870627409,1.6220817044623446,-1.4002026857746412,-0.025806765878745315,-0.4519261642435396,-1.2736020379125526,0.7779508738512865,-1.072996577150558,0.9680113660709854,1.350080974962927,1.0906345661122825,0.6279713048237201,-0.08426863683552155,False,False,False,True,True,False,False,True,False,False,2
-0.24803053662871466,0.7507142347053722,1.3247411237657727,-1.469798872408522,-0.4534848965737927,1.0921862883319884,1.3251155800562988,-0.7028437638101119,-1.0330457214142557,-0.941031657836332,-0.6335984169517379,1.0077226767009269,-1.5209188597128662,False,False,False,True,True,False,False,False,False,True,0
-1.0417258507620346,0.9132017197336261,-0.3321325961742822,-1.6362849983258128,0.41901248896503895,0.9376020954358165,1.5602741418400496,-0.2226723266519551,0.9680113660709854,-0.6750236633037636,-0.5412300479279187,0.5482799648730549,-1.5026522413479475,False,False,True,False,False,True,False,False,False,True,2
-0.7984702632958933,1.646866954750427,1.158821958298583,-1.2664100370243758,0.6660379077674508,0.28549237474708034,-0.7591255301451357,0.05953817560406483,0.9680113660709854,-1.2072712942104369,0.15918935159960576,1.694658172028427,-0.42145662559238867,False,False,False,True,False,False,True,False,True,False,2
1.703213222492453,-0.741944706873034,1.1644906224559493,-0.6059155637879223,-0.8798314115316014,0.5837242364771874,-1.4139086249036545,-0.6672710907274624,0.9680113660709854,-0.16730228627258387,-0.5657027582175016,1.636637386954175,0.031068366006079765,True,False,False,False,False,False,True,True,False,False,2
0.30929261192732027,1.481456522840693,0.9013143746281947,1.5451578332562326,-1.5303139784437936,1.6195773530192576,-1.366332194269981,-1.300488687218021,-1.0330457214142557,1.1748138445964678,-1.4484040784352177,-0.7087005633844864,-1.6870585821142479,False,True,False,False,False,True,False,False,False,True,2
-0.8394771752401453,-1.0229305024377233,-1.2577372198029029,1.2161965926794396,0.5299669365978934,-1.0589832751110013,-1.0192039002833269,0.9179739780038744,-1.0330457214142557,-0.90869414160581,0.35081479062114734,1.1439039969114184,0.655968465659045,False,True,False,False,True,False,False,True,False,False,2
-0.7335018098578154,0.10978298277118073,1.1116259835740323,0.28543665842651617,-0.8513483097038739,1.3422893450053102,0.04264784419560406,-0.3947441670306619,0.9680113660709854,1.5234302145040775,-1.5663900290481012,-0.36120453257722374,0.5825547959572811,False,False,True,False,False,True,False,False,True,False,2
-1.5673026543164532,0.5616134579084429,0.9799851220858518,-0.9028776683663349,0.057370530833545756,0.07195639685927689,-0.19251784393872096,0.7806049985484244,0.9680113660709854,-0.8949359129544012,1.4250462533484638,-0.2585899463816195,1.6639174415709912,False,False,True,False,False,True,False,False,True,False,2
-1.58093966132644,-0.39308155307112586,-0.38420400453794534,-0.7268394733114644,-0.2918074095591682,0.5736095901415014,-1.3738985398848944,1.5544641859585067,-1.0330457214142557,1.202180572626663,1.5968142100778246,-0.033718232035970706,1.6728595055273336,True,False,False,False,False,False,True,True,False,False,2
0.6776389949473457,1.2834955091216715,-0.4960436132621777,-1.2565325224425705,-1.0078124195316205,0.15697854649728493,-0.2186338562166098,0.06574458173298106,0.9680113660709854,0.0805634976422167,0.5237475082657281,1.6339716514823992,-1.4445380052309391,False,False,True,False,False,True,False,False,True,False,2
-0.921818396470086,0.21786447572444462,-1.0864569417190355,-0.8980533557043469,1.5425033740680807,-1.1207555039187829,-0.9944078077872907,1.1144450305055167,-1.0330457214142557,-1.1142573573374175,1.453857008133569,1.088992934379841,-1.122129625485695,True,False,False,False,False,False,True,False,False,True,2
-1.5927537632131683,-1.7304250323386146,0.9170085635209382,-0.38441407941208383,1.0772964801103635,0.3967807539038999,0.07443608526597012,-0.6041646192879199,-1.0330457214142557,-1.660542785404309,-0.33109169400977256,-1.2946986780450092,-0.9769645619883954,False,True,False,False,False,True,False,False,True,False,1
0.34986812483768903,1.2381551215389666,-1.4933567548549356,0.23315705608528445,-0.595208700177314,0.3701056305641334,-0.1577232904474434,-1.1067794881311472,-1.0330457214142557,-1.5084183742198207,0.6598459875138937,-0.684125530106102,0.9683561570737924,False,True,False,False,True,False,False,False,False,True,1
1.3932374996957408,-1.0942287751731141,-0.753348041432105,1.1944534142319625,-1.2774819494630127,-1.140432854475287,0.9823532078427814,1.5874227890090795,0.9680113660709854,-0.7832453454593282,-1.3005839509211319,-1.1080362742186411,-1.1803556361221106,False,False,True,False,True,False,False,True,False,False,2
-0.31801956456692626,-0.3461024125927148,-1.5292025808239689,-0.3819407137137521,0.17274277708672606,-0.8965625025012152,-0.918893692151244,-1.0538744818947514,0.9680113660709854,-1.7608694241822498,-0.7017634069679706,-0.9738746791871962,-1.1260034878535603,False,False,False,True,True,False,False,False,False,True,2
0.14451478559188616,1.612800869234299,0.07244747965278585,0.4240768336890788,-0.128798264773912,0.022343271116272944,0.6834672790397339,-0.8759223659362111,-1.0330457214142557,0.4808668882760607,0.8150782795500519,1.0171393691108994,-1.535189182468602,False,False,False,True,False,True,False,False,True,False,1
-0.2046226590589755,-1.2110476444370624,1.1240210878430494,-0.6711423959324072,-1.3632825663299555,-1.6192933619741785,1.1438251779578235,-1.1099590348126773,-1.0330457214142557,-1.2951102801244954,0.3965831298596999,0.6170713846014415,-1.5176090426121704,False,False,True,False,False,False,True,True,False,False,1
-0.13424892312885447,1.0527543832074753,0.5992355191340958,0.33406663329632297,1.7540626556757566,0.40036734760825077,-1.654349366314021,-0.13453055400039088,-1.0330457214142557,0.19805835986766446,-1.4943357359039178,-1.6658284545384499,-0.5153745982577185,False,False,True,False,True,False,False,True,False,False,1
-1.6439447419206157,0.3642756081164204,1.011099012423023,0.5918347433901393,-0.4213581107774786,1.4601606704278942,-0.5043099087252764,-1.600768611293645,-1.0330457214142557,-1.3310432268950976,-1.6183227483040479,1.1752836979793417,-0.5901229338533979,True,False,False,False,False,True,False,True,False,False,2
-0.3685425148894727,1.498961752637107,0.6716756912939765,1.3178710068829016,0.505978754263237,-0.4981010034557697,0.751175323998485,-0.7481241487857698,-1.0330457214142557,0.3065807060112651,-1.624445885286118,-0.45695341045643156,-1.0472744732012664,False,False,False,True,False,False,True,False,True,False,2
0.7650551345224627,0.8831087221922166,0.4576970366314668,0.9069043439922986,1.6399315752357535,0.23872183082180304,-0.3725098972617122,-0.6970531141809329,0.9680113660709854,-0.8554808312829452,-0.05427205370994664,-1.2660084511117549,-0.9242206398055193,False,True,False,False,False,True,False,False,False,True,2
1.085045653046541,-0.8021380171152114,0.24689140836608436,-1.1837491171151908,0.5388684510073886,-0.19218079510777936,1.3288142670651908,0.5375309097803331,0.9680113660709854,-1.0837381910292125,0.8714445343019697,-0.2264915821801293,0.5140763862387357,False,False,False,True,True,False,False,False,False,True,2
-0.8866631704061689,-0.30025253128861534,0.42208817141646865,-1.6789927366930788,1.2283623852212289,1.4007811335480598,-0.01807368025518547,-0.995227834058101,0.9680113660709854,-0.7039971691290191,-1.2841817886357711,1.3178866352029666,-1.384635917253055,False,False,False,True,False,True,False,False,True,False,2
1.0620246695412743,-0.5113757446911646,-1.1020927047055162,-0.7778777329403463,0.5492744379883452,1.2933530424195012,1.0964426295193193,-1.4230431280267888,0.9680113660709854,-0.08326516080648708,0.4900703005246856,0.3230547761831287,1.1061461708333713,False,False,False,True,True,False,False,True,False,False,2
-0.8995640333947689,0.35281080274958576,-1.1426625075318388,-0.17286671519416788,1.4078213870491882,0.05828230612638291,-0.16281814724159074,1.0164430536779439,0.9680113660709854,-0.14344911764679832,-1.6036990010243692,1.532050412054588,0.5387944354809403,False,False,False,True,False,False,True,False,False,True,2
0.5765939660999431,-0.5033525845517579,0.5744005848759127,-0.3044540346597443,0.6717730166235839,-0.455276107902621,1.4849628034380984,-1.7122871261642227,0.9680113660709854,0.047678749712514255,1.17910405572502,-1.5838476051434942,0.2596154991875077,True,False,False,False,False,False,True,False,True,False,2
-0.04958081001485693,-1.657451600238962,-0.014125556010288563,-0.3195606050996787,0.7670799088227613,0.434763184128667,-0.5583394510016149,-1.4674197309695012,-1.0330457214142557,0.6910704324355882,0.7745322097856067,-0.8267367582696874,-0.7420466400517002,False,True,False,False,True,False,False,False,False,True,1
0.46594483258488717,0.06620243340174435,-1.136393922964782,1.548568506196341,1.6037893895563622,1.0904404671412098,1.2232654786961528,0.31673991290988135,-1.0330457214142557,0.7293040182387398,0.21836545733664833,-0.7405489943852047,1.6361428385490344,False,False,True,False,False,True,False,False,False,True,2
0.7383659715864321,0.10439956675744692,0.41821135323019587,0.5285749138750881,-0.0881823936844585,-1.0763818434773103,1.3519044251693264,-0.5744910456149386,-1.0330457214142557,1.2008543895982993,-1.139918162949483,-0.4014360462379576,-1.574431920251854,False,False,True,False,True,False,False,False,True,False,2
1.5322510559565055,1.1459946589241807,-1.1663332100654582,0.19009366349136694,0.2655600769610661,0.021669021947832788,1.2914245845022745,0.8372197874602987,-1.0330457214142557,-1.4936706743776669,1.2594827750872701,1.0380972276402571,-0.9397559585738581,False,True,False,False,False,False,True,False,True,False,2
0.3147239141816704,1.408756249552195,1.4295932306252703,1.3333501111068518,1.0927283394458192,1.5638376898035038,0.8843810383506621,-0.12383035787473905,-1.0330457214142557,1.5410793244360006,1.4537221655797308,0.6647032558339927,1.4049179463002115,False,False,True,False,False,True,False,True,False,False,2
1.3256694606450363,-0.954822073929157,-1.480017548512421,-1.2017354977460943,1.111834373006827,0.2796870819688023,-0.4566825589450848,0.539485899745599,0.9680113660709854,0.32133678938333654,-0.5121112068507715,-0.7207522840508422,1.0538684936943963,False,False,False,True,False,False,True,True,False,False,2
1.279942743867902,-0.3300786450273688,0.8197739647335986,-0.24506767275872066,1.0508821698748736,-0.23132806586323879,-0.49802344720312486,0.9982196425838226,-1.0330457214142557,1.5513548462645332,-0.6331086792475941,0.48519063847530336,-0.21141227210778915,False,False,False,True,True,False,False,True,False,False,2
0.4908608253809619,0.4869100503607751,0.8779410580732516,0.6904694617962106,0.18005354308224525,-1.3182801693129267,-1.6474828944336288,0.7167770457292235,-1.0330457214142557,-0.9878503993716324,-0.6549159365457894,-0.019213001225981307,0.5280458113079247,True,False,False,False,False,False,True,True,False,False,2
-0.6014618778161573,-0.8751670301647653,0.06347440002713312,0.3070014625721584,0.26700607203588217,0.1624985867005367,0.22390811827030183,-1.061252278379078,-1.0330457214142557,0.9961782618973971,0.8749611412426576,0.11527504294508173,-1.366548550951628,False,False,True,False,False,False,True,False,True,False,1
-0.8529093169422074,0.8393624051161449,1.1859513677145515,-0.30642092724376624,-0.13225516233752513,-1.066348860007204,1.2916328348269603,0.04266383611772994,0.9680113660709854,1.555654383665367,-0.7719291926388798,-1.023190260159148,1.5412225023804462,True,False,False,False,False,True,False,True,False,False,2
-1.255876860201416,-0.8261641081782454,0.5748757905230047,-0.9149555709762246,0.060903782746765854,-1.4901688077374813,-1.2813679180825206,-0.2951638196587236,-1.0330457214142557,1.1527910309211686,0.8848177643395292,-0.4583210815944608,-0.011284559719069057,False,True,False,False,True,False,False,False,True,False,2
-1.0886547868090577,-0.4239128413340393,0.49960763404018904,-0.876841554191656,-1.2090972477804927,1.201771032441765,-0.1679935645758118,-1.7419586603644885,-1.0330457214142557,-1.6187563079234326,-1.1372190874442403,0.8335337091301558,0.9475099958907466,False,True,False,False,False,False,True,False,False,True,0
1.6955648108319967,0.20268341702226325,-1.4587891611283434,0.4633487186238298,-1.1269205134890832,0.5951389882691299,-0.962787984683933,-0.032525798035796076,-1.0330457214142557,1.2898226190642936,-1.6807392018728395,-1.367400444149363,1.6636165466819368,True,False,False,False,False,True,False,False,False,True,2
1.1617869103416325,0.5281493213191155,0.4562111489708521,-0.4489964064229374,1.151233768222762,-0.029749546724092787,-0.0641100264261566,0.9425531720765066,-1.0330457214142557,-0.7679094735516352,0.5793326796743145,-1.1691424299862152,-1.1471582445626305,False,False,True,False,False,True,False,False,False,True,1
-0.09597946808610046,-1.0493007256808742,-1.4213287639231862,-1.7006450978502563,-0.2806092427421197,1.0951958685058716,-0.4364201811146521,-0.1285326924201199,0.9680113660709854,0.6453039211548252,-0.6929981625958525,1.1531158381598852,-0.41372422342456994,False,False,True,False,False,False,True,False,False,True,2
1.4652530649184945,1.5807551423258628,-1.186257286627183,-0.5396932645451333,-0.451572078361355,1.6352680269930384,-0.03198177838864091,-0.8351043270604817,-1.0330457214142557,0.4717971802488897,1.5812129695959476,-0.7010386008845925,1.031431486687977,False,False,False,True,False,True,False,False,True,False,2
1.1068100720917002,-0.6651573636780571,0.6102169648012108,-0.7346047065991709,1.3210128211162437,1.4350588537644784,1.1965614170968468,-1.714576138105512,0.9680113660709854,1.387945342876163,-0.4657470747316261,-0.09041751852815254,0.21920794937756233,True,False,False,False,False,False,True,False,False,True,2
-1.4741599521586939,1.7113554509481588,-0.4844672170955441,0.23387531148503857,-1.4322792237850968,-0.6181524502103992,1.2003673093051679,-0.3741117691788114,-1.0330457214142557,-1.2557477239758785,-1.0445603051710843,1.6735849743173523,-1.3271570686079062,True,False,False,False,True,False,False,False,True,False,1
-1.4315268907730456,-1.1678893660424767,1.3747210985749334,0.17990660780204704,1.1285343900618872,-1.6275554918232262,0.06683243210164562,-1.1651694890220934,-1.0330457214142557,1.424473067257717,-1.6569566897013908,1.4373402608213743,0.48037387226771205,False,False,False,True,True,False,False,False,False,True,2
-0.341274573838219,1.2360156787824752,-0.23511993597908165,-1.4554007440947074,0.8615542338494492,0.6285263325703098,0.4287661242928328,0.1922290383091297,-1.0330457214142557,-0.8606651217858151,-0.17162458273636466,1.2113300693318227,-1.4566485123533617,False,False,True,False,False,False,True,False,False,True,1
0.4381651323445328,1.6027241776237844,-1.4236966766397259,1.3048244234310413,-1.635436158000973,1.435557550751909,-1.247670328102603,0.27192284153672486,-1.0330457214142557,-1.4398223060378972,0.8528410806223536,-1.183911242023334,1.2574452670681782,False,True,False,False,False,True,False,False,True,False,2
0.018478542425249107,-1.704747123482216,1.11561229508136,-0.9449761456264308,0.16297003627386683,0.7325163628832345,0.7264520048989687,-1.623250401241114,0.9680113660709854,0.597573886336275,1.1080815370552797,-0.6239887918113383,1.4095223658623237,False,True,False,False,True,False,False,False,False,True,2
1.7033246913979094,0.013371573107546117,-0.05272834524258567,-0.5268810356402802,-0.6597592625262241,1.1929279313592656,-1.700655634891571,-1.3253035433855316,-1.0330457214142557,0.9995555748270307,-0.8688517207748093,-0.467402924940224,-0.36943241262195814,False,True,False,False,True,False,False,True,False,False,1
1.0064031983971549,-1.1638729879084524,1.4030464553573045,0.1686104087200206,-0.02167157289928242,1.5127681461125642,1.2033904981126748,0.6848139910358985,0.9680113660709854,-1.110259419655504,-0.0637114425677917,-0.978821453380727,-0.648833859496056,False,False,True,False,False,False,True,False,True,False,2
-0.323558902560138,1.2346824129804954,0.7714404247790823,1.6549169492837494,1.7187670967916535,-1.0516421253780235,0.30758141946055034,1.5243231504781145,0.9680113660709854,0.7263245890494163,1.0971071557646581,1.2824200842117481,-1.1067304713161898,False,False,False,True,False,True,False,False,False,True,2
-0.06494055632902207,0.9687199740383379,-0.5264386723753607,0.7537808215892072,1.3252793555963784,-1.5961332015891194,1.216138904158644,0.23617311293596116,0.9680113660709854,0.2545891794072862,-1.323973723639386,-1.6347376154621456,1.1171789911860215,True,False,False,False,False,True,False,False,True,False,2
-1.5908183057214378,-0.7130447576307456,0.31391779647618856,0.23476443202347025,1.0065517223707339,0.02467702705338744,-0.538229919830065,1.5583268874996274,0.9680113660709854,1.5637180285910648,0.9242184083383383,0.07255887725823706,0.8869658247757968,False,False,True,False,True,False,False,False,False,True,2
1.477470329120446,0.5814421120157158,-1.3777510465743736,-1.4002258967282124,1.3865966940959138,0.4891215931020714,-1.1317294082294636,1.7235904952526022,-1.0330457214142557,1.1512796420154776,-0.0845847549713395,0.5177268584596368,-0.5812912343385951,False,True,False,False,True,False,False,True,False,False,2
1.4924926276742387,-0.31785766383140807,-0.5750051258005435,-0.7990978561984388,-1.5220467099546877,0.26371711357905836,-0.07545131224067378,1.1140362085747808,0.9680113660709854,0.049736305310254914,-1.5565118542254535,-1.3013245834597218,-0.10764793993468573,False,False,False,True,False,True,False,False,False,True,2
-1.6679359625399937,-1.3261553564975035,-0.9393606473656742,-0.44174265679652974,-1.3501714645917213,0.839176763941796,-1.5078043546369657,0.1929592679291655,-1.0330457214142557,1.5789725198024163,-0.4046444316031163,-0.9458472994519,1.1739230175858053,True,False,False,False,True,False,False,False,True,False,2
-0.09548145179703853,1.1315192481782397,-0.46563337080858525,1.4429250486860536,1.233274298436028,-0.025822377677977716,1.127401147155492,0.27641627477899505,-1.0330457214142557,0.8429522731195702,0.3627246465624053,0.4062572335195856,1.0218532945173342,False,False,True,False,True,False,False,True,False,False,2
0.578082614818041,-0.35028366345472256,0.5127691003676368,0.20536355126767303,-1.134043325945524,-0.6046417236815981,-0.26535630673836946,-0.2751615268046774,0.9680113660709854,-1.392752149521896,0.7032811697487459,0.36610243460439584,-0.48140361592168995,False,False,False,True,False,True,False,False,True,False,2
-0.6638338273653591,-0.4879095303008542,0.21344381262943915,-1.562879249450862,0.24423321663146388,-1.5490375690714557,1.7511645937130376,1.5907187648307548,-1.0330457214142557,-0.02706303046926332,0.2087630813639609,1.3721275961146993,-1.6456247247910576,True,False,False,False,True,False,False,False,True,False,1
0.34131974660154113,-0.2738564496292379,-0.7090261991432631,0.8190377521871519,-0.014693714792803824,-0.8098324063631887,-1.5748325203068294,-1.0160132010540743,-1.0330457214142557,0.9373856824763435,-1.0223077892331123,1.384313869408904,0.8904678986578151,False,False,True,False,True,False,False,False,True,False,2
-1.5933209872008576,-1.7223043987934075,1.4731408630707572,1.5598226511250795,0.1477495645952846,-0.32374838078471707,-1.3952267024240184,-0.8449546613984116,-1.0330457214142557,1.2733440634768747,-1.605849645943512,-1.0162101853085328,1.5558124387989316,True,False,False,False,True,False,False,False,False,True,2
0.6054733830390062,-0.7448659076364622,-0.20072356354685914,1.5057977768590065,-1.4480451390593971,0.8499810765553902,-1.3638584598818115,-0.6850998967961859,0.9680113660709854,-0.5585902409591912,-1.344606626896982,-1.1006852506048301,0.8539017499595902,True,False,False,False,False,True,False,False,False,True,2
-1.5461446603256053,-1.713365710523098,-0.8950188167462719,0.49363068025502305,0.8808431045496078,0.0087276103437829,0.04381483599598915,-1.642272802040208,-1.0330457214142557,0.8844818886609077,-0.9141558909448686,-1.3410662769640413,-1.4566825256969769,False,False,True,False,True,False,False,False,False,True,2
-0.12109000216469112,-0.20549568273612004,-1.6674021514612518,-0.35577211721571056,-0.7670588288363698,0.7549693711610697,-1.1174916861046675,0.8748594388619626,0.9680113660709854,-0.8302279489605888,0.16205293603122753,0.5437097105448138,-1.2837859211967912,False,False,True,False,False,True,False,True,False,False,2
-1.3821962687261105,1.6326756756880285,-0.3890600241114473,1.3300581680684944,0.1431801008063231,0.5933006856252516,-0.24052662319949422,-1.7141128252037154,-1.0330457214142557,-0.8347781496882773,-0.31712322171402957,-0.981568645081341,0.6718765002735475,False,False,False,True,True,False,False,False,False,True,2
-0.49643863984652187,0.5857764250520284,1.564537877725656,0.03620462383737328,0.9675081698031535,-0.28889367431803176,-1.7332589684745745,-1.4660038853635164,0.9680113660709854,0.4616932138510309,-0.2427446817487343,1.655122674471907,-0.3792674206733126,True,False,False,False,True,False,False,True,False,False,2
1.580428451331208,0.7004676627773213,0.050446777761643816,-0.6323274816361962,-1.443413290380599,1.1944778359240247,0.198673253613338,-0.2858716373898134,-1.0330457214142557,1.0143830956938702,1.2799992031335563,-1.533772515960517,0.24937639034735187,False,False,True,False,False,False,True,True,False,False,2
0.9191563943306033,1.4050956709080873,-1.698763646605663,-1.527541656933229,-0.09305100373777485,0.6702015700661551,-0.8288316757195641,0.18172877127941406,-1.0330457214142557,0.2980301160824927,-0.9149562603100335,-0.9522001227625386,-1.5302621968801686,False,True,False,False,True,False,False,False,False,True,1
0.6617180289221516,-0.5567773956436584,-1.5456060540050753,0.8394367919426667,-0.7168253500698823,0.7512532018613969,1.4747949226003585,1.6070490992021231,0.9680113660709854,-0.2522062265749502,-1.360729827513666,0.7589479331711697,1.1109329093376092,True,False,False,False,False,False,True,True,False,False,2
0.6227359181284736,1.290868460423865,1.2264211448042965,0.8415796151255219,-1.1647984368469049,0.15308114230213163,-0.6036754682018668,-1.4489560627783091,-1.0330457214142557,1.0519879394094143,-0.5618216072736881,0.4128899834534322,-1.4023279391095873,False,False,True,False,True,False,False,True,False,False,2
-1.3264380301603005,0.9003651645274466,-1.484022295527005,-0.9360898061836781,1.2124597687984262,0.9354708730532042,-0.7004699304290883,1.651553303343567,0.9680113660709854,-0.11319910543833293,1.4510231929719566,1.163653062678346,-0.7058969264684128,True,False,False,False,False,False,True,False,False,True,2
-0.31891625450751604,-0.7001088529895159,-0.8948935983176759,-0.43387187768339874,-1.0517156651129889,-1.0668476809316223,0.35766629161738195,-1.1146389730531865,0.9680113660709854,0.22603653905014803,0.41908643813283664,-0.224021474611469,-1.6040380632246034,False,False,False,True,False,False,True,False,False,True,2
0.5997505309090116,0.08567784940909966,-1.5300583863127448,-0.14900786623601509,-1.3381721550396537,0.8077356208210835,0.7922172896518384,-0.361560032572593,0.9680113660709854,1.5565993746968012,0.030679187993958336,0.38058878918064676,0.2770294410731137,False,True,False,False,False,False,True,False,False,True,2
-0.2066193608125291,0.24135828248231658,-1.2361571083899616,0.586310646205464,-0.24901258630916576,-1.6044024402255845,-0.7546503581313595,1.1678761534086424,-1.0330457214142557,0.07816400831335557,-0.6019663903784737,0.614682604769379,-0.9799215764729369,False,False,True,False,True,False,False,True,False,False,2
-1.4224841186303587,1.3498091521154696,0.40262084821313665,-1.6464146261904025,0.20624564594385944,-1.3304355774872543,1.0713104471872572,-0.6425150422272374,0.9680113660709854,1.7203541478344893,0.7532886156620808,-1.3875910084481768,1.3455093671377651,False,False,True,False,False,False,True,False,True,False,2
-0.15307630578705986,1.2387280741661455,0.8575665135849617,0.18026945319084928,-0.9710182107187465,0.02773277870684518,-0.21900463357772126,0.4010777191159387,0.9680113660709854,-1.6449064676625547,0.2607766378453499,1.2687662294321038,-0.7593015440796684,False,True,False,False,False,False,True,False,True,False,2
-0.2786147802672629,-0.7047939622601024,-0.9611980637028988,-1.042219309334338,-0.7742794284179465,1.7131982758202384,0.6194719372376299,-0.10456629722807892,0.9680113660709854,0.7108499493508162,-0.15932329584105098,1.1761458015208028,-1.4430402242288716,False,True,False,False,False,False,True,True,False,False,2
-0.07927200969873595,-0.016049987859911758,0.6215950339084618,-1.494403342084098,1.2635709650645073,-0.864523337021882,1.682646540435203,-1.7019602633173156,-1.0330457214142557,-0.6947155424491981,-1.2864605345885636,-1.6404884743221928,-1.2765626196855828,False,False,False,True,False,True,False,False,False,True,0
-0.47986175922063307,0.5798250658517489,1.6189019183861977,-1.6465643625585218,1.1709275148650145,1.4052971661195999,-1.3307847955686791,0.2972277289535163,0.9680113660709854,-0.49717588209378566,0.44003611776937007,0.583285886040988,-0.13694123825930757,False,True,False,False,True,False,False,False,True,False,2
0.04436824851188017,-0.9352195019585333,0.7144864652303022,1.5221103390220418,-1.099219338093573,-1.002683154943013,-1.0973817273546542,0.41832574943101725,-1.0330457214142557,0.3195002620524553,1.5010798880533698,-1.1663829990364167,1.1348704052912384,False,False,True,False,True,False,False,False,False,True,2
1.6941074116648378,-0.7141259150542275,-1.3658110569773951,-0.08129109241750593,1.6458831183555271,0.3244693932027237,1.1377215186091743,-0.5377917460668077,0.9680113660709854,1.4555488196100814,1.1697525969193137,1.5634573965330105,0.42675903607184157,True,False,False,False,False,False,True,False,True,False,2
0.3177143585928687,-1.6257291784574341,-0.28968481467104684,-0.8292180002425837,-0.43500580862011773,0.7560668047579706,-0.6155210368705388,1.4758121030345985,0.9680113660709854,-1.1057970032666176,0.6634184313906402,0.850324604955846,0.968205830544535,True,False,False,False,True,False,False,True,False,False,2
-1.3319268140375349,0.5246278360027338,0.05069680791246873,-1.2395431643932986,-0.9364462035000662,-0.9937088760823384,-1.1270537936745637,1.6376112172605246,0.9680113660709854,-0.8887904050793608,1.4898108983741143,-0.4321652878338074,-0.34388228762149253,True,False,False,False,False,True,False,False,False,True,2
1.7365258472268763,0.6409668848298092,-1.0558927283333934,0.5371046120217785,1.3997157428576281,-1.0379747607582843,-1.4092242494013618,0.11614079698320208,-1.0330457214142557,-0.5739943557582928,-1.6490807284152662,0.39818971105849227,-0.7152455551914327,False,True,False,False,False,True,False,False,False,True,2
0.36509347329559466,1.181621636573254,1.62484850350048,-0.2206422494955875,-0.5972103274422044,-0.017690675633336754,-1.0584155738822458,0.2389376706299018,0.9680113660709854,-1.3332394741459,-1.0782306181501093,1.569718206509835,0.8840988056183877,False,True,False,False,False,True,False,True,False,False,2
-0.8594298498568899,-1.2737640511647896,0.4302838350603934,-0.5611490951761364,0.14170832571224934,-0.265266547790815,1.4258214038632804,1.5923093493356641,0.9680113660709854,-0.06428165077455064,0.15395605073905438,-0.8945510475542741,-1.6673403963744813,False,False,False,True,False,False,True,False,False,True,2
-0.13612898757471456,-1.142659635295663,-0.08106317054487115,-1.5277755763911296,-1.6910437385524746,0.12614965075171677,-1.313502374335684,0.5694085068425722,-1.0330457214142557,0.3678007053736194,-1.4782080475746444,1.5194886729569987,1.1644027134843318,False,True,False,False,False,False,True,True,False,False,1
-1.4010275497587845,1.1379815085878282,-1.1585561709342644,-1.5582842609111724,0.21640291936330916,-1.4407001619936057,1.5137835711730705,-1.5026672045270435,-1.0330457214142557,-0.8334796763529421,0.007526709445728892,-0.6412803594492101,-0.27575635388759395,False,False,False,True,False,False,True,True,False,False,1
0.669673060184616,1.3105534284821287,-0.5640903163661813,-1.1396638335365106,-0.36603950488907927,1.125438308043258,-0.13410265029359372,-0.007555813609073927,0.9680113660709854,-0.0028648095506280153,1.2344468708080405,1.4313151251018221,1.00757293089555,False,False,True,False,True,False,False,True,False,False,2
-1.213916102732863,-0.21656682473851216,0.04671624650433817,0.5988906282787498,-1.287307214249847,-0.8422414583943114,-1.4290026399057039,-0.15932811325867513,-1.0330457214142557,-1.6243149143332842,0.6595702447371847,-1.1654025755301032,-1.6456916935244752,False,False,False,True,False,False,True,False,True,False,2
1.0605163108769262,0.9156487673870536,-1.1102473406942102,-1.4123739811090739,-0.3802378683290752,-1.5943319159067424,-1.5906838000637409,0.8935106573250046,-1.0330457214142557,1.6734196479295376,1.680874739318523,1.0995332283103028,1.0058101045306493,False,True,False,False,False,False,True,False,True,False,2
-0.1260012051252516,0.6472841377208499,0.5757295546377893,-1.5496334976182835,-0.6559306470296737,-0.49707409381960743,-0.8873623659840711,1.0796196070587705,-1.0330457214142557,0.8617591046257408,0.8920494289673115,1.12622761184213,1.0523130204187183,True,False,False,False,False,True,False,True,False,False,1
-1.061673625824659,-1.3261605030622747,0.9780438329274179,1.2001654209599162,-0.888290746239273,1.1794011543673921,-1.3812545532185367,0.7916319010787071,-1.0330457214142557,-0.2890760237706661,1.1936527811863726,0.2942741809435388,-0.8409670958142174,False,False,False,True,False,False,True,True,False,False,2
1.0723173113614943,-1.032756489301163,1.4724889422873109,-0.48258299443426533,-1.6421692547170479,-0.039792312618983305,0.6991352399047586,0.9957320622174386,-1.0330457214142557,-0.513316410834748,-0.6135053451640404,0.7654226042941199,0.5436553117618306,False,True,False,False,True,False,False,False,True,False,1
1.1662648158377091,1.0359239392523099,0.9362892768566113,0.6535709996224711,-0.8090603888168941,-0.8545371313903045,-1.2810196281870525,0.010131356383283297,-1.0330457214142557,0.40888977382937375,1.526874171954174,-1.0626293033150225,0.20027320372872984,False,True,False,False,True,False,False,True,False,False,2
1.5641284667997988,0.7780589920555329,-0.509306152857252,-1.4590446411935019,1.6555424959396685,0.9531401423458563,1.8218174251172827,0.6363017609001812,-1.0330457214142557,0.7785013862247574,-0.778219388943917,-0.9625366790878503,0.03954444475119955,False,False,False,True,False,False,True,False,True,False,1
-0.7972977010035864,0.1540879961666562,0.5099285106571854,0.010498558116231438,-1.038498603448288,-0.39847990135298256,-0.15777071506156073,-0.015887878359446224,0.9680113660709854,0.12389938896385401,0.38024955558465223,1.2837196606467636,1.3127209729546716,False,True,False,False,False,False,True,False,False,True,2
-0.6984502494890379,-0.6171409575192324,-0.3135253140783306,-1.3667359416712404,-1.6698163110828883,-0.005343016900865135,1.5944233991815082,1.09488163326891,0.9680113660709854,-0.5384023069071759,-1.3356042038932165,1.4523565208578935,-0.7296427998946399,False,False,False,True,True,False,False,False,True,False,2
-1.4526262947455972,-0.8427292171637841,-0.66578570328571,0.9180577185912487,-1.4110142594445052,0.20558303666504177,-1.186976675210117,-0.43046290580693,-1.0330457214142557,-1.6085609816188284,0.0968576385037734,-1.643464361435335,0.9795570589520994,False,False,True,False,True,False,False,True,False,False,2
-0.28694327053754415,-1.6112919480172423,0.5788871849905569,-1.1507472776284275,-0.035475791601773145,-1.6283652884392052,1.3292558403316252,-0.3774516029395142,0.9680113660709854,-0.9304899847579957,1.6640685355963252,-1.457961899528855,0.459511780874253,False,False,True,False,True,False,False,False,True,False,2
1.2416579866282254,0.3452109335179701,-1.3462656554191061,-1.2258427496598183,-0.1712737823789102,-0.6781188883070225,1.7408948409542928,0.7045917558615,0.9680113660709854,-0.4563411870150723,0.7776209783369212,-1.1588900808770475,0.40742612020575486,False,False,True,False,False,True,False,False,False,True,2
0.007295227414379136,0.32037674320655213,0.009474361887058982,-0.4457638988059268,1.4640894246358938,1.07685639491298,0.7869860486804933,-0.6304106635918489,0.9680113660709854,-0.016769628886854335,0.895263308092818,0.3620765438873516,0.16268530662154934,True,False,False,False,False,False,True,True,False,False,2
-1.6161721936360351,0.465908846543751,-1.014051687161109,1.6299247006166633,-0.8614124350788112,-1.278811823334038,0.6842896126822131,0.8603932480670671,-1.0330457214142557,1.6085617051645167,-0.12205575993155318,-1.1652128322280753,1.5083267840320147,False,True,False,False,True,False,False,False,False,True,2
0.8896788853688257,0.15391678754294086,-1.375415069890937,-0.1618117137727531,1.2239490166351938,-1.6571510728978964,0.8103556391960144,-1.5112637594217515,0.9680113660709854,1.5818284657557702,1.3108413759076465,0.8355407550566087,-0.832244961922728,False,False,True,False,False,False,True,False,False,True,2
0.09730701801987529,1.619893441550776,0.9380323184184503,0.30639169042867515,-0.7185982508944505,1.5594577625063246,-0.9003817908662539,1.618192733991394,-1.0330457214142557,0.05124903450180872,-0.27802701578286243,0.8313734903543611,1.6821669788364604,False,True,False,False,False,False,True,False,True,False,1
0.7675864064289235,-1.4455102523725936,-0.4419389605400787,-0.04421939678619313,-1.312420847853523,1.2662699202075187,1.822568931540694,-0.20082052051751478,-1.0330457214142557,0.8292306379146193,-0.5137771891878604,0.5480286280353127,0.5472244490717758,False,True,False,False,False,False,True,False,True,False,1
1.2831633400882552,-1.3428725981931184,0.1712102533800261,-0.8456105746456266,-1.1258354863254518,-0.6489665110529489,1.2786181778442198,0.775302373845113,-1.0330457214142557,-1.0718446366209273,-0.5325324577626209,0.240633200554724,1.3229639304183956,True,False,False,True,True,False,True,True,False,False,0
0.6953408461650668,0.5799748086716532,0.7667807045523876,-1.3099827153614088,1.0104979974430952,0.09337349348250679,-0.4820086048932596,-0.5299309955095365,-1.0330457214142557,-1.3703386110097688,-1.3047364989825225,-0.5218436681869634,0.08123256513742572,True,False,False,True,False,True,True,True,False,True,0
-0.06334624104446235,-0.0061343720576985845,0.6224213565343584,-1.488226316739211,1.2645756385691727,-0.8290301659158801,1.6276909794231442,-1.6768611053705955,-1.0330457214142557,-0.712056319503094,-1.2897735743066698,-1.6166709767662764,-1.2541081974443693,True,False,False,True,False,True,False,True,False,True,0
-0.666800273118869,0.16555591813087933,0.9136883448488503,-1.1744081793059689,-0.8299046645446204,1.1467775928349777,0.581300584337954,-1.2204946301986506,-1.0330457214142557,-1.278650484641495,-0.8844847022663651,0.9209477971593782,-0.29123353813898456,False,True,False,True,True,False,True,False,False,True,0
-0.32675592075032656,1.0414264182522723,0.6887497605384296,-1.3385026598497685,1.5316581391012805,-0.006323537182235439,-1.0558236500644311,-1.1379519687972195,-1.0330457214142557,-0.9773212614659093,-1.2012931041119181,-0.11478055310628199,-0.2590896492363337,True,True,False,False,False,True,True,True,False,False,0
-1.014689512980401,1.324569337774663,0.7000311630798277,-1.4574105257738743,1.6548555329665442,-0.7116504743351237,-0.7915379197851271,-1.6619024145142562,-1.0330457214142557,-0.5524589937601565,-1.038402501063141,-0.030329622356110253,-0.42664583396099354,False,True,False,True,False,True,True,True,False,True,0
-0.4255675233588369,0.48025295319537464,0.6506324204718062,-1.4807084451199717,1.4084261660347055,-0.807929157072204,0.7666929950546789,-1.6871306783686608,-1.0330457214142557,-0.6420515668159014,-1.194628402053264,-1.0444008612940068,-0.9619198330707435,False,True,False,True,False,True,True,True,False,True,0
-1.1099112718883395,-0.05293815774076993,0.5393294338294837,-0.9820645831079299,-0.6686621317153534,0.8561329622830836,-0.3746307532213591,-1.7257673252983845,-1.0330457214142557,-1.4176708787335333,-1.1098365775292096,0.7348828983659743,0.7268486620510897,False,True,False,False,False,False,True,True,False,True,0
0.6665720894176572,0.37661968200937923,0.6008674531943585,-1.2249211531956152,1.2487601603814524,0.736513109462755,-0.805180032316583,-0.5887367170862845,-1.0330457214142557,-1.4567276092271297,-1.4312741585162885,-0.5086021253967608,-0.2771690079452793,True,False,False,True,True,True,False,True,False,False,0
-1.0426707864647364,1.5351864362683303,0.5643889577342506,-1.4031863927167765,1.6864602924360286,-0.69315949086906,-1.2596199646781856,-1.588406315629375,-1.0330457214142557,-0.6280588455412158,-0.9565050250888535,0.15023849318264548,-0.29235407006125863,False,True,False,False,True,False,True,True,True,False,0
-0.5438003355091776,-0.9939559993566753,0.06197436778466048,-1.3082627537335425,-1.2055978288634717,-0.8328360159494834,-0.5389427954255903,-0.44490035777248915,-1.0330457214142557,-1.3641076671567895,-1.4002212485901662,-0.9935353822821016,1.2419961839581644,False,False,False,True,False,True,True,True,False,False,0
1.478570046936942,-0.03946224853677771,-0.550918484787898,-1.339895423721202,-1.039429406166947,0.0866021180770511,-0.7162679182457876,-0.9267560849263963,-1.0330457214142557,-0.6784594254765803,-1.4289609065067794,1.3994666765753496,-0.08865914649006057,False,False,True,True,True,True,False,True,False,True,0
1.0932067004576944,-0.15184838039056037,0.42795244965670254,-1.1053659302966703,-0.7924498572033399,0.4937116346001159,-0.711884060603919,-1.0229397945416017,-1.0330457214142557,-0.9971317574237661,-1.4202892131558855,1.3211997698927134,-0.4443569379256781,True,False,True,False,False,True,False,False,True,True,0
0.7790578911015946,1.0120765961778202,-0.9406529633049068,-1.1397367225950865,0.49571302359456193,-1.246638103129142,-0.636883329425916,0.2833883953960402,-1.0330457214142557,-1.4723338070929728,-0.5505136404907344,-0.8595846804100922,0.44777319539320937,True,True,False,False,True,False,False,True,True,False,0
1.4675162620117541,0.3647468073154183,-0.35273554647598937,-1.2885265162463726,-1.1951379421103918,-0.13932359198747013,-0.5807015054086482,-0.8572963340350834,-1.0330457214142557,-0.6175252962839595,-1.4733366475747018,1.4477663064982755,0.10086915945305219,False,False,True,True,True,True,False,True,False,True,0
0.8410080201721438,0.7897446726197199,0.3923560829503775,-1.3175790466051978,-1.0377656430465974,0.14506172784667504,0.2024643899233345,-0.7524820346618758,-1.0330457214142557,-0.6911096477085122,-1.2018712369198332,1.323220668684498,-0.3500009611658992,False,False,True,True,True,True,False,False,False,True,0
1.41075794783059,-0.817216910176668,-1.258598203433012,-1.3606012569113135,-0.21089953003955575,0.4551371932565075,-1.001602946979561,-0.7371938313325573,-1.0330457214142557,-0.9055785431944243,-1.238920709732431,1.341837907181135,-0.48119917547452423,False,True,False,True,True,True,False,True,False,False,0
0.46010379079023545,0.5437920337630882,0.6643722666558743,-1.238624393926977,1.3500535906976954,0.5982286097323763,-0.842844759641872,-0.6754955331815158,-1.0330457214142557,-1.3840946683774444,-1.3924388871257685,-0.4832949857923699,-0.26342341744444653,True,True,False,False,False,True,True,True,False,False,0
0.48791761927361976,-1.4074765741968105,0.8067707579222467,-0.929345887945367,0.5855030548962579,1.429304369374808,-1.1108251890655576,0.49130535884251625,-1.0330457214142557,-1.3124312193373795,-1.2050394795379378,0.11424308047661369,-0.6580495249047162,True,False,True,False,False,True,False,False,True,False,0
0.6455113717865082,0.4425802980051512,0.6127315764288337,-1.2079071278041358,1.3079472861908346,0.7043994455235035,-0.7884592183077751,-0.5415728372110916,-1.0330457214142557,-1.4686455901399724,-1.4274681578856918,-0.5224418707728369,-0.2539823577032873,True,True,False,False,False,True,False,True,False,False,0
-0.0918685699269437,1.1748360916350498,-0.3264585772750549,-1.128552930889246,1.4057173639984963,-0.7667336518738772,-1.0611663880558975,-1.2041431137587852,-1.0330457214142557,-1.242058421909112,-0.7708518276562556,-0.7081123047278082,-0.5163029300400801,False,True,False,False,True,False,True,True,True,False,0
0.5272873937726229,0.015783133176433983,-0.39408659303444493,-0.9154892193016935,1.1430607949302931,-0.008776798829720045,-1.0052119946434572,-0.003273450196800365,-1.0330457214142557,-1.524379526967326,-0.8159057327797461,-1.0494226990886029,-0.5392748253451523,False,True,True,False,True,True,False,False,True,False,0
0.7886717867745798,0.9588787204491876,-1.3112568079009677,-0.8688902800737135,1.2243873693666694,-0.8344622962086033,-0.721059033277176,-0.10011921619820752,-1.0330457214142557,-1.427287675428275,-0.7993624200554554,0.00843646249969221,-0.2603359699791185,False,True,False,False,True,True,False,True,True,False,0
0.904895710592755,0.9699066914315498,0.9519186523125758,-1.5354816740930102,0.0558801451218528,-1.5390230201630946,0.29592804774459003,-0.45212922770163083,-1.0330457214142557,-1.0333485024926943,-1.0002575101245557,-0.22628542007368596,0.9573067504145939,False,False,True,True,False,True,True,False,False,True,0
1.3698906216472673,-0.6369104237330248,-1.301847528180249,-1.3061662373801286,-0.0669812944844137,0.3276610602702169,-0.9510086331430831,-0.5758214292848666,-1.0330457214142557,-0.9227219155741734,-1.2164962193592417,1.3776261445198403,-0.4078953863376063,False,True,False,True,True,True,False,True,False,False,0
0.7542167074399085,0.7346476073723334,0.8787772182964548,-1.4075325502286755,0.7009208426326015,-0.5727579759166765,-0.1577354683555665,-0.48774334886412996,-1.0330457214142557,-1.2603219248323125,-1.1687462048991304,-0.475103361405602,0.43986671182772696,True,False,False,True,False,True,True,True,False,True,0
0.17990624108041592,-0.12688361160447248,1.194613173506671,-1.2437624485147145,-0.3255556917785061,1.2535259774756842,0.2693205079483989,-0.9655943853877915,-1.0330457214142557,-1.1846376843940782,-0.9384493001513281,1.0611707404357744,-1.4041395301339925,True,False,False,True,True,True,False,False,True,True,0
0.6160526694919466,-1.0213175237788867,1.0619888147267464,-1.0133896829394982,-0.1951722597685654,1.4179608492755524,-0.806729212058011,-1.2333856833862704,-1.0330457214142557,-1.4329171124709577,-1.2491485221657888,1.1156441657586855,-1.285119875453277,True,False,False,True,True,True,False,False,True,True,0
0.4586495111366524,-1.4365810781633173,0.7752668853227239,-0.9239669825716778,0.6892347509209749,1.4264626556743631,-1.1237995415789845,0.7353446631918735,-1.0330457214142557,-1.2892402924863209,-1.1906682548908165,-0.024749833206168803,-0.5751103395886252,True,False,True,False,False,True,False,False,True,False,0
0.24889445608997918,-0.2683622413152965,1.1736350863712612,-1.207322838217471,-0.30493206710743737,1.2795357474791096,0.09911448398724976,-1.007952736713272,-1.0330457214142557,-1.223909711976653,-0.9875946865063272,1.0697871686206188,-1.3853133905794812,True,False,False,True,True,True,False,False,True,True,0
0.9866650359853235,0.2454525468967126,0.8075974778490613,-1.3413765306675227,-0.21860479990751613,-1.3367416675343935,0.6693398692713743,-0.06368589288281035,-1.0330457214142557,-1.0752918123139363,-0.822968180640741,-0.19474508448088795,1.1138310650407384,False,False,False,True,False,False,True,True,False,True,0
1.4694043480342698,-1.3045628106618674,-0.871487580457103,-1.3587268114700182,-0.6924208327126031,0.491170835472275,-0.6202167775343117,-0.7517393041725356,-1.0330457214142557,-0.9032527466290565,-1.1398278614755917,1.0544681855504,-0.2581965878966348,False,False,False,True,True,False,True,True,False,False,0
0.5343851964149293,0.7787555088191895,0.6548725312969167,-1.3604371001866573,-0.873259243129276,0.4117281423388498,0.5185509746115504,-0.7385061963594157,-1.0330457214142557,-0.7614761117661151,-1.0418719277723654,1.234391044987875,-0.6796772156917404,False,False,True,True,True,True,False,False,False,True,0
0.7765257136601563,0.16323960787940672,0.37299117094124523,-1.26011404016218,1.012540891504794,0.7410150492308181,-0.847034239175162,-0.6600643130005885,-1.0330457214142557,-1.3795257159126573,-1.4134880345340666,-0.2794943918688233,-0.32733330493249946,True,False,False,True,True,True,False,True,False,False,0
0.9544000140411736,0.41996272438169147,0.8672360555024157,-1.3943023539662778,-0.12031188209039079,-1.411562382599,0.5984644641202235,-0.14750585416452433,-1.0330457214142557,-1.0768080667150832,-0.8524384114081702,-0.2429481436902931,1.0921983818662884,False,False,False,True,False,False,True,True,False,True,0
0.6427612721205201,0.9155396415260627,-0.9916964331578864,-0.9463928340242947,1.1141795964327175,-0.8707324645617687,-0.880113547147832,-0.777445531226128,-1.0330457214142557,-1.6784945886895852,-0.621660893492357,-1.2987526197121884,-0.555687907879859,True,True,False,False,True,False,False,True,True,False,0
-1.1198986143967031,1.5430343546810545,0.7133219058380066,-1.4391784419604507,1.7147127784311378,-0.6157029617746678,-1.270503151838436,-1.6041010645746736,-1.0330457214142557,-0.5672998168174535,-1.008621044537375,0.25667642391438344,-0.25472127639959025,True,True,False,False,False,True,True,True,False,False,0
-0.1840382625115653,0.4599616001201021,1.058112123471047,-1.4791287474473096,0.19761292568917876,0.3502131211612213,1.4606892878750897,-1.081703061023342,-1.0330457214142557,-0.8476299870462985,-0.8811600208157782,0.0035360617829292007,-1.4282603625185293,False,False,False,True,True,True,False,False,False,True,0
0.8031415815317635,0.8617910647754374,-0.35767261361629665,-1.269606172990015,0.44750078693865436,-0.7590688640024598,-0.5615912032494739,0.5539593585576404,-1.0330457214142557,-1.3634962969658588,-0.8200294930700385,-0.5230646346997997,0.7369282302983128,True,False,False,False,True,True,False,True,False,False,0
-0.6804248887793836,-0.5985191224260429,0.1531364410192192,-1.3897916322021837,-0.684927514125556,-0.5523749917615871,-0.9878834055195996,-0.7210455685567839,-1.0330457214142557,-1.4507251349076546,-1.587670127697629,-1.1685096107569302,0.9095832966625257,True,False,False,True,False,True,False,True,False,False,0
0.00455657301668988,-0.7771144991924126,-0.19438925026200504,-1.1369103337598958,-0.9394651050722584,1.0207513936624328,-0.5711197304557536,-1.4877529741535997,-1.0330457214142557,-1.3011088877630905,-1.2033353054424094,1.0099086825247494,0.27057071091306817,False,True,False,True,True,False,True,True,False,True,0
1.1699211074446676,0.2453543062856155,-1.5134724928402754,-1.0398081115161908,0.6372306600672248,-0.2960973982926306,-0.7034436147244562,0.2137961908752698,-1.0330457214142557,-1.0066068223379456,-1.1067700673214924,1.5527429701884776,-0.04920974497305952,False,True,False,True,True,True,False,True,False,False,0
-0.35158898412579775,1.0571316145237128,0.6895191071470333,-1.3416547888393653,1.537389525768607,-0.025403026903109027,-1.0625452018301784,-1.1525469592454591,-1.0330457214142557,-0.9644836111895808,-1.1952605988585439,-0.10315034491611769,-0.2589528767736085,True,True,False,False,False,True,True,True,False,False,0
0.7285245026007857,0.9411134950472815,-0.05095695925444699,-1.217965012207448,0.7358864075323425,-1.205000561649442,-0.3224666946094361,-0.6865505115267944,-1.0330457214142557,-1.41827335221839,-0.7767653349577103,-0.9154627244532294,0.1003488619594245,False,True,False,True,True,False,True,False,True,True,0
-0.061020193511540866,-1.1165111137042512,0.10430579700256525,-1.1814615978407097,-1.1990839534764073,-0.7731033158654234,-0.04158926754837555,-0.1306854367542909,-1.0330457214142557,-1.2847047193721246,-1.1738488111960357,-0.6612879730222518,1.263849784776563,False,False,False,True,False,True,True,True,False,False,0
1.4893367492621488,-0.433173417242136,-0.7439543288160311,-1.3899302072180564,-0.8877648435448998,0.3066602144068278,-0.8483134774992154,-0.9944118667686557,-1.0330457214142557,-0.7378110082061925,-1.385737666885927,1.3524214571037085,-0.2732651313270138,False,False,True,True,True,True,False,True,False,True,0
1.354962058670537,-0.5710456611128234,-1.3176462194206284,-1.286281486086014,-0.014408918367925683,0.2810948750791614,-0.9325268661445723,-0.5168731620097177,-1.0330457214142557,-0.9289842757064852,-1.2083047018800812,1.390699350056714,-0.3811179987577454,False,True,False,True,True,True,False,True,False,False,0
0.08802239900661969,0.16433944743036585,0.7006435252505573,-1.5072761539731927,1.0717616703307258,-1.0067069735833536,1.446044267674607,-1.4709874023374852,-1.0330457214142557,-0.7644030797448272,-1.2255118683890402,-1.4169778062734266,-0.8626552957322885,False,False,False,True,False,True,True,False,False,True,0
0.20269820669900818,0.2879915428660227,0.7548291352878004,-1.516100119532341,0.9402815690725681,-1.10417002384013,1.2838597873883417,-1.3126617320843113,-1.0330457214142557,-0.8121720081107751,-1.1837332006003638,-1.2637672681286631,-0.5789329821686817,False,False,False,True,False,True,True,False,False,True,0
-0.1280013193831263,1.188530263243626,-0.29260424855529255,-1.1389896567360076,1.416386264131866,-0.763937658469785,-1.0687080967709734,-1.2187460309132896,-1.0330457214142557,-1.218724975190941,-0.7779070914660078,-0.6754929294392775,-0.507792339816513,False,True,False,False,True,False,True,True,True,False,0
0.6576297217803768,-1.2387131359363992,0.9894470153335341,-0.9605356503953933,-0.01598864885725515,1.4457821411722833,-1.0355929727086552,-0.9237646976707843,-1.0330457214142557,-1.4469045831966054,-1.2883715056137652,0.9201981324483955,-1.1389751609014218,True,False,True,False,False,True,False,False,True,False,0
0.21203491942744118,-0.19277198668892503,1.1848434148048983,-1.2267920642517096,-0.3159510106990682,1.2656390540961522,0.19005342449340912,-0.9853212016977655,-1.0330457214142557,-1.202927160967159,-0.9613369239320155,1.065183519279418,-1.3953719604530077,True,False,False,True,True,True,False,False,True,True,0
0.9897014965291412,1.0301050454671148,-1.6797241545263089,-0.8167032042391265,1.2280222010159312,-0.8686759993788575,-0.4824742505472083,0.9210291324193268,-1.0330457214142557,-1.0870385742855813,-0.9954750964532517,1.6487999630778196,0.29605807722569066,True,True,False,False,True,True,False,True,False,False,0
-0.4778971467771751,-1.1366950394621795,0.2762154481865247,-1.2245056636984986,-0.31014846134854124,0.02638358506244609,-1.0909145138648664,0.1761671215297087,-1.0330457214142557,-1.3499167181306402,-1.4337050651484,-1.003437666451238,0.6214802638461439,False,False,True,True,False,True,False,True,True,False,0
0.9298937699141433,-1.0760783080521152,-0.7818155752849347,-1.3570428024936412,-0.7112378287230073,0.8675292343554198,-0.9123416112737703,-1.2725832588011439,-1.0330457214142557,-1.03223958748457,-1.2592986791139367,1.1591994139253365,-0.3024173895132355,False,True,False,True,True,False,True,True,False,True,0
1.4654088317920897,0.4418102190906805,-0.3149515009162911,-1.2787329126349145,-1.2248241424777597,-0.18239686254696774,-0.5548554484138642,-0.8440536683717448,-1.0330457214142557,-0.6059080605462845,-1.4817969874835637,1.4569747450907653,0.13700317889793756,False,False,True,True,True,True,False,True,False,True,0
0.6298046518617999,0.7401416863151663,-0.42643846199125923,-1.023076581223951,1.2336336617122423,-0.28472287363946025,-0.8711390622031085,-0.7957271090051236,-1.0330457214142557,-1.6261696362939673,-0.9086193891400747,-1.0833190279222755,-0.5399863254581664,True,True,False,False,True,True,False,True,True,False,0
1.355595270620873,-0.6720131818125374,0.09961220510121768,-0.9653021173425915,-1.2455696834275474,-0.5295853923092002,0.7394883925800251,0.2223701021870037,-1.0330457214142557,-0.883056454726661,-0.8779276219807013,0.7025892920392748,0.9727008892163231,False,False,True,True,False,True,True,True,False,True,0
1.4293467731534983,-1.2374447512206186,-1.098880363340865,-1.4758598380437067,-0.5880516010689556,0.7848272011017116,-1.0965169515896598,-1.1564448814623034,-1.0330457214142557,-0.8871167285384242,-1.289505046204082,1.239779449401946,-0.6116891107169875,False,True,False,True,True,False,True,True,False,True,0
1.3863267194247915,-0.21464067595074,0.0277352114491988,-1.0474246418435538,-1.2831039362471341,-0.4863036589475377,0.3787539519265537,-0.08675832662351601,-1.0330457214142557,-0.7804346246909188,-1.0765895374847525,0.9487547481265914,0.7685678447745897,False,False,True,True,False,True,True,True,False,True,0
-0.15784201338205608,0.34093741234528907,0.9489633267884052,-1.482948079300024,0.4641501131074139,0.04647467456322052,1.5161885285948467,-1.2367951041137253,-1.0330457214142557,-0.8093945364253554,-0.9825032773134449,-0.4075436052523864,-1.3903291417585801,False,False,False,True,True,True,False,False,False,True,0
-0.43548847650621325,-0.40735961312003816,0.2470436547486273,-1.3575133248299227,-0.31469098383474114,-0.31324721943308376,-0.9519789095722415,-0.6931066726581542,-1.0330457214142557,-1.4554870527913557,-1.559468410154854,-1.0567917419931425,0.6915789104633867,True,False,False,True,False,True,False,True,False,False,0
0.01900715132910158,0.08992200783205373,0.6680330438200789,-1.5019656339880527,1.1508902322793608,-0.9480508656541109,1.5436516209747144,-1.5662724111472126,-1.0330457214142557,-0.7356543446035065,-1.2506554898999236,-1.5091843793043358,-1.0334076639628764,False,False,False,True,False,True,True,False,False,True,0
0.47060219060885256,-1.0962164181600413,0.9670725803159471,-0.9567077684401033,-0.3035832761226286,1.4180365673144966,-0.9071327710928435,-1.344316312423509,-1.0330457214142557,-1.4989845011654597,-1.2874732945349834,1.088568763526703,-0.9774709469423881,True,True,False,False,False,True,True,False,True,True,0
0.15326433938797784,0.2873546441598092,0.0868737604108113,-1.3052685359822236,1.240604756798549,-0.8505586976656251,0.8263186296144843,-1.4419718702630804,-1.0330457214142557,-1.0282433540599418,-1.0700415000231298,-1.5463909943575171,-1.0813515107641498,False,True,False,True,True,True,False,False,True,True,0
0.057167741372085024,0.1248242308015074,1.2319357646389957,-1.308592986559798,-0.3622476506924134,1.2072514051079746,0.5721379097236979,-0.890233680793722,-1.0330457214142557,-1.1147679284463234,-0.851013627435884,1.045841057415192,-1.4376335424649402,True,False,False,True,True,True,False,False,True,True,0
0.46850493131253246,0.5384788930195683,0.6641119931297488,-1.237558014069381,1.348114636004438,0.6046832896007128,-0.8405708275031687,-0.6705579802174154,-1.0330457214142557,-1.3884377050103742,-1.3944797116333543,-0.48722953916711187,-0.2634696882029736,True,True,False,False,False,True,True,True,False,False,0
0.9121211131256347,-1.4067002078447786,-0.2091850501188134,-1.1891665051966296,0.2736535578485816,1.1059706624874766,-1.1490081101211984,0.2793991246400602,-1.0330457214142557,-1.0419059746991801,-1.2144229291675896,0.3366282932094332,-0.4661072269215011,False,False,True,True,True,True,False,True,True,False,0
0.783855590409029,0.8125119286736457,0.9351577364227913,-1.456640420189015,0.5450756309845085,-0.908097319343099,0.005507893792533025,-0.4665055326421512,-1.0330457214142557,-1.204938077943988,-1.1002869021560513,-0.45157367618933636,0.6204078584423629,True,False,False,True,False,True,True,True,False,True,0
0.2880313926559242,0.2126384666604424,0.6406528965789067,-1.351939736410709,1.2867422169224303,-0.04592783996295158,0.4151809018067272,-1.1230867213113245,-1.0330457214142557,-1.09465394100558,-1.3628707090054828,-1.0911744614306182,-0.7586858461276125,True,False,False,True,False,True,False,True,False,True,0
-0.09905079109661993,0.44519175887922996,1.2794390372753448,-1.3911076949571346,-0.4089482702091399,1.148354271746568,0.9575564232605109,-0.7943164363637409,-1.0330457214142557,-1.0258394279021377,-0.7397276616673651,1.0263298152998275,-1.480263894516361,True,False,False,True,True,True,False,False,True,True,0
1.0460798002927814,0.12765944308801724,-0.4752536068948985,-1.11901919256126,-0.45234037480324957,-1.1961368630454698,0.24177564474353463,1.0032640379274553,-1.0330457214142557,-1.2117430828278106,-0.5081753024648888,-0.20665934485706722,1.2909672721926917,True,False,False,True,True,False,True,True,False,False,0
1.2964214112809824,-1.4611015320407181,0.2233298375791867,-0.824932508155085,-1.1807687729425762,-0.605151809150191,1.3568285883256015,0.7527983057041697,-1.0330457214142557,-1.0614460235606467,-0.5373533591967111,0.2728980408176805,1.3252959470869583,False,False,False,True,False,True,True,True,False,False,0
-1.1039011815077726,-0.15782809457566693,0.5280984327527753,-0.9523136665502245,-0.8214655646568383,0.9538591871443685,-0.31620584547607644,-1.7303452875892515,-1.0330457214142557,-1.4745260737076231,-1.1175787493333575,0.7627755761345499,0.7892387775817811,False,True,False,False,False,False,True,True,False,True,0
1.4600899341609919,0.6363089002384825,-0.21958916410175583,-1.254015047928016,-1.2997485026472886,-0.2911085601418829,-0.48962314319207406,-0.8106307904188192,-1.0330457214142557,-0.5765875700890193,-1.5031498567172092,1.480215724440251,0.2282010504260609,False,False,True,True,True,True,False,True,False,True,0
1.3027971067435737,-0.34089409320108155,-1.3728516648709332,-1.2167981006487163,0.16929499721172991,0.11837842235026497,-0.86794593571574,-0.31088993821389177,-1.0330457214142557,-0.9508668718921047,-1.179681041573637,1.4363811172452454,-0.2875496400342417,False,True,False,True,True,True,False,True,False,False,0
0.890175728675418,1.0897292777599017,-0.8719000033117419,-1.3018408334633322,-0.008176328038838138,-1.556019878952296,-0.4265016500793981,1.131026164556561,-1.0330457214142557,-1.3003604535576756,-0.49847967036995194,-0.49835215024787477,1.26659506219465,True,False,False,True,True,False,True,True,False,True,0
0.09023391292143423,0.14870960938178213,0.20618918029819913,-1.041294534512013,-1.282426322855712,0.46451219632755125,-0.2897708287651736,-1.2964009349459533,-1.0330457214142557,-1.1235487979045646,-1.315720913294174,1.1429275703105375,0.6522987114265968,False,True,True,False,False,True,True,False,False,True,0
0.8337520856662916,0.9435950313185294,1.0300732653994977,-1.5393125844241937,0.2827131839257644,-1.472634720306649,0.28032498638298264,-0.4307520733266085,-1.0330457214142557,-1.1117004260233208,-0.9850369692151095,-0.41196189905112646,0.9243454418925697,True,False,False,True,False,True,True,True,False,True,0
0.7999273268342396,0.8547339938637006,0.9657301715509086,-1.4832692490564319,0.46056829083444695,-1.08993566818262,0.09402689406467213,-0.45498928943817074,-1.0330457214142557,-1.1749060895478411,-1.0631647248227563,-0.4388146629917745,0.7183066127685236,True,False,False,True,False,True,True,True,False,True,0
0.42576787851022324,0.5076746655484375,0.8186877668932575,-1.276898415943096,0.8858168569035387,0.82102011230437,-0.2857218623506117,-0.602336783033509,-1.0330457214142557,-1.3478640549816352,-1.2432352393979849,-0.1889130056895727,-0.5660255013208926,True,False,False,True,True,True,False,True,False,True,0
0.41430902263900166,0.5161662671986256,0.8548176279169077,-1.532382948398971,0.6976618564497947,-1.2840182063282832,0.9845814051663319,-1.0205039968068625,-1.0330457214142557,-0.9003198233431962,-1.1066391896005656,-0.9810484659695669,-0.055381315241442186,False,False,False,True,False,True,True,False,False,True,0
0.7870156314044895,0.9626374651628371,0.48516725219838,-1.3857782906175717,0.4766260083032403,-1.4216295145214024,0.010889458498556603,-0.557628770397747,-1.0330457214142557,-1.2559478330760305,-0.8593476999738319,-0.6664701355413019,0.5449129244058393,False,True,False,True,True,False,True,False,True,True,0
1.4615002836174218,-1.2598919976706295,-1.015015487893171,-1.4626816557786944,-0.5428462876480861,0.8134521444501874,-1.1201197337772812,-1.1464590446327088,-1.0330457214142557,-0.9016223623927035,-1.2954532378390875,1.2452152695603897,-0.7002519925046011,True,False,False,True,True,True,False,True,True,False,0
0.35486875360094683,1.0055243823291786,-0.7450260106900115,-0.999515560599151,1.2738094421740627,-0.8013026959888429,-0.9679223693496642,-1.023595875491907,-1.0330457214142557,-1.5305479969467715,-0.6836221061822764,-1.1114110470286507,-0.6215259854494006,False,True,False,False,True,False,True,True,True,False,0
-0.22556591985084865,0.6486449364467161,1.2311404759356726,-1.4730741438412585,-0.22491569405937617,0.8317151128673259,1.3727090033768699,-0.8358430835255837,-1.0330457214142557,-0.9082428130943978,-0.720505416842669,0.6552009420256186,-1.4883909075592496,False,False,False,True,True,True,False,False,False,True,0
0.6814923162878439,-0.6867489039111127,0.9181163823753494,-1.0459232178749995,0.2927945061956716,1.2264349507045345,-0.9469633555192206,-1.061889335242787,-1.0330457214142557,-1.4797472887563212,-1.3491323539285052,0.5965816474912758,-0.949872456750733,True,False,False,False,False,True,False,True,True,False,0
-0.9198115953191588,1.4886232803347164,0.4492768916477655,-1.3676992594363093,1.6501837161852149,-0.7026664753428463,-1.233976518039468,-1.538753227586796,-1.0330457214142557,-0.7073976291538313,-0.9325155967162362,0.03932553682202289,-0.321291924134802,False,True,False,False,True,False,True,True,True,False,0
-0.01040370079264441,0.2633973920831101,1.2524830363925916,-1.3442842567189714,-0.38244773938140214,1.181775783376629,0.7388485066363015,-0.8487452195197751,-1.0330457214142557,-1.0763024087902524,-0.8028775127199175,1.0374015800540504,-1.4560730599958178,True,False,False,True,True,True,False,False,True,True,0
0.6721003346695174,-1.1362581243831285,1.0449457182548583,-0.9837852776529149,-0.1784171370254749,1.4390918044726904,-0.9450086303739891,-1.2677986145258184,-1.0330457214142557,-1.4648226408642833,-1.2890754018374182,1.1226443567603488,-1.2698250723308713,True,False,False,True,True,True,False,False,True,True,0
0.40162517096529854,-1.4932866611459203,0.7138865070822487,-0.9134870250580809,0.8913397688805625,1.4209260200993736,-1.1490780422516758,1.2108171550001614,-1.0330457214142557,-1.2440563914478582,-1.1626681669069503,-0.29555582975924444,-0.4135162831888529,True,False,True,False,False,True,False,False,True,False,0
1.4378362980307233,-1.3344558604551255,-0.6643495321605056,-1.2574819990609671,-0.7847554437768762,0.2839900424212114,-0.2451647270355407,-0.46647587300646554,-1.0330457214142557,-0.9329800197268864,-1.0253591417551908,0.9074552091465348,0.041304846650600635,False,False,False,True,True,False,True,True,False,False,0
0.8660557339166267,1.0276157709522233,0.28237947258865337,-1.459559239938697,0.11518933207055314,-1.6146256129568597,0.048462174464143803,0.2050390510915266,-1.0330457214142557,-1.1697684211296604,-0.7669690564695291,-0.43914417906335473,1.1205358606191345,True,False,False,True,True,False,True,True,False,True,0
1.4067526165594453,0.8344808721782707,-0.2979729569345553,-1.1868004041124258,-1.0915718629957114,-0.4374711914322771,-0.4363303952093178,-0.6027162143603071,-1.0330457214142557,-0.6058157247428143,-1.4686105844396435,1.5228874654767608,0.3061344062696393,False,True,True,False,False,True,False,True,False,True,0
0.8210018458517958,1.041784902135122,-0.9249448334495072,-1.1992364179952144,0.30538596970603027,-1.3623193959762134,-0.562031602932053,0.6098496865737545,-1.0330457214142557,-1.4088898379087103,-0.5286187675084812,-0.7244350317134944,0.7565785599277244,True,True,False,False,True,False,False,True,True,False,0
-0.11003396851342188,0.12371876850589093,0.749767230302857,-1.48991834392379,0.9505793630452,-0.5078467174611396,1.6174744103021022,-1.51983743273782,-1.0330457214142557,-0.7396149992930965,-1.1674542956756957,-1.1577622746904175,-1.3211048228475581,False,False,False,True,True,True,False,False,False,True,0
0.32558181155870236,0.2360179050495714,0.6426012333546598,-1.3373752972110131,1.2891110765850116,0.03775938871349349,0.285604466167231,-1.0639069155847465,-1.0330457214142557,-1.1355407237166137,-1.3706823275186681,-1.0350166062051778,-0.7057419047906796,True,False,False,True,False,True,False,True,False,True,0
0.6273099807730397,0.8278681752737456,-0.7343202981417283,-0.9683555948914413,1.2122934702970944,-0.5741109884815758,-0.8928716899870912,-0.8595959541555094,-1.0330457214142557,-1.6686664156229614,-0.7590644701553703,-1.2298239749160922,-0.6181651871279568,True,True,False,False,True,True,False,True,True,False,0
0.5413732127792676,-1.1267307028673592,0.9882897193481278,-0.9603327088451185,-0.2624841178107376,1.427852353413155,-0.9406805684918734,-1.3262682575938114,-1.0330457214142557,-1.4935483393818543,-1.2942929810749315,1.1001442073119985,-1.0648413233177232,True,True,False,False,False,True,True,False,True,True,0
0.5162022545637924,-1.3793500456169099,0.8372160310685519,-0.9345440502605796,0.4852569721511847,1.432050595240861,-1.0982868033505988,0.2554663122021674,-1.0330457214142557,-1.3348428800075398,-1.2189277994086558,0.2485655263633848,-0.7382017710612304,True,False,True,False,False,True,False,False,True,False,0
0.6254460678915598,-1.4748072657401265,0.24103716060582597,-1.0427706014095728,0.6756615194224008,1.265970205487895,-1.1595156366054225,0.9563107718093661,-1.0330457214142557,-1.1273546805175625,-1.176155368701627,-0.10130931788716158,-0.372068164631153,False,False,True,True,True,True,False,True,True,False,0
-0.49997600269569,1.3870467687275934,0.8341298144075038,-1.489681594082735,1.2075332894446773,-1.014480360992503,-0.7234154536191133,-1.2304272304436077,-1.0330457214142557,-0.7149988639549221,-0.9743353371675104,0.057760110776316875,0.1834283863240893,False,True,False,True,False,False,True,True,False,True,0
0.20179086500229448,-0.17176383649179416,1.1879584492541997,-1.232202979015403,-0.31901341104592373,1.2617768654677946,0.21532730312186943,-0.979031413561088,-1.0330457214142557,-1.197095660791571,-0.954039329516858,1.063904066560375,-1.3981674523813767,True,False,False,True,True,True,False,False,True,True,0
0.8761989364491114,1.0537364184006857,-0.20303068691731507,-1.3932337802535415,0.06331026291830383,-1.5899800922791842,-0.1512747788862598,0.5944452233678847,-1.0330457214142557,-1.2246864029655964,-0.6540609796533894,-0.46404295907006315,1.1819582646506892,True,False,False,True,True,False,True,True,False,True,0
0.24699480446326527,0.3357554718449539,0.7757597763770627,-1.5195086122294905,0.8894938634820456,-1.141817733683891,1.221211694199262,-1.251504207475686,-1.0330457214142557,-0.8306240342881887,-1.1675950727824564,-1.204585600102841,-0.46933765030597274,False,False,False,True,False,True,True,False,False,True,0
0.24587232083142574,-0.2621645515341994,1.1745540638629985,-1.2089191315999275,-0.30583551682372534,1.2783963493517145,0.10657062162119035,-1.0060971637430598,-1.0330457214142557,-1.222189340182489,-0.9854417969892106,1.069409712682433,-1.3861380986853837,True,False,False,True,True,True,False,False,True,True,0
0.2699375997856156,0.5638827582834498,0.9357234171399366,-1.3215107676817284,0.576074713182863,0.8837330837831714,0.08681871060182411,-0.6255811695982315,-1.0330457214142557,-1.2537753714570823,-1.1022436997503384,0.0878345611331719,-0.7868649910662269,True,False,False,True,True,True,False,True,False,True,0
0.6101613036360325,-1.2859162130092525,0.9383525274109793,-0.9518118843001517,0.1522483789233009,1.4411733139276943,-1.0566353983884211,-0.5279700775231728,-1.0330457214142557,-1.4092924284317905,-1.2650635658725478,0.6947727747546498,-1.0044604218307804,True,False,True,False,False,True,False,False,True,False,0
1.0248942846769495,-0.31875363663826206,-0.1417468104735533,-1.3396094374813594,0.4789573678900213,0.751184248788365,-0.9415765484452965,-0.8211825407383841,-1.0330457214142557,-1.205138340740578,-1.3733118763780672,0.23802525131939967,-0.4406468482068845,True,False,False,True,True,True,False,True,False,False,0
1.036356986189006,-1.2239305184374678,0.13168084663971635,-1.186417051658966,-0.3342805757261558,1.169308723327876,-1.0621123918316977,-1.2242200930270606,-1.0330457214142557,-1.2256804802276635,-1.3034049552323306,1.1787117818472075,-1.0142574945028693,True,False,False,True,True,True,False,True,True,False,0
1.3937571308448413,-1.3761961877602609,-0.3751180889640704,-1.1161116257759391,-0.9136843056384175,-0.005301086222320839,0.27852875531404586,-0.06815622789139275,-1.0330457214142557,-0.9744888693616405,-0.865523933893364,0.7021777350969164,0.4595053311384264,False,False,False,True,True,False,True,True,False,False,0
-0.05948725509258468,0.8723974592432562,0.6804695802642176,-1.304577513511891,1.469973438998674,0.199021638401916,-0.9834821856055922,-0.9808717260817132,-1.0330457214142557,-1.1154879309443166,-1.266218627204458,-0.23995198996482464,-0.2605616784040039,True,True,False,False,False,True,True,True,False,False,0
1.2509686132034634,0.8704688486016375,0.2693980960523794,-1.34448392083122,-0.8389958609238058,-0.8160319058072979,-0.16100395822825636,-0.6585871594870965,-1.0330457214142557,-0.7295202749670384,-1.328572618249745,0.8598943267671164,0.5505935343312109,False,False,True,True,False,True,True,False,False,True,0
0.8272526462670082,0.9774441601805811,0.8539759639737906,-1.5012198202241707,0.2982764918824975,-1.5706521539307658,0.24021066944890934,-0.4689413724964297,-1.0330457214142557,-1.144281423829307,-0.9161574746609846,-0.4951840156524365,0.8507358954076476,False,True,False,True,True,False,True,False,True,True,0
0.7669114579809522,0.7679979915955739,0.9029257873816773,-1.4285661417914217,0.6341701460240311,-0.7163885343230452,-0.08781603980927344,-0.47864689339867117,-1.0330457214142557,-1.2366002440596886,-1.1394241224359478,-0.4650252662074469,0.5171950248095165,True,False,False,True,False,True,True,True,False,True,0
0.9977494384469703,0.9432268377738795,0.7687937167634298,-1.484235669946634,-0.18422121069594175,-1.3450395569477585,0.17333006387929534,-0.5075233035357513,-1.0330457214142557,-0.9518293100327444,-1.0883467002064962,0.06514403843947386,0.8481828115103103,False,False,True,True,False,True,True,False,False,True,0
1.076926402198723,-0.24273949788796378,0.6407586172608482,-1.1933165935881749,-0.49357913795794317,-1.1274307929134224,0.8676137434049387,0.1708003639168233,-1.0330457214142557,-1.0710500921622659,-0.7405252399138831,-0.05989707515866988,1.17434847431346,False,False,False,True,False,False,True,True,False,True,0
-0.19228141355419195,0.49741483828038996,1.092457880862797,-1.4779269215985709,0.11374189959291087,0.4457902352885911,1.4432253898283764,-1.0329003820450198,-1.0330457214142557,-0.8596615032031779,-0.8492704259989047,0.1328901448492581,-1.4401961469283386,False,False,False,True,True,True,False,False,False,True,0
0.918039741697948,0.921839456148591,-0.8243848482305474,-1.2666770834821144,-0.0886105535890529,-1.4916433498767228,-0.31818469162715424,1.1263777085418676,-1.0330457214142557,-1.287297063779454,-0.4950209029894318,-0.4482255192653139,1.2736870594980767,True,False,False,True,True,False,True,True,False,False,0
1.4924669910477322,-1.257838031444288,-1.1389505969341713,-1.4908757797335657,-0.5724834865903925,0.7743754262091526,-1.1197927904295204,-1.1417674650968697,-1.0330457214142557,-0.8687762912626371,-1.2933224874050702,1.2499630489883344,-0.6507744667050268,False,True,False,True,True,False,True,True,False,True,0
-0.7415396159779285,1.458867383089845,0.7936011659599008,-1.476042441970513,1.3881411451698855,-0.9000032058429395,-0.9188640309146416,-1.3755994949390058,-1.0330457214142557,-0.6493673769359831,-0.9790514623674075,0.13954538616642678,0.03334082306035879,False,True,False,True,False,False,True,True,False,True,0
0.7157601723103195,0.6336184285539119,0.8056233353309984,-1.3438149489872024,0.9031304489381861,-0.13765422203204536,-0.36954419602122096,-0.5152994759444658,-1.0330457214142557,-1.3321826240257222,-1.2575723453319299,-0.5056331950383419,0.20561405951435635,True,False,False,True,False,True,True,True,False,True,0
1.0706149378435323,-0.20860300274715815,0.6524247105833625,-1.2036695835163216,-0.47435174526487955,-1.142066712795255,0.853749578240399,0.15440407263895756,-1.0330457214142557,-1.0713466915454246,-0.7462900062094039,-0.06932623006635691,1.1701168358227434,False,False,False,True,False,False,True,True,False,True,0
-0.709142502695981,-0.23957206832020816,0.4051492618410094,-0.9297828761373577,-1.232703619425295,0.9644298950297097,-0.2071965594778003,-1.598523041619078,-1.0330457214142557,-1.459337243782624,-1.1946830665816686,0.9331349445767032,0.8524744688825078,False,True,True,False,False,True,True,False,False,True,0
0.8996763940872793,1.0856624223879983,-0.9693558305005521,-1.254677934243605,0.10085434280442426,-1.4926978585775081,-0.4416366075608051,1.1317114136521007,-1.0330457214142557,-1.2838654689061813,-0.5376685004447852,-0.30568605713797115,1.1820395356871407,True,True,False,False,True,True,False,True,False,False,0
0.41068727454261456,-1.156469398056161,0.6634357769665985,-0.9654197765946892,1.10332658558528,1.2842482282286176,-1.0966246062061626,1.1730140964021776,-1.0330457214142557,-1.2598844098654742,-1.197552883039792,-0.5236706381049155,-0.2798815706039991,True,False,True,False,False,True,False,True,True,False,0
0.7461572514309989,-1.1993834732456607,0.9144074570373648,-0.9978408343611499,-0.19191513177945865,1.4122138459696965,-1.0225170004696598,-1.2772992212999112,-1.0330457214142557,-1.4468802037343451,-1.308832739916572,1.133316982936853,-1.2285953752683436,True,False,False,True,True,True,False,True,True,False,0
0.7032934539802073,0.8277710529218273,0.9913660248158673,-1.5546194490227556,0.366330400763045,-1.5296262793996824,0.5758745405622625,-0.6215213804597397,-1.0330457214142557,-1.02069810431979,-1.0013564381985436,-0.5949560448024878,0.6596023687098178,False,False,False,True,False,True,True,False,False,True,0
0.9734722107388241,1.0219456110913796,-1.6650017109067357,-0.8094943317356695,1.2587363755326406,-0.8483005639116071,-0.505803855917901,0.8201889768419249,-1.0330457214142557,-1.1132824117207496,-0.9898354774765081,1.54997924333763,0.21986770545831677,False,True,False,False,True,True,False,True,True,False,0
1.4468482808481158,0.8157125757317611,-0.16216512471894343,-1.2239042242920872,-1.3193651071735006,-0.39757556906529906,-0.43174475408199453,-0.7495580137293939,-1.0330457214142557,-0.5598237741981934,-1.513052684172364,1.5049566940323145,0.30971403584977447,False,True,True,False,False,True,False,True,False,True,0
0.15867953207807028,-0.9617249763640972,0.8735582264127527,-0.9407308754481486,-0.48472745534831274,1.3747735763110553,-0.759271148755955,-1.4238629555429576,-1.0330457214142557,-1.522944336472946,-1.2574155860174363,1.037550096727053,-0.5923867805698092,True,True,False,False,False,True,True,False,True,True,0
1.4536301517378414,0.8122376896047178,-0.13028840054867197,-1.232634948430784,-1.3630384739529973,-0.3926457045858436,-0.42858498707356796,-0.7794896681279837,-1.0330457214142557,-0.5515973703535375,-1.520835128359003,1.4959650995986293,0.3124208097638618,False,False,True,True,False,True,True,False,False,True,0
0.6604338244240169,0.488270557895779,0.7003788778014217,-1.2521462076175713,1.1940437875090137,0.4883174515193609,-0.6742675236090111,-0.5549437098336699,-1.0330457214142557,-1.4355666140167624,-1.3853640439449801,-0.5495556178667127,-0.13139871845707218,True,False,False,True,False,True,True,True,False,True,0
0.29862103974038967,-0.37033978797432365,1.1585141181795207,-1.1810572314122645,-0.2900665948345512,1.2982835438038003,-0.02356971775843375,-1.038484561608118,-1.0330457214142557,-1.2522169201633766,-1.0230185942748475,1.07599787485272,-1.371743542406979,True,False,False,True,True,True,False,False,True,True,0
1.417057999109315,0.8296570470060989,-0.26306764512392444,-1.196336823268874,-1.1501192537217293,-0.42721722363174797,-0.43515179430840106,-0.6404574750092112,-1.0330457214142557,-0.593994879447306,-1.4800330872760552,1.5182789008743902,0.307054442210297,False,True,True,False,False,True,False,True,False,True,0
0.6252423290371757,0.9005782924485952,-0.9895011978706373,-0.9230013424257038,1.194606135072021,-0.8139637853843895,-0.9108842872248178,-0.9125322026003725,-1.0330457214142557,-1.7038889104617079,-0.6351092564845334,-1.3512512882518073,-0.6829619692639745,True,True,False,False,True,True,False,True,True,False,0
1.0039764202072619,1.0230155476561715,-1.662214279907121,-0.814078419647832,1.1966979056281029,-0.838237890604162,-0.48239490427448617,0.872365504939283,-1.0330457214142557,-1.0678223589218239,-1.0221727910818355,1.7030088837941806,0.2701756657869678,False,True,True,False,False,True,False,True,False,True,0
1.2281459967964987,0.918084474874216,-0.9029305821463592,-1.021520989987491,-0.07686411169087526,-0.6151867220443581,-0.45675718887210753,0.05139235050594704,-1.0330457214142557,-0.810687422688481,-1.2706427156126934,1.6027603029580804,0.290188903167149,False,True,True,False,False,True,False,True,False,True,0
0.17817584887536342,0.26154968916615196,0.7432420451685829,-1.5142131963423566,0.9683973692105565,-1.083328454540774,1.3185414341894712,-1.3465182081514462,-1.0330457214142557,-0.8019570658503807,-1.1926671811977125,-1.2965299206387482,-0.6396043673175207,False,False,False,True,False,True,True,False,False,True,0
0.83613911608158,-0.8359760935260677,0.8266103104406419,-1.015660598659794,-0.3843015827280375,1.1205289697636032,-0.9114585682890214,-1.1950768619022578,-1.0330457214142557,-1.3144810528806508,-1.3477859436831727,1.1934197314757942,-0.9802556088359696,True,False,True,False,False,True,False,False,True,True,0
0.4338216829535234,-0.6476045604454567,1.1174020112247978,-1.1096441828221497,-0.2496491507750372,1.3492565633811482,-0.357133412878063,-1.121496947765072,-1.0330457214142557,-1.3291808391271014,-1.1193319696134147,1.0928840434922371,-1.3348487455690363,True,False,False,True,True,True,False,False,True,True,0
-0.6812685058930015,0.8467178499569115,0.6720733227693718,-1.4705962765492049,1.5153857301993714,-0.7661406069812783,0.09036248463595165,-1.6761806680671505,-1.0330457214142557,-0.6031650384538656,-1.1268205166166323,-0.6042560072161198,-0.7295908928706396,False,True,False,True,False,True,True,True,False,True,0
0.20430541477634528,-0.17692058763143526,1.187193819465488,-1.2308747925443262,-0.3182617010509694,1.262724894943208,0.20912346788661562,-0.9805753320802132,-1.0330457214142557,-1.198527085971518,-0.9558306285110046,1.0642181265421025,-1.3974812588777983,True,False,False,True,True,True,False,False,True,True,0
0.8319362360971524,-1.2066392366420788,0.6830444133492704,-1.053581327940441,-0.2339963667725824,1.3404144874768371,-1.0342208446214363,-1.2616097730169678,-1.0330457214142557,-1.381496657789138,-1.3072283626431436,1.146735050885473,-1.1652400941103886,True,False,False,True,True,True,False,True,True,False,0
1.3311179135393103,0.8474393843771919,0.11132867011231132,-1.300249494575457,-1.0462460825702473,-0.6485896370612954,-0.2668278476558982,-0.706402110199967,-1.0330457214142557,-0.6591546968626627,-1.4046092741318217,1.111449840335268,0.45640014484444735,False,False,True,True,False,True,True,False,False,True,0
0.6706446992970455,-1.1332729580351173,1.0453883510389774,-0.9845541449978723,-0.17885229073362102,1.4385430043444136,-0.941417322654964,-1.2669048631147926,-1.0330457214142557,-1.4639940101700415,-1.2880384455578247,1.1224625521195346,-1.2702222995190053,True,False,False,True,True,True,False,False,True,True,0
0.8910707731087286,-0.05905077540485215,0.13559924796074196,-1.2967765090669015,0.766457596090173,0.7457049806625403,-0.8906361908690446,-0.7343704013229575,-1.0330457214142557,-1.2991000317192425,-1.3949591989186978,-0.040819594763392475,-0.3795923588762257,True,False,False,True,True,True,False,True,False,False,0
-0.7440558215297827,-0.25337044834264744,0.5313760676869822,-0.9444995474602976,-0.7067478022107333,1.1087203472354377,-0.29299226989340565,-1.5082624935299356,-1.0330457214142557,-1.5903490243198763,-1.196787887822151,0.5541394092340886,0.7057242580905224,True,True,False,False,False,True,True,True,False,True,0
0.44925801800802234,0.31302051469740005,0.6490182829735927,-1.289405803343478,1.2969131620274508,0.313391972141044,-0.1411689886538463,-0.8689920761625579,-1.0330457214142557,-1.2702055910436776,-1.3964107047823524,-0.8500548747636479,-0.5313655326926642,True,False,False,True,False,True,False,True,False,True,0
1.1344749657060376,0.903941209260752,0.4991453790407878,-1.408776804710395,-0.5377663534536605,-1.0594022228248,-0.007193371983167995,-0.5890901334355705,-1.0330457214142557,-0.8317936924179148,-1.2180565270288208,0.4942689351436338,0.687499676561764,False,False,True,True,False,True,True,False,False,True,0
0.7840312981554969,0.961539269573524,0.4578131329917198,-1.3772161247537105,0.4898539874069282,-1.4105766762539127,-0.00611903273462111,-0.5642066129943679,-1.0330457214142557,-1.2642300025920659,-0.8551341841341025,-0.6791742306244449,0.5222303853610113,False,True,False,True,True,False,True,False,True,True,0
0.4806309697110839,-0.7435994161941181,1.1031681410455163,-1.0849194937212507,-0.23565578740022697,1.3669044874855731,-0.47262013162208616,-1.1502375698191003,-1.0330457214142557,-1.3558273554981763,-1.1526776719537835,1.098730387794295,-1.322074996243549,True,False,False,True,True,True,False,False,True,True,0
0.8871643926137192,1.0819745230495856,-0.7277903778405002,-1.3215316804043264,0.0072256430137174164,-1.5633366948137901,-0.36720330830305625,1.0154184119292784,-1.0330457214142557,-1.2840562834882483,-0.5320000661507329,-0.4909601462051298,1.248359845095899,True,False,False,True,True,False,True,True,False,True,0
1.0733700463959746,-0.22350441776275343,0.6473321755268959,-1.1991502502064653,-0.4827449724255869,-1.1356777758116956,0.8598016254148205,0.1615614547908235,-1.0330457214142557,-1.0712172186606546,-0.7437735447307682,-0.065210173337445,1.1719640495184094,False,False,False,True,False,False,True,True,False,True,0
-0.0161088359349435,0.05205730475415049,0.6514403445380608,-1.4992635622221873,1.1911520246675324,-0.9182057631830418,1.593315697982443,-1.6147548446443944,-1.0330457214142557,-0.7210265594248281,-1.2634489394992614,-1.5561004587675904,-1.1202890154014529,False,False,False,True,False,True,True,False,False,True,0
-1.167302048352771,0.9486632387580248,0.6465750543528055,-1.266158181316703,0.7904686146870219,-0.0770616438848204,-0.9325343134084517,-1.6820520408581936,-1.0330457214142557,-0.8747566163873115,-1.0359060335231216,0.46853375327047,0.1310810533659535,False,True,False,False,False,False,True,True,False,True,0
0.7743236674962323,0.9539821339044308,-1.2837916433003915,-0.8735018503998169,1.2217204726843467,-0.8333878770522555,-0.737771694935519,-0.17157301182984097,-1.0330457214142557,-1.451667408337201,-0.784573870935473,-0.11125070713806706,-0.29761954035886135,False,True,False,False,True,True,False,True,True,False,0
1.0004812957585187,-1.2208959112727893,0.22844474475198306,-1.1631044804053423,-0.31668077123532945,1.1993376583685793,-1.0572174459277568,-1.2307819542080325,-1.0330457214142557,-1.2530261041320152,-1.3040759604047425,1.1730998892167055,-1.0407548290517137,True,False,False,True,True,True,False,True,True,False,0
1.115434733282563,-0.30252078481967715,-0.28614112043396006,-1.0390379488581931,-0.6493604141061196,-1.0360710772504116,0.5450870617494917,0.9365775612943282,-1.0330457214142557,-1.1708180680822775,-0.5153005920356166,-0.07581118669043335,1.3003273740751549,True,False,False,True,True,False,True,True,False,False,0
0.2726215171814065,-0.31702087221065745,1.1664201097991878,-1.1947901924670246,-0.2978390005245538,1.2884812666777103,0.040575663580093346,-1.022521010287135,-1.0330457214142557,-1.2374165087173257,-1.0044972195584612,1.072750609809862,-1.378838531601557,True,False,False,True,True,True,False,False,True,True,0
0.798206784874518,0.7004305809640721,-0.4057670594258591,-1.0298670670267294,1.2878390227382432,0.020369226542669372,-0.6543290207442811,0.09935984706275669,-1.0330457214142557,-1.2980535977317116,-1.2434515443937297,0.4593392391827926,-0.023732978919199232,True,True,False,False,False,True,False,True,False,False,0
1.2194129552235549,-0.9474550855795519,-0.0026201185184159537,-0.9191285617335695,-0.9447365681927373,-0.7960974361107107,0.9998172514438398,0.8365999393875535,-1.0330457214142557,-1.1094625150926096,-0.5259829603754163,0.12035883675151607,1.3143602151287024,True,False,False,True,True,False,True,True,False,False,0
0.6294064798714717,0.7541436246350217,-0.4755791779911682,-1.0143426186030235,1.2302275748224558,-0.3309118250339671,-0.8746077854744044,-0.8059211523433717,-1.0330457214142557,-1.6329525052999072,-0.8847490761261396,-1.1067025379169553,-0.5524643764096158,True,True,False,False,True,True,False,True,True,False,0
0.8685833534723703,1.0331614961072801,-0.7619587077701371,-1.290939191899899,0.1049238375986753,-1.3534328923765906,-0.46894660963761925,1.0012126348291086,-1.0330457214142557,-1.3186048734030449,-0.5751269270397368,-0.5056343702869792,1.1351768691768436,True,False,False,False,True,True,False,True,False,False,0
1.5041806770996422,-0.9759784470974907,-1.0100906119837032,-1.4589125839159884,-0.678666667049763,0.6100517639556513,-1.0303631612013897,-1.087688109867205,-1.0330457214142557,-0.8196383481352242,-1.3261462868649039,1.2875607577137793,-0.527779265229804,False,False,True,True,True,True,False,True,False,True,0
1.5096938623362193,-1.2595736462722,-1.1464824538501324,-1.4947793725839298,-0.5625635694627817,0.7710338764222023,-1.126117094044338,-1.135675024391688,-1.0330457214142557,-0.8647453293123478,-1.294890583272171,1.2481905207047217,-0.6618276429330533,True,False,False,True,True,True,False,True,False,False,0
0.9805683921233562,1.0357413770031736,-1.6076568322582827,-0.861136021617031,1.1136702985725102,-0.9319834173874503,-0.47833124546346667,0.9424029850310527,-1.0330457214142557,-1.1070067890354318,-0.949030323544467,1.4505161022645996,0.3859414646613643,True,True,False,False,True,True,False,True,False,False,0
0.8186587520798678,0.9691123802051074,-1.3686578457655174,-0.8592522922169745,1.2299610711692657,-0.8367077870175181,-0.6861302739335011,0.04921620881253963,-1.0330457214142557,-1.3763350599175161,-0.8302698651897932,0.25857760879137137,-0.18241487734352885,False,True,False,False,True,True,False,True,True,False,0
1.4776534424265846,-0.005944331712001372,-0.5344847133365792,-1.3356357992937113,-1.0523411054005447,0.06786785408943252,-0.705026448803376,-0.9209963273966293,-1.0330457214142557,-0.6734066315213275,-1.4326406419719253,1.4034717896597435,-0.07294303646588318,False,False,True,True,True,True,False,True,False,True,0
1.4669700690669591,0.384719706736101,-0.3429428715309567,-1.2859882603426744,-1.2028318591127791,-0.15048710111309205,-0.5740028570502873,-0.8538641679362489,-1.0330457214142557,-0.614514400768308,-1.4755293550369315,1.4501529023365922,0.11023418910087479,False,False,True,True,True,True,False,True,False,True,0
1.3187779492253966,-1.2199610072863931,0.1857232893235007,-0.8669165385288032,-1.2006023713357856,-0.5814383816653824,1.171660527538493,0.5927164789105244,-1.0330457214142557,-1.0060008991205789,-0.6399238871479642,0.40767469913940546,1.2172592226877372,False,False,True,True,False,True,True,True,False,True,0
0.8220862136229731,-1.2058060554986996,0.7096118900907094,-1.047180632984506,-0.22916416792997885,1.348659225946741,-1.0328768892414797,-1.2634113963259395,-1.0330457214142557,-1.3890046668837708,-1.3074125936906644,1.1451942507539679,-1.1725151970472278,True,False,False,True,True,True,False,True,True,False,0
0.7101639271137392,-1.3122783996062644,0.17192524357122918,-0.9789117632579069,-1.1886788087215914,-0.6776873992200264,0.7528741116801514,0.37123569974918047,-1.0330457214142557,-1.157867910780541,-0.812245642633132,-0.13056207141435405,1.2987583248418155,False,False,False,True,False,True,True,True,False,False,0
1.48887022605283,-0.41611383925611833,-0.7355900498799688,-1.3877621907660849,-0.8943364971819404,0.29712505626504326,-0.8425919189180897,-0.9914803291891191,-1.0330457214142557,-0.7352392931149014,-1.387610537877992,1.3544599351918076,-0.2652661197537139,False,False,True,True,True,True,False,True,False,True,0
-0.8728487446951207,-0.9104261233207455,0.033122540149241486,-1.3946866038464159,-1.210037490206791,-0.8735480258878234,-0.8779239856498875,-0.6590597875197696,-1.0330457214142557,-1.418226325693798,-1.5545098862708102,-1.2199852130906763,1.2271014276110526,False,False,False,True,False,True,True,True,False,False,0
-0.07084489324991639,-0.006963236012721752,0.6255769412943601,-1.4950517838679727,1.2539089609652885,-0.8716855492661086,1.670728180939276,-1.6903254740194726,-1.0330457214142557,-0.6982259107655477,-1.2833903691751563,-1.6292295778547217,-1.2557128779340998,False,False,False,True,False,True,True,False,False,True,0
0.8672849804528839,-1.2096292711639827,0.587701793982485,-1.0765514815913046,-0.25133766340525676,1.310826620726637,-1.039043893023217,-1.2551442931725196,-1.0330457214142557,-1.3545526894070978,-1.3065672132682786,1.1522645154216828,-1.1391319553167885,True,False,False,True,True,True,False,True,True,False,0
-0.43363102534717235,-0.09974088784195778,0.5599939990607873,-1.0054478406553198,-0.254216773491424,1.0248975767102366,-0.4055947485162221,-1.2977421720325095,-1.0330457214142557,-1.564758914913747,-1.2504492001861311,0.30245287695001755,0.4879166151811236,True,True,False,False,False,True,True,True,False,True,0
1.452409142736946,-1.2591230078360103,-0.9904948662876554,-1.45677409366603,-0.5383863789975488,0.8210616782506488,-1.1188793216129145,-1.1481218643225466,-1.0330457214142557,-0.9085519271312736,-1.2956232750559529,1.243793178280813,-0.7069665950237468,True,False,False,True,True,True,False,True,True,False,0
-1.0457641661395254,-0.7463358453816478,0.1530999941113378,-1.2801524331317544,-1.2112981315881812,-0.3097326323419718,-0.7965172411951257,-1.0339801644248428,-1.0330457214142557,-1.4926124404902101,-1.4912419388993756,-0.7259305696358902,1.144154634841825,False,True,False,True,False,True,True,True,False,True,0
1.312552333759238,-1.4530922596575948,0.15771821795838076,-0.8556722116618822,-1.1512033590677553,-0.5382473485937951,1.2433024950246208,0.6656476985843046,-1.0330457214142557,-1.0509585017762613,-0.5710676986650366,0.32400553515155417,1.229934712000498,False,False,False,True,True,False,True,True,False,False,0
-0.958592907800996,1.2441729449958572,0.6953273804859692,-1.4596289698416287,1.631390357425794,-0.7208181974007057,-0.6431620894002146,-1.6643046673273139,-1.0330457214142557,-0.5609900608163082,-1.053278439902683,-0.12689019031425253,-0.4776149960697603,False,True,False,True,False,True,True,True,False,True,0
0.9082364396482598,1.08037974383733,-1.0369012712032144,-1.2130330647382617,0.2080312074727475,-1.4333626798229169,-0.44551965878857147,1.1116786685918156,-1.0330457214142557,-1.2651501646201715,-0.5811990848446273,-0.11984356512690919,1.0977959031346336,True,True,False,False,True,True,False,True,False,False,0
0.3809846619845172,0.5225532172402342,0.8008174874718723,-1.53342355226122,-0.15355743870540395,-1.4642087869821236,0.01746404125492318,-0.5044790704506026,-1.0330457214142557,-1.1720971407832956,-1.117603668335187,-0.6308530463777094,1.0714540334796847,False,False,False,True,False,True,True,True,False,True,0
0.6784075400005634,0.940787385538832,-0.9783468048728379,-0.9969589309420814,0.952429251522824,-0.9690447571935609,-0.8165004541580452,-0.5000008623318641,-1.0330457214142557,-1.62457643208313,-0.6030534323654071,-1.183895052989548,-0.2932482115625037,True,True,False,False,True,False,False,True,True,False,0
-1.1088986641191714,-0.07061049845797296,0.5374371829271376,-0.9770520113596559,-0.694407159419496,0.8725983277401446,-0.3647870550821276,-1.7265386415164699,-1.0330457214142557,-1.4272501044194699,-1.1111410143717009,0.7395823854656502,0.7373604367009262,False,True,False,False,False,False,True,True,False,True,0
-0.6144504346630979,-0.1935772224346426,0.38158096384121376,-0.9429922595204248,-1.2385936426033934,0.9052109340852785,-0.21697809439972598,-1.5627344362506885,-1.0330457214142557,-1.4195606107214864,-1.2090208976604124,0.9579864378165203,0.8287621650501402,False,True,True,False,False,True,True,False,False,True,0
-0.6815554800209038,-0.2224389631158563,0.5371379478786931,-0.9567707615704981,-0.6156360605389013,1.0918436291108855,-0.3156634400293515,-1.4658767300537214,-1.0330457214142557,-1.5851967600780992,-1.2075919549901308,0.5034653187156035,0.6618712791001671,True,True,False,False,False,True,True,True,False,True,0
0.678158569545402,-0.5998840075676476,0.8979654409365619,-1.0591391749671277,0.371763582550904,1.1882688946516335,-0.9351162727082302,-1.0237052355200786,-1.0330457214142557,-1.4794847145806462,-1.3558681563504462,0.5061558616597456,-0.8965976056636149,True,False,False,False,False,True,False,True,True,False,0
-1.0831784872826338,-0.4650799990205306,0.4553653359614246,-0.9283365230418092,-1.2093782579119763,1.0087813607039706,-0.24824383512183024,-1.6515635520282088,-1.0330457214142557,-1.6026501851697332,-1.1824209321250336,0.6344203981551959,0.9726176983756066,False,True,False,True,False,True,True,True,False,True,0
-0.13263287914738617,0.22639823874245976,0.8439274243764874,-1.4866234928634632,0.720643770002314,-0.24581844093833372,1.56959647269821,-1.3860430408571005,-1.0330457214142557,-0.7725998562991588,-1.0800277642809473,-0.8031331591692162,-1.3538272276450318,False,False,False,True,True,True,False,False,False,True,0
0.7763716917387817,0.9546810636913149,-1.2877119705458218,-0.8728436033054863,1.2221011406277762,-0.8335412376729872,-0.7353861602483726,-0.16137382803182276,-1.0330457214142557,-1.4481874899551654,-0.7866847613262131,-0.09416677995674183,-0.2922977518717988,False,True,False,False,True,True,False,True,True,False,0
0.09102812193895793,0.159913479983798,0.6083621051409506,-1.108458553489724,0.5106207864202552,0.8832259581806323,-0.5959078972822068,-0.9419348598541758,-1.0330457214142557,-1.5215082302226939,-1.341143947298339,-0.12293080062799522,0.11979276165357267,True,True,False,False,False,True,True,True,False,True,0
1.1173011773938635,-0.4980818739191777,-0.3332579071923971,-1.3691861372283864,0.28043468355710965,0.7549677554079187,-0.9767515345321791,-0.8811274634166206,-1.0330457214142557,-1.1402565587874944,-1.358364115792658,0.4305712805984272,-0.48280577513496786,True,False,False,True,True,True,False,True,False,False,0
0.3412137029815352,0.5296452341683834,-0.6360118562056782,-1.3375434505449728,-0.35482820633843615,-1.3652459603905243,-0.6097218166463264,0.6049629513742137,-1.0330457214142557,-1.3436312241432078,-0.8172485779488696,-0.7366824261188577,1.2556975602111384,True,False,False,True,True,True,False,True,False,False,0
0.6620197952667445,0.9156561610702874,-1.0688196127347105,-0.9095969785927888,1.2008464599687725,-0.82497831275225,-0.8685830286777458,-0.7308475605880577,-1.0330457214142557,-1.642489519338524,-0.6688227192610994,-1.0480517153922964,-0.5894410148641929,False,True,False,False,True,True,False,True,True,False,0
0.954208108759676,1.0520091529773585,-1.3996536219759679,-0.9893795634281077,0.783623863356554,-1.1147034875393278,-0.46637356019760884,1.0040929413028494,-1.0330457214142557,-1.1646397444563146,-0.8149798057531823,0.8782223316853116,0.6453660214408795,True,True,False,False,True,True,False,True,False,False,0
0.22938500312370103,-1.1902313001508107,0.12976928639757154,-1.1051873035868787,-1.195165682822584,-0.7371724955924754,0.257582211342156,0.058323260965640444,-1.0330457214142557,-1.2369417178339703,-1.037679722048696,-0.4614322502528414,1.2769953114682684,False,False,False,True,False,True,True,True,False,False,0
-0.7198353730401172,0.09144853384522622,0.8616305591418876,-1.1369984202918548,-0.8775763520308895,1.153691309459807,0.4871001224051641,-1.286052532384551,-1.0330457214142557,-1.321408226318292,-0.9162581998501497,0.9099581911632236,-0.13550002108026982,False,True,False,True,True,False,True,False,False,True,0
0.3173018045986471,-1.2125492306548535,0.1374780621630824,-1.0820961465991532,-1.1939794718759875,-0.7262948569366616,0.348152902987255,0.11554344967787211,-1.0330457214142557,-1.2224820236799716,-0.9964561113271994,-0.4009282506483872,1.2809749670454715,False,False,False,True,False,True,True,True,False,False,0
-0.34693646900864494,-0.17354259260965677,-0.3068962328226903,-1.3868601756957577,-0.7853239385658239,-1.1280587183754998,-0.8252862053402362,-0.08085916320854813,-1.0330457214142557,-1.394002524781608,-1.2242751857513339,-1.0334052009742924,1.2377840083159597,True,False,False,True,True,True,False,True,False,False,0
0.28444076992198714,0.3761325329510127,0.7934534165845697,-1.522389968953161,0.8465606639755814,-1.173643086274446,1.1682523598030208,-1.1998049197285034,-1.0330457214142557,-0.8462223865264364,-1.1539527659837747,-1.154556595426715,-0.37669164093954666,False,False,False,True,False,True,True,False,False,True,0
1.0834885125747478,-0.10437146922734364,-0.3732499816302493,-1.0758788533717938,-0.5586091814524997,-1.109800467509244,0.40537596906773454,0.9672946395021943,-1.0330457214142557,-1.1896689197401402,-0.5120185461389376,-0.1360823737539153,1.2960159304950873,True,False,False,True,True,False,True,True,False,False,0
0.6780205575416292,-1.2184362817743026,1.0113954887030483,-0.9642830868725629,-0.08825761707951474,1.4477619383315363,-1.0265538544311152,-1.0937847533228549,-1.0330457214142557,-1.4630614997406535,-1.2983838125280402,1.017033283583559,-1.1967581681951662,True,False,True,False,False,True,False,False,True,False,0
0.9850359145419284,0.5062896508129985,-0.6417040743660747,-1.1894160005798111,-0.2789299445515915,-1.3370213988597235,-0.025188890992789925,1.0619592378971434,-1.0330457214142557,-1.2477639081214686,-0.5019038615774564,-0.32182750483510897,1.2827288244673711,True,False,False,True,True,False,True,True,False,False,0
0.7538643574719821,0.7327502565646704,-0.053247842478476026,-1.2535425499932544,0.7054589777049969,-0.3115166579612194,-0.6313519731974832,0.21718058174972,-1.0330457214142557,-1.3972992437943006,-1.0044395153115404,-0.5361895092168179,0.4370496232928197,True,False,False,False,True,True,False,True,False,False,0
1.1620743770283641,-1.2345645408183052,-0.2074040504632506,-1.268110131195398,-0.39595469191234167,1.0640798254947732,-1.079265506376925,-1.201225690499247,-1.0330457214142557,-1.1298545756422005,-1.301053585307373,1.1983772570119107,-0.9214042079540627,True,False,False,True,True,True,False,True,True,False,0
0.6593732398942519,-0.11040899971814488,0.7844169002242654,-1.1336097721095,0.8167464340356897,0.9732069838860687,-0.868359145306909,-0.8085416504788009,-1.0330457214142557,-1.4780051353477264,-1.3938237296848792,-0.0033844025072264916,-0.5963991451607605,True,False,False,False,False,True,False,True,True,False,0
1.3305750224458521,0.870138684419825,-0.555993720613263,-1.116307002796996,-0.6587883786802393,-0.5132687266894642,-0.44504263666347765,-0.3237320600958088,-1.0330457214142557,-0.6931956498104371,-1.3841752148041386,1.5569540672770108,0.2993334821779638,False,True,True,False,False,True,False,True,False,True,0
-0.6050154311647763,-1.0753715857586412,0.2170039424603184,-1.2732139413326575,-0.5181233594202332,-0.18557549330802825,-1.0789472208418986,-0.039877557507444594,-1.0330457214142557,-1.3715967253014003,-1.478464580840501,-1.0781793956910226,0.7594870105522564,False,False,True,True,False,True,False,True,True,False,0
-0.8619208596117289,1.494658596667073,0.7734040467140517,-1.4692454824819932,1.4781455874234952,-0.8429544553406749,-1.0162642249322835,-1.447944901201299,-1.0330457214142557,-0.6166604641624756,-0.9814017046451341,0.18030240676493503,-0.04145408199243386,False,True,False,True,False,False,True,True,False,True,0
0.6461745108779032,0.2335002160823434,0.7046367501340233,-1.1859334336912204,1.1293950903402226,0.8221026948133962,-0.8214550317862847,-0.6573659242134897,-1.0330457214142557,-1.4769655706599523,-1.4204916315212814,-0.3613916344562702,-0.3854772074102766,True,False,False,False,False,True,False,True,True,False,0
1.1497720492453787,0.8995458666110788,0.468976666357223,-1.400334339075463,-0.5773215827668057,-1.0274446341460277,-0.02739063971039002,-0.5982159685011215,-1.0330457214142557,-0.8183639042345331,-1.2325686821219581,0.5422801553253376,0.6695221753010541,False,False,True,True,False,True,True,False,False,True,0
0.8220789083328031,1.0425477701553516,-0.9245414704997138,-1.200764287504146,0.30049863540279576,-1.3652899308488078,-0.5601095145947637,0.6182327589455127,-1.0330457214142557,-1.4072606849291807,-0.5280565375910582,-0.7209645765120399,0.7645082526344495,True,True,False,False,True,False,False,True,True,False,0
-1.0632835111446266,-0.6146371253045162,0.2946364605008108,-1.1154137951226906,-1.210399146165701,0.3076646859167421,-0.5397869126832244,-1.323165056901114,-1.0330457214142557,-1.5441378765725615,-1.346635766791962,-0.088942988287106,1.063832055699604,False,True,False,True,False,True,True,True,False,True,0
1.5108627578365645,-1.2588789481411538,-1.152658670778301,-1.4939402295516258,-0.5634282852122343,0.7673908996929341,-1.125534083341746,-1.132476693116259,-1.0330457214142557,-0.8635857290025142,-1.2938496605088827,1.25417436190369,-0.6607573352462714,False,True,False,True,True,True,False,True,False,False,0
1.469347948242889,0.29776665824290904,-0.3855757873354456,-1.297038688426934,-1.1693359943352095,-0.10188618795026938,-0.6031657684170881,-0.8688062801926002,-1.0330457214142557,-0.6276224897976488,-1.4659832899274665,1.4397627341746324,0.0694630491699324,False,False,True,True,True,True,False,True,False,True,0
0.9386710364981892,-1.2156675838635798,0.39515935170702177,-1.1229392304569576,-0.28635805227283573,1.251074537517256,-1.0487839392340217,-1.2420873907295134,-1.0330457214142557,-1.3001399041141635,-1.3052320358188774,1.1634311543639348,-1.0864071105414645,True,False,False,True,True,True,False,True,True,False,0
1.2560291442807587,-1.3249959765977501,-0.7492914760066779,-1.3647894897486077,-0.20861292774890194,0.9140281522000372,-1.1364028178030294,-0.5326539497874216,-1.0330457214142557,-0.9393979375634094,-1.260330382905717,0.8619975714388391,-0.578920634651291,False,False,True,True,True,True,False,True,True,False,0
0.6366765406895087,0.4984879139662883,0.42166121721269145,-1.1738124984010991,1.2924179333653856,0.5124334978818746,-0.8112737746554319,-0.6197922511374567,-1.0330457214142557,-1.509106852185759,-1.3205874363629457,-0.6797525164944188,-0.32463270690213303,True,True,False,False,True,True,False,True,True,False,0
-0.568304242758841,-0.1711625996585831,0.37009544847600273,-0.9494295752660291,-1.2414640217760469,0.8763518163906112,-0.2217449201434475,-1.5452936105762305,-1.0330457214142557,-1.400176303453986,-1.2160081387059958,0.9700972914495163,0.8172064714649026,False,True,True,False,False,True,True,False,False,True,0
0.8615015871583297,1.0158879895615764,0.5003213994385581,-1.489338382793268,0.13848226089126037,-1.6256910844133667,0.13814108955034776,0.030201483621717706,-1.0330457214142557,-1.1451110658072803,-0.8176631001279292,-0.4279649979428014,1.092958116675714,True,False,False,True,True,False,True,True,False,True,0
1.1016595743867452,-1.2294542505145096,-0.04445326855109544,-1.2288516702583094,-0.3663165524902007,1.1146486692508886,-1.071022398378739,-1.2122758903268502,-1.0330457214142557,-1.175904712976684,-1.3021835606354109,1.1889268079292747,-0.9660258227045625,True,False,False,True,True,True,False,True,True,False,0
0.7946795947065532,0.9654577033844987,0.5554144224267336,-1.4077664935064302,0.44265569133366234,-1.4500139273192296,0.054568378296989684,-0.5407364396621397,-1.0330457214142557,-1.2346786791523554,-0.8701682846988289,-0.6338451870587549,0.6031631707199427,False,True,False,True,True,False,True,False,True,True,0
-0.7892481577593946,-0.931648370468356,0.040452858902207706,-1.3727290912343475,-1.208909515465884,-0.8632044173756332,-0.7917997994456989,-0.6046487843820044,-1.0330457214142557,-1.4044765202197,-1.5153101201952768,-1.16245161548439,1.2308857047511967,False,False,False,True,False,True,True,True,False,False,0
0.9761049117862605,-1.3914992046455452,-0.30967139436976077,-1.2218410131050632,0.18392828562509456,1.0702599206028038,-1.1466629061344376,0.1283173361706489,-1.0330457214142557,-1.0228344409895394,-1.2229639721526468,0.43437280358856445,-0.4870960661241136,False,False,True,True,True,True,False,True,True,False,0
1.1811749657610107,-0.6220377124887628,-0.46563482088490427,-1.389630238363003,0.14321119781558156,0.7575830029722256,-1.0010653010821893,-0.9225627848765083,-1.0330457214142557,-1.0954087656466687,-1.3480318768424737,0.5636635636901192,-0.5119470036431041,True,False,False,True,True,True,False,True,False,False,0
-0.15179655893685906,0.02586157070572992,-0.4002241077027281,-1.372875348396904,-0.663247534471953,-1.1953183064144421,-0.7641582464490055,0.11362057568023609,-1.0330457214142557,-1.3797186497251668,-1.1088539610298638,-0.9492630210281883,1.2428637845743624,True,False,False,True,True,True,False,True,False,False,0
-1.1345034227678503,0.3762515863480347,0.5852845618753788,-1.1037996956374359,-0.04341944152977173,0.4562557700124781,-0.6136944037513425,-1.7070351711627774,-1.0330457214142557,-1.1850301953907785,-1.0781570777069895,0.6207513468112247,0.4715601327002019,False,True,False,False,False,False,True,True,False,True,0
1.379231764150114,-0.32023405339485245,0.044329419502752127,-1.028465052853931,-1.2744384207772144,-0.4962960925737829,0.46203654425737173,-0.015389990215559979,-1.0330457214142557,-0.8041268788034649,-1.0307245535630294,0.8919226439113361,0.8156959456864206,False,False,True,True,False,True,True,True,False,True,0
0.5146400315035184,-1.380903536093354,0.8355344711934625,-0.9342569442414791,0.49079378535594587,1.4318989151031234,-1.0989793261673708,0.26849222515436955,-1.0330457214142557,-1.333605034344735,-1.218160716738227,0.24114660013987366,-0.7337747849610432,True,False,True,False,False,True,False,False,True,False,0
-1.1481176751239413,0.6138516853918011,0.6107253910789173,-1.1711924402043468,0.3027158684597113,0.23488314450728842,-0.7460404064832613,-1.6966650219706696,-1.0330457214142557,-1.0562399571216858,-1.0606192581316478,0.5575679452343774,0.33023201222685294,False,True,False,False,False,False,True,True,False,True,0
-0.5394078638578246,0.6434063686214793,0.6601780999368206,-1.476206418174786,1.456045510643606,-0.7893245247232674,0.46558466597098147,-1.6822556368696522,-1.0330457214142557,-0.6247389402249331,-1.1644397313249804,-0.848444476768151,-0.8584849326725217,False,True,False,True,False,True,True,True,False,True,0
0.47483918233674904,0.3289477206466631,0.6503455843642185,-1.2794838018476278,1.298526943979047,0.37040376619134896,-0.229442733397061,-0.82867592578476,-1.0330457214142557,-1.2980596480147042,-1.4017323577145473,-0.8117974234529105,-0.49529755520732266,True,False,False,True,False,True,False,True,False,True,0
0.8919794502823861,1.09041245317395,-0.9086209363155282,-1.2921237887149706,0.004484025770477289,-1.5460503242009578,-0.43814508092362486,1.149724274902468,-1.0330457214142557,-1.3006937257600377,-0.49852706602917635,-0.47279021650024905,1.2577889579369963,True,True,False,False,True,True,False,True,False,False,0
0.7318116369379712,0.9786127470394022,-0.958346819308789,-1.072715437924281,0.7101000649640475,-1.1163330854840647,-0.7211973555013449,-0.08434214478372093,-1.0330457214142557,-1.543797976627782,-0.5751763300239577,-1.0118191249318795,0.0999305366172607,True,True,False,False,True,False,False,True,True,False,0
0.03791966317428641,1.2752399843909334,-0.6510305401023798,-1.084301545750148,1.4673235632026733,-0.7762578109148178,-0.8355079766905108,-0.20132191056720394,-1.0330457214142557,-0.8388502408046288,-1.000129850105318,1.0947074498190141,0.04173195759053566,False,True,False,False,False,True,True,True,False,False,0
0.16523765541121804,0.061474365212913384,0.4773586035929649,-1.2783481955924016,0.5933437043196841,0.27323275866312924,-0.8639202629678873,-0.6245842969629091,-1.0330457214142557,-1.4671660370805262,-1.4903014433667352,-0.782794737849547,0.15690572550473014,True,False,False,True,False,True,False,True,False,False,0
-0.01658706850085845,-0.886155417161306,0.8210133327806336,-0.9317535996846539,-0.5865107777176709,1.3504644818715386,-0.6761890026074912,-1.4685595152372097,-1.0330457214142557,-1.5364071573675675,-1.2405264237556222,1.0088831562163454,-0.3760113716950738,True,True,False,False,False,True,True,False,True,True,0
1.4288233647565618,0.4178318537411727,-0.07165909717038949,-1.1609868698964667,-1.3350077641481344,-0.4264519909135759,-0.12008369419999099,-0.5142331679480489,-1.0330457214142557,-0.6385251578723521,-1.3513069781746725,1.2891619364444518,0.48628471372257365,False,False,True,True,False,True,True,True,False,True,0
-0.20919045066106212,0.6710623385113288,1.3129305455726237,-1.4492835192228148,-0.4418738793141366,1.1068296836248201,1.22929027711221,-0.7266913442512296,-1.0330457214142557,-0.9631416504955099,-0.6612670706584189,1.0125736909123697,-1.5103198193023428,True,False,False,True,True,True,False,False,True,True,0
-0.5359647334880067,0.3483759680231684,1.042112888124378,-1.2666966074477088,-0.7123004558858003,1.1297217214062905,0.8136894794046948,-1.0587658218755587,-1.0330457214142557,-1.1731687901790044,-0.8061007130119422,0.9480587299750511,-0.6754220995491568,False,True,False,True,True,False,True,False,False,True,0
0.8591028692527254,1.009710841413352,0.6151137480523428,-1.505023376485812,0.150750896137677,-1.631519386821127,0.18537593523917778,-0.06188733694561849,-1.0330457214142557,-1.1321237724995086,-0.8443641962244375,-0.4220768034363309,1.0784326233826544,True,False,False,True,True,False,True,True,False,True,0
0.5547785985482656,-1.3409893373929527,0.87873918728196,-0.9416336271811078,0.3485351324881677,1.4357960688020748,-1.0811861734365793,-0.0661856410520889,-1.0330457214142557,-1.3654092960990274,-1.2378695534458861,0.43176282851011616,-0.8475183872078119,True,False,True,False,False,True,False,False,True,False,0
-1.0715406806691006,-0.5525652466174705,0.3613450387343362,-1.0377696331477,-1.2099754388278245,0.5986546926397963,-0.41878548003951255,-1.459462885410006,-1.0330457214142557,-1.5684227034556755,-1.2784803832985423,0.211280247378963,1.0259746385172155,False,True,False,True,False,True,True,True,False,True,0
0.48871630765110147,-1.4066823503630854,0.8076304573866998,-0.9294926712354052,0.5826723526314004,1.4293819160236743,-1.1104711359607469,0.4846458455210396,-1.0330457214142557,-1.3130640693887834,-1.2054316514556485,0.11803601523656648,-0.6603128267566762,True,False,True,False,False,True,False,False,True,False,0
-1.0419640636559961,1.4937461377098726,0.7109074360080522,-1.4292859952265675,1.6967257488695502,-0.5558250708646422,-1.2494086493510244,-1.5582970489181918,-1.0330457214142557,-0.6075887047296961,-1.0275530860521185,0.22017689759268755,-0.2551505146403592,True,True,False,False,False,True,True,True,False,False,0
-0.9480278987408421,1.4343380057096904,0.7079972243756807,-1.4173624196240069,1.6750456011151535,-0.4836529805422187,-1.2239829986527437,-1.503088498569339,-1.0330457214142557,-0.6561497547800662,-1.0503722767320822,0.17618324533841243,-0.2556678845846207,True,True,False,False,False,True,True,True,False,False,0
0.4723295279547899,-1.5111840527105238,0.4815061803370423,-0.9645788138038968,0.8903787371451964,1.3514278580564507,-1.1651278310580115,1.3178573067469808,-1.0330457214142557,-1.1729938472134382,-1.1557162110289212,-0.3352169873340555,-0.32184078671257793,False,False,True,True,True,True,False,True,True,False,0
-0.5376780556420842,-0.3684523190623261,-0.21567190600406624,-1.4005297943134805,-0.9046488219215865,-1.062315116596961,-0.8850363808029992,-0.27095545847719626,-1.0330457214142557,-1.4079644508198907,-1.3370948930395514,-1.1156508722970486,1.2328187268268262,True,False,False,True,True,True,False,True,False,False,0
-0.7032882510114087,1.406561774392332,0.2464068476012672,-1.305157802780641,1.586250968975817,-0.7194212989205705,-1.1887832787382804,-1.4512461182045817,-1.0330457214142557,-0.847221915810229,-0.8902373494737033,-0.15614412250371323,-0.37229112804189035,False,True,False,False,True,False,True,True,True,False,0
0.7826426996207736,1.0146156650119433,-0.9393104423609145,-1.1448219611289636,0.479446411438574,-1.256524993542255,-0.630486004509644,0.3112899422283738,-1.0330457214142557,-1.4669114647655321,-0.5486423594524878,-0.8480338952040483,0.47416574965148817,True,True,False,False,True,False,False,True,True,False,0
-1.0027323425858141,-0.3038510784209949,0.5839467263664773,-0.9374493014584313,-1.1318640962421886,1.1905700837878679,-0.015378900923954913,-1.635747958351573,-1.0330457214142557,-1.549484265826939,-1.0857426769543201,0.8513380275842012,0.6952053061091408,False,True,False,True,True,False,True,False,False,True,0
0.6971255312332492,0.834901845206247,0.9759941293301047,-1.5553187598270994,0.08375874685434925,-1.5922867678786505,0.2543062858859242,-0.44700977717414075,-1.0330457214142557,-1.1111540938655018,-1.0032204881322968,-0.4746560459183996,1.0381475689320872,False,False,False,True,False,True,True,True,False,True,0
0.4282534263272039,-1.4668072535882157,0.7425488709269913,-0.9183807771649077,0.796964209041049,1.4235114239022693,-1.1372739184502283,0.9887891071281965,-1.0330457214142557,-1.26515560016266,-1.175743171207741,-0.16909945677743043,-0.4889747240204203,True,False,True,False,False,True,False,False,True,False,0
0.382403409254876,-1.5325483237708044,0.6227348524382483,-0.918656381279689,1.0164832456184743,1.4016175698398374,-1.1684239012586504,1.5301954162011826,-1.0330457214142557,-1.1997979607556677,-1.1437121903022185,-0.47259214521175996,-0.2923419935021486,False,False,True,True,True,True,False,True,True,False,0
0.7532117676303925,0.9467772701301711,-1.2433792524080745,-0.8802873397772222,1.2177963865642445,-0.8318069709277163,-0.7623627951750501,-0.2767105109782978,-1.0330457214142557,-1.4875398784459413,-0.7628139202321584,-0.28735905218307356,-0.3524787863149467,False,True,False,False,True,True,False,True,True,False,0
0.20664566637914006,1.0617003562951206,-0.6061494182859305,-1.0423289016478472,1.3175752042273192,-0.789833024279832,-0.9988598254110066,-1.083499688394652,-1.0330457214142557,-1.434829969391549,-0.7125640770753001,-0.977600457431091,-0.5866140018333574,False,True,False,False,True,False,True,True,True,False,0
1.1728658140931665,0.06014648226043284,0.3044178861257406,-1.133163473203187,-0.9189252736019347,0.2994758912968408,-0.6500406802920288,-0.9695986226352401,-1.0330457214142557,-0.8987927791730108,-1.4427562472468891,1.3607957563929238,-0.27829472037014646,True,False,True,False,False,True,False,False,True,True,0
0.8724351216231689,1.0782143590640705,-0.9056829259942635,-1.272197211989319,0.07199968298839873,-1.5041722058036857,-0.47024556335494866,1.0101689630421073,-1.0330457214142557,-1.3310924250868066,-0.5017704398583565,-0.5587093820170278,1.1352474662903722,True,True,False,False,True,False,False,True,True,False,0
1.2674706503981057,-1.2733264483501203,0.2885571539452696,-0.8807579587838633,-1.0740575942009785,-0.685569729672753,1.286175392416966,0.6658073573777821,-1.0330457214142557,-1.062095703243962,-0.5664859048233253,0.22477081361156376,1.3021024042238762,False,False,False,True,False,False,True,True,False,True,0
1.318403191862775,-1.2255384766444453,0.1865997996613656,-0.8659150881614557,-1.200144656579661,-0.5819661845798432,1.1760595354879273,0.5964861727974464,-1.0330457214142557,-1.007252330077088,-0.6375012868995125,0.40467281277601136,1.219748541100514,False,False,True,True,False,True,True,True,False,True,0
-0.9124913192684756,1.4858489241628514,0.4424182098294952,-1.3655848420334422,1.6480222616790154,-0.7032329266608858,-1.2324486135616992,-1.5357947650749444,-1.0330457214142557,-0.7121248440423095,-0.9310862430280975,0.03271704908425899,-0.32301611813410747,False,True,False,False,True,False,True,True,True,False,0
0.9038734551786494,0.970200418193839,0.9539347313774549,-1.5360458572055307,0.05852349522303779,-1.5411586441181195,0.2972777668744617,-0.4515193771847004,-1.0330457214142557,-1.0342459725003232,-0.9992877089806874,-0.22949385713571413,0.9585081296153146,False,False,True,True,False,True,True,False,False,True,0
1.380930264521554,0.8331266985511866,0.013089388028811044,-1.2727580410391526,-1.175050959700074,-0.5445251845322112,-0.332596815075296,-0.7361188400669517,-1.0330457214142557,-0.6154228756375685,-1.4518656391212001,1.267790213624478,0.3978594694092141,False,False,True,True,False,True,True,False,False,True,0
-0.7696422675453982,1.321521422931728,0.7024707060275894,-1.3947194411514396,1.6338748034242783,-0.34659752486666845,-1.175699456819156,-1.398246959527789,-1.0330457214142557,-0.7483676303189828,-1.0937061272942297,0.09263889973882203,-0.2566503748124471,True,True,False,False,False,True,True,True,False,False,0
1.330444437329081,0.47950664163276585,0.06004651975153258,-1.188151513373893,-1.1691141230596427,-0.08475385488131915,-0.5277044618601028,-0.8640811489001096,-1.0330457214142557,-0.7042623595390142,-1.4871996779942556,1.4391230281087946,0.050203230707370206,True,False,True,False,False,True,False,False,True,True,0
1.369052218180797,0.8521279735662859,-0.425667795473892,-1.1519131207375441,-0.8773867084204316,-0.4749834981487962,-0.4406420957482325,-0.464646564360359,-1.0330457214142557,-0.6490601724531682,-1.4268234013506076,1.5397470745812578,0.3027686193793788,False,True,True,False,False,True,False,True,False,True,0
1.1784863309304705,0.8018396771291888,0.10342257679881173,-1.2704081825846079,-1.2188263392881473,-0.14843935598019864,-0.14543002102375047,-0.7678642630425012,-1.0330457214142557,-0.6136621989726039,-1.3779712933733643,1.4209892267556055,0.012850649523748148,False,False,True,True,True,True,False,False,False,True,0
-0.24369201438253307,-0.013488469956890514,0.28930137678993717,-0.9947124322627247,-1.261655507596873,0.6733443282911237,-0.25527682956213665,-1.4226073161436392,-1.0330457214142557,-1.263818720780866,-1.2651594075845876,1.0552902623777083,0.7359187358935568,False,True,True,False,False,True,True,False,False,True,0
-0.5098381375650505,0.3848833694801943,1.0677580313187767,-1.285125716825993,-0.6888160291991599,1.1263158283118877,0.8600953013665343,-1.0264701380263523,-1.0330457214142557,-1.1521051127082989,-0.7904481860314476,0.953472521890978,-0.7521408514303748,False,True,False,True,True,False,True,False,False,True,0
0.6187156105947917,-1.4764062596267373,0.25160732153791704,-1.0393335691486867,0.6850997229330136,1.2697266192726646,-1.1597623286683434,0.9722030687173091,-1.0330457214142557,-1.1293608156002488,-1.1752569361877074,-0.11159106524932738,-0.36986034813824376,False,False,True,True,True,True,False,True,True,False,0
0.38820407446233984,-1.230547973839883,0.14369495916656017,-1.0634738193904547,-1.1930228282397328,-0.7175223668265199,0.4211954558671176,0.16168981981034591,-1.0330457214142557,-1.2108207129878914,-0.963210502716605,-0.3521335852850178,1.2841844401946947,False,False,False,True,False,True,True,True,False,False,0
0.5255951375992579,-0.9454549423872618,-0.5251570722129467,-1.260862451875989,-0.8109549653455603,0.934475110578554,-0.763254834914638,-1.3665952815797133,-1.0330457214142557,-1.1497140505652026,-1.234847143488883,1.0939712584757129,-0.052067240279224714,False,True,False,True,True,False,True,True,False,True,0
-0.005310545297100178,0.25295252609674046,1.2509342985427299,-1.3415940493927612,-0.3809251702394562,1.1836959925458679,0.726282798910826,-0.8518723865265697,-1.0330457214142557,-1.0792017234496565,-0.8065057424771289,1.038037700419761,-1.4546831928117103,True,False,False,True,True,True,False,False,True,True,0
0.10213816746739607,0.7632640547089169,1.0249426828179848,-1.4208542149338899,-0.6413541235566376,0.7876485124271573,0.964139093093678,-0.7188044190772627,-1.0330457214142557,-0.860671907609824,-0.8163204663214352,1.10916768276421,-1.144422728720409,False,False,True,True,True,True,False,False,False,True,0
0.5680042422359709,0.3848735861049082,-0.6454154199698926,-0.9179647178178069,1.1642489549543504,-0.3471454851882041,-0.966232250503423,-0.3822569585887954,-1.0330457214142557,-1.5995545699718225,-0.7389249234312982,-1.1767132132689442,-0.5999722519920498,False,True,True,False,True,True,False,False,True,False,0
0.10518277279450361,0.2500596864808272,0.6479930554986352,-1.5143221319822562,-0.3605925255269421,-1.3524733154537256,-0.18915757860859428,-0.5546153900404391,-1.0330457214142557,-1.2252639695861194,-1.2173917699700265,-0.7671196034820273,1.1005106558211646,False,False,False,True,False,True,True,True,False,True,0
0.7436322658807966,0.8712673990061964,1.010426567531854,-1.5577234017576043,0.3200804446471894,-1.563910264232054,0.5188238916493555,-0.5658281216992747,-1.0330457214142557,-1.0375014899232786,-0.986660210150991,-0.5410621049752828,0.7594056425576291,False,False,False,True,False,True,True,False,False,True,0
1.1426427286125143,-0.020285480423457458,0.3512875473988576,-1.1226169396419392,-0.8709398373277146,0.3731699509635906,-0.6735043831161891,-0.9898365430010304,-1.0330457214142557,-0.9361031032541098,-1.4342321366857749,1.3457728314560122,-0.3412995966138681,True,False,True,False,False,True,False,False,True,True,0
0.5999991623626911,0.16206742433936205,0.6596203158444808,-1.1735346308397065,1.2740487635209687,0.8283265467024635,-0.8456944022205819,-0.27529193137296604,-1.0330457214142557,-1.4397048914014055,-1.3954496298050083,-0.5595706237425961,-0.2670273754422131,True,False,True,False,False,True,False,True,True,False,0
0.6375639191586501,0.46728275917616613,0.5311777437281736,-1.1932772788687225,1.3000088444375812,0.6153716300842661,-0.8035432701972461,-0.5970734894174343,-1.0330457214142557,-1.4939903395704066,-1.3737855576139328,-0.6276392995774708,-0.2968237348495387,True,True,False,False,True,True,False,True,True,False,0
0.8716706703929417,1.0420752846682928,0.013672700555361073,-1.4228436915996159,0.0864708206529497,-1.6009826799100566,-0.06210549895491929,0.42060123806494065,-1.0330457214142557,-1.2001691726111214,-0.7044669347821093,-0.4529273079743339,1.1545372419141644,True,False,False,True,True,False,True,True,False,True,0
-1.148756767675141,0.6250053242029162,0.6119196575002427,-1.1743560513914388,0.3189644653371264,0.22449127044035755,-0.7522531122797129,-1.696178217045202,-1.0330457214142557,-1.050194169237623,-1.0597959819383083,0.5546019328342059,0.32359765973307253,False,True,False,False,False,False,True,True,False,True,0
0.6155360792909798,0.2702803702475398,0.6593071791303522,-1.1906147161908223,1.2880600140924292,0.7909088368415284,-0.8251004406948913,-0.3941550978618473,-1.0330457214142557,-1.4544628440888983,-1.4116911102015903,-0.56251695268687,-0.2659724255143011,True,False,True,False,False,True,False,True,True,False,0
-0.06638801597077637,-1.1151484766815951,0.10383513224914936,-1.1828714447528925,-1.199156378424241,-0.7737674577825604,-0.047119125147887964,-0.13417905582298206,-1.0330457214142557,-1.2855875662197278,-1.1763657478881044,-0.6649820874861738,1.2636068040922235,False,False,False,True,False,True,True,True,False,False,0
1.0095040832319355,0.9531136021053165,-1.6832396056687402,-0.8261336517048674,1.2021547016876493,-0.7964810500166386,-0.5048451247883835,0.847233289510686,-1.0330457214142557,-1.0738999153529802,-1.0187469361037205,1.6932229837313488,0.23853053106341532,False,True,False,True,True,True,False,True,False,False,0
-0.09399628181710357,0.05085060240397654,0.6829449079229525,-1.49225658888933,1.1137569188700254,-0.6937993712201784,1.6514517721048025,-1.6147868120889877,-1.0330457214142557,-0.716206755818252,-1.229497964158881,-1.4094306289859453,-1.2978828328767997,False,False,False,True,True,True,False,False,False,True,0
0.9023419638379093,-1.2125946265808587,0.4931461121910825,-1.0993320445099206,-0.26853582868684445,1.2814829658963085,-1.0438271330157005,-1.2487321780149898,-1.0330457214142557,-1.3278311107736358,-1.3059115208788572,1.1577483409410063,-1.1132393075132245,True,False,False,True,True,True,False,True,True,False,0
0.5015999720100942,-1.3938707036832019,0.8214982932810214,-0.9318604365562483,0.5370102159221434,1.4306328231663414,-1.1047598955117233,0.3772210515123009,-1.0330457214142557,-1.323272591112318,-1.21175778753232,0.17921995099993127,-0.6968222116755862,True,False,True,False,False,True,False,False,True,False,0
-0.9495202784513062,-0.22949641723803543,0.6361782152455914,-0.9749838870229243,-1.0840333408427205,1.1836332979046602,0.07913588323429319,-1.5699713066469478,-1.0330457214142557,-1.506583852784804,-1.0538631595457257,0.8623643030121478,0.5389521471648557,False,True,False,True,True,False,True,False,False,True,0
-0.9727121221267233,-0.8266333647493654,0.041075194438558865,-1.4283099442465812,-1.1267377379240957,-0.837730665676089,-1.0307289166781446,-0.7543855791709768,-1.0330457214142557,-1.4450426486217776,-1.6213237683291728,-1.3018246473959536,1.1697320361184886,True,False,False,True,False,True,False,True,False,False,0
-0.5201595374351689,1.4195502640889865,-0.0369658137576353,-1.2485373162149223,1.5872178128655694,-0.7333061493102448,-1.0411916904516216,-0.8537875920902663,-1.0330457214142557,-0.6972370922753379,-0.9947206711942574,0.7360331424600519,-0.09123034040381778,False,True,False,False,False,True,True,True,False,False,0
1.4217473349024183,0.31252014108512194,-0.055109153295211655,-1.1420778546146253,-1.326365363485576,-0.4364177702479736,-0.037023253809814305,-0.4430552028288538,-1.0330457214142557,-0.6621542141414838,-1.3055643366885112,1.2324814288820962,0.533287102900616,False,False,True,True,False,True,True,True,False,True,0
0.8942152868298219,0.8625560757316754,-1.0461564875979346,-0.917922908537713,1.275195786036083,-0.40972042244145646,-0.5699935513636938,0.5023515651954854,-1.0330457214142557,-1.1907924737367976,-1.1277495790303793,1.076642219728296,0.1210382194170487,True,True,False,False,False,True,False,True,False,False,0
-0.903635731255353,-0.16538069431353986,0.6812172163738035,-1.0073498080001868,-1.0427890743546304,1.1776517355574132,0.16063559847672557,-1.513252366522703,-1.0330457214142557,-1.4695910005251753,-1.0263735809151864,0.871872215616145,0.40421568161500077,False,True,False,True,True,False,True,False,False,True,0
0.41593227756782025,-1.1199385192933733,0.6633300672546597,-0.9711857274426507,1.1080565491921794,1.2716166358526846,-1.0896724295934044,1.1328878814846868,-1.0330457214142557,-1.264866447604944,-1.2030357348956058,-0.5246652694270301,-0.2795254371710357,True,False,True,False,False,True,False,True,True,False,0
-1.1447817080911338,0.5556313676931108,0.6044914999117453,-1.154678865441276,0.21790063565709272,0.2891271647689604,-0.7136110162758746,-1.6992060704928595,-1.0330457214142557,-1.087798060921699,-1.0649166360853104,0.5730500840377386,0.3648623348017669,False,True,False,False,False,False,True,True,False,True,0
1.492224718666397,-1.262490877012366,-1.097885422017408,-1.4826468626558806,-0.5579190024436607,0.7877349511870876,-1.1243118328195363,-1.140839376405116,-1.0330457214142557,-0.8782031937177232,-1.2948785797742555,1.250021371646753,-0.6775593105088533,True,False,False,True,True,True,False,True,True,False,0
0.5142428794329419,-1.3812984681456515,0.8351069810333356,-0.9341839554648694,0.49220136720810526,1.4318603546169166,-1.0991553809687602,0.2718037037976371,-1.0330457214142557,-1.3332903462694283,-1.217965707153097,0.2392605430293061,-0.7326493460011326,True,False,True,False,False,True,False,False,True,False,0
-0.059596248032478094,1.256115027382693,0.9080150987749538,-1.5145462927821076,0.878278224437898,-1.2231766162534523,-0.3671051825928472,-0.9657726106781275,-1.0330457214142557,-0.8346475881930904,-0.9657376596022842,-0.09133759074414638,0.4570437847278882,False,True,False,True,False,False,True,True,False,True,0
0.4515965897926115,-1.0880217885425132,0.9613747047937128,-0.9557342885014571,-0.31462047994990117,1.415400532019719,-0.8981234898068565,-1.3491631284660537,-1.0330457214142557,-1.5004443857010104,-1.2856418635891644,1.0854601710956877,-0.9540075795127664,True,True,False,False,False,True,True,False,True,True,0
1.1313083965790176,0.9048510661168864,0.505390446209312,-1.410524435294143,-0.529578232650563,-1.066017595841751,-0.0030124413978904196,-0.5872010421259407,-1.0330457214142557,-0.8345737225154523,-1.215052441827464,0.4843303839690294,0.6912211049194456,False,False,True,True,False,True,True,False,False,True,0
1.501589810747884,-0.8812369943759858,-0.9636390562640997,-1.4468723664878527,-0.7151627640145348,0.5570976560039554,-0.9985881212648022,-1.0714076292351158,-1.0330457214142557,-0.8053561646055714,-1.3365473951862021,1.2988815755889789,-0.4833562450700027,False,False,True,True,True,True,False,True,False,True,0
-0.4662724386448158,-0.31454068189693196,0.331344324981084,-1.474744425693282,-0.7895644940019275,-1.1209599719626593,-0.6172728529956137,-0.6584966984540317,-1.0330457214142557,-1.3354244238321151,-1.4241504360775616,-1.0494607956720035,1.1607153132752084,False,False,False,True,False,True,True,True,False,True,0
0.5940182239570012,-1.3019690553846903,0.9209762923912038,-0.948845102244165,0.20946249834405736,1.4396059420129603,-1.0637915153956405,-0.39336807603776924,-1.0330457214142557,-1.3965012709632156,-1.2571369918870323,0.6181100239577214,-0.958714592588729,True,False,True,False,False,True,False,False,True,False,0
0.714417944911667,0.9359224663845772,-0.1802563465645053,-1.1774927604094512,0.7984133556872172,-1.1527552231968834,-0.4028636351544239,-0.717643123617115,-1.0330457214142557,-1.457422097456024,-0.7568485899738109,-0.9755133405293328,-0.0068685694985272105,False,True,False,True,True,False,True,False,True,True,0
1.0429921177169723,-0.0592008653097269,0.7034826551889504,-1.2489805862350625,-0.3902009396873405,-1.2061224310138179,0.7930715296937043,0.08264389477489725,-1.0330457214142557,-1.0726447914711423,-0.7715201419578319,-0.11059396688662393,1.1515966030698557,False,False,False,True,False,False,True,True,False,True,0
1.2805539152402263,-1.319169484116541,-0.787807547713831,-1.3773135167592263,-0.24300431739159034,0.9003403471017567,-1.1355039091443921,-0.5905630820352885,-1.0330457214142557,-0.9320878839894484,-1.2636041354391438,0.8994627076103913,-0.5869655848562549,False,False,True,True,True,True,False,True,True,False,0
0.8026439601835657,0.8604879584787744,-0.35459840909425133,-1.2694439560249748,0.45010575312977125,-0.7545493007273659,-0.5622956757325572,0.5505584301945439,-1.0330457214142557,-1.3638376528010296,-0.8218917400947021,-0.52319717499355,0.7338999347812454,True,False,False,False,True,True,False,True,False,False,0
1.1333074761591457,0.9042766664467773,0.5014478870064836,-1.4094211425904508,-0.5347474566404712,-1.0618412596928661,-0.005651895211686353,-0.588393640079939,-1.0330457214142557,-0.8328186680141287,-1.2169489440486707,0.4906046681902953,0.6888717384157206,False,False,True,True,False,True,True,False,False,True,0
1.490771690111184,-0.48564558760892973,-0.769681335057813,-1.3965986329387332,-0.8675516278652985,0.3359886328999534,-0.8659119548401253,-1.0034287451132535,-1.0330457214142557,-0.7457211377835876,-1.3799770551139823,1.3461514679155009,-0.2978686413542937,False,False,True,True,True,True,False,True,False,True,0
-0.16736725424419552,-1.2864985518368974,0.42085980519979593,-1.105519034103321,0.19790136845280493,0.5441661380984797,-1.1201487206844112,0.7039301517415357,-1.0330457214142557,-1.2969558846102427,-1.324364637336176,-0.8208554261356724,0.2843515775211793,False,False,True,True,False,True,False,True,True,False,0
0.6333922198368145,1.1212603859564452,-1.3062398583379635,-0.9090613754888334,1.3393959584864716,-0.822087391591983,-0.6160426987095038,0.49486136787571966,-1.0330457214142557,-0.9899519903765128,-1.0059014638692725,1.4774142530450793,0.183603217870364,False,True,False,False,False,True,True,True,False,False,0
-1.1364140734651658,0.4095968471119942,0.5888549774065908,-1.1132577246964583,0.005157862173654992,0.42518790449734967,-0.6322680995954282,-1.70557980422327,-1.0330457214142557,-1.1669555224583217,-1.075695785942699,0.6118840651475674,0.45172586895439415,False,True,False,False,False,False,True,True,False,True,0
0.5554379565147926,-0.14829655458119462,0.6605184187075663,-1.124547486044914,1.2338632991986007,0.9356437370540589,-0.904759644250622,0.06561779055521089,-1.0330457214142557,-1.3973778215820685,-1.348867675703872,-0.5511203004778591,-0.2700530620127142,True,False,True,False,False,True,False,True,True,False,0
1.363479567573737,-0.6086248777393113,-1.3086322578284384,-1.2976267539761344,-0.04440414847363261,0.30766326599335125,-0.9430716597192825,-0.5505061642033596,-1.0330457214142557,-0.9254112788771753,-1.212978381668834,1.3832404174905153,-0.3963958682667807,False,True,False,True,True,True,False,True,False,False,0
0.7652971274523671,1.0023300432089348,-0.9458064082673299,-1.1202163590414265,0.5581545749506919,-1.2086859610627578,-0.6614403108348694,0.17628460188699757,-1.0330457214142557,-1.4931481883336764,-0.5576968013069471,-0.9039239036441887,0.3464618703100011,True,True,False,False,True,False,False,True,True,False,0
1.2398121249220604,0.9126237011240383,-0.8634162955223618,-1.03231661908712,-0.14314222978321833,-0.6035787975857103,-0.45542296289335715,0.008667650067155863,-1.0330457214142557,-0.7973057267540993,-1.283573471065906,1.5975432132609237,0.29123042269462834,False,True,True,False,False,True,False,True,False,True,0
0.9396639570425089,1.0609848152874015,-1.2848889130285663,-1.060137282649634,0.6015224283581388,-1.2155183530472566,-0.45977596842314433,1.0381300596093481,-1.0330457214142557,-1.1964384332634677,-0.7410181171922953,0.562462166619594,0.7885021956960759,True,True,False,False,True,True,False,True,False,False,0
0.7448273105067557,0.7099807189342544,0.8609162528701757,-1.3919755103739793,0.7502915477910823,-0.4665247482335013,-0.20944985737312338,-0.4944713448790024,-1.0330457214142557,-1.2778671515758855,-1.1904336473000923,-0.48255740596044694,0.3826725021101238,True,False,False,True,False,True,True,True,False,True,0
0.4402331133841846,0.6308284451069334,-0.6833690121116843,-1.3304471607434354,-0.2928832482158056,-1.3993753435038565,-0.5787037924692096,0.7036473725822817,-1.0330457214142557,-1.3363831892033862,-0.7586806426881262,-0.6939863469560053,1.25827517977599,True,False,False,True,True,True,False,True,False,False,0
-0.15672418266893579,0.7177799676767099,1.256165885405189,-1.443658951385699,-0.27199625365862934,1.05544058769808,1.1068311638518733,-0.6892240731785676,-1.0330457214142557,-0.9961614741455538,-0.7162102400824201,0.8455666984107154,-1.3915213588932758,True,False,False,True,True,True,False,True,False,True,0
0.013423299266515532,1.1349308824432733,-0.42511106303499624,-1.098140012160273,1.3746278827332217,-0.7748812569191688,-1.0391896323571401,-1.1615897939584314,-1.0330457214142557,-1.3100527554890002,-0.7502925863761912,-0.8031661007368085,-0.5411030342686729,False,True,False,False,True,False,True,True,True,False,0
-1.0337040882614237,-0.8369954459611256,0.05566822330304702,-1.3935562620616173,-1.2119169808775372,-0.73474051578529,-0.9732468937376535,-0.8349092332102998,-1.0330457214142557,-1.4571430338614018,-1.5907868532076337,-1.1644241226890006,1.199447601533395,False,True,False,True,False,True,True,True,False,True,0
-0.7496496550074254,1.3088774772718517,0.7018513201539799,-1.3921817238909517,1.6292605763668808,-0.33123700169462844,-1.1702880672505518,-1.3864968188135633,-1.0330457214142557,-0.7587029709087446,-1.0985627790226316,0.0832756471039664,-0.2567604876411298,True,True,False,False,False,True,True,True,False,False,0
0.6961073544389399,0.5819885028644862,0.7682387937008255,-1.3112527223544561,1.006467594398006,0.08470108900763629,-0.47778687400442127,-0.5293817520758313,-1.0330457214142557,-1.3689062973519615,-1.302966033407594,-0.5212351534052595,0.08590164402271483,True,False,False,True,False,True,True,True,False,True,0
0.5174537420316967,-1.1164173639038186,0.9811186665518953,-0.959107537110695,-0.2763749743342432,1.4245347750986026,-0.929341950878025,-1.3323682107428556,-1.0330457214142557,-1.4953856749010292,-1.2919880363716165,1.0962318929138002,-1.0353115370037465,True,True,False,False,False,True,True,False,True,True,0
1.1280970869402465,-1.231690513121541,-0.11576051700741496,-1.2460311694617119,-0.37928619980798384,1.0925197474773802,-1.0746295817452833,-1.2074403238119031,-1.0330457214142557,-1.1557531767531397,-1.3016890835269221,1.1930623236528053,-0.9464994078435933,True,False,False,True,True,True,False,True,True,False,0
-0.11289718475319979,0.13672795870248788,0.7616970529911715,-1.4895008958787768,0.9214471922619807,-0.4746484970348168,1.6114084148789196,-1.5028860724785185,-1.0330457214142557,-0.7437940847267355,-1.156377608461371,-1.1128317973278337,-1.3252506563498112,False,False,False,True,True,True,False,False,False,True,0
0.8593314238982799,0.9341553558883662,1.0429605755553104,-1.5502478051075828,0.1693072954226651,-1.6320209307750375,0.38963073528564685,-0.39448059847674044,-1.0330457214142557,-1.081275696350188,-0.9392721750762965,-0.3849780139177162,1.0284578800323596,False,False,False,True,False,False,True,True,False,True,0
0.6404749913373979,1.1194288954884786,-1.3140331610421643,-0.9069770038921963,1.3378743400967004,-0.8226325056266636,-0.6134322972747784,0.5031420300633689,-1.0330457214142557,-0.9917492506424674,-1.0059701135845656,1.481966309741296,0.18529068727230202,False,True,False,False,False,True,True,True,False,False,0
0.685660976866148,0.5103792372208765,0.34492839114160745,-1.1610934221137894,1.3026600361017073,0.5245411079401031,-0.7531911355768,-0.3730465296042186,-1.0330457214142557,-1.423790273359809,-1.3790829823890536,-0.2642931612457906,-0.1934407773043706,True,True,False,False,False,True,False,True,False,False,0
-0.17917967418067274,0.43788632029825736,1.037868421127574,-1.4798371145528315,0.2470472726499578,0.29387909925645517,1.4709826685037943,-1.1104678046722485,-1.0330457214142557,-0.8405385017998833,-0.899956038558622,-0.07270641336879513,-1.4212253024360841,False,False,False,True,True,True,False,False,False,True,0
0.27558205863839647,-0.32309224756772326,1.165519861885191,-1.1932264329619178,-0.29695396391614703,1.289597442858979,0.033271488655483905,-1.024338765031644,-1.0330457214142557,-1.2391018178058728,-1.0066062312744999,1.0731203728606797,-1.3780306317795588,True,False,False,True,True,True,False,False,True,True,0
-0.7399091102615833,1.4204409377157199,0.28071850740338117,-1.315735516185219,1.5970639930611306,-0.7165875350233657,-1.1964268668271283,-1.4660463031283881,-1.0330457214142557,-0.8235732624155071,-0.8973879213742199,-0.12308409886176763,-0.36366557002585526,False,True,False,False,True,False,True,True,True,False,0
0.9230438907593445,0.911237719339749,-1.2384470952987077,-0.8843092832693387,1.2713993840940605,-0.5388640283954688,-0.54467002485856,0.6233584384652591,-1.0330457214142557,-1.1585850296281046,-1.0930075919626068,1.2620006282882477,0.164508864747824,True,True,False,False,False,True,False,True,False,False,0
0.8135683332951,0.7263709777764582,-0.5082306226368949,-1.0119557823383079,1.285816080094231,-0.048445959961714524,-0.6408351804064168,0.1638393115384279,-1.0330457214142557,-1.280891607737732,-1.2249390032428114,0.5581089255407146,-0.0005693035377911104,True,True,False,False,False,True,False,True,False,False,0
0.5160820950238983,-0.08579075936312486,-0.3249207637460302,-0.9148079607693677,1.137229801816495,0.08434244691134718,-1.0159392413416173,0.10102301656424428,-1.0330457214142557,-1.5036913144188557,-0.8370908932040466,-1.0143922806476122,-0.5225708606591449,False,True,True,False,True,True,False,False,True,False,0
1.162782769371748,-0.5962012496083667,-0.15703559833378972,-0.9844354187992471,-0.7838643567828346,-0.9267954961812923,0.7521552442070525,0.8910512581725138,-1.0330457214142557,-1.1428789007932336,-0.5201649679811664,0.013517762931506472,1.3067174378042137,True,False,False,True,True,False,True,True,False,False,0
1.1945909285560046,0.886667965327614,0.3805854452957549,-1.375598784261828,-0.6932143308276136,-0.933812190656461,-0.08656655401737035,-0.6249537253656716,-1.0330457214142557,-0.7790160080025315,-1.2750878019256555,0.6829480857413315,0.6168499481253178,False,False,True,True,False,True,True,False,False,True,0
0.4442141119324854,0.3347056006035303,0.6409221729838506,-1.1778025090474389,1.0254882240298417,0.7878565529140247,-0.7240214319520649,-0.7024152432637363,-1.0330457214142557,-1.4923930685610278,-1.402197136233914,-0.40928729716410284,-0.12801800905515626,True,True,False,False,False,True,True,True,False,True,0
0.7561756071832622,0.7397938336714975,0.882503532226804,-1.4107781986548382,0.6906206857266076,-0.5949212994960016,-0.14694635121679833,-0.4863396943205371,-1.0330457214142557,-1.256661483122397,-1.1642215772094398,-0.4735482321391127,0.45179907804195407,True,False,False,True,False,True,True,True,False,True,0
1.412626654989757,0.17677814423252491,-0.033777030089199245,-1.1177049959065302,-1.3152257030057648,-0.44926320550797805,0.07003786744307305,-0.3513100505233383,-1.0330457214142557,-0.6926109905134519,-1.2466041570461648,1.159422838483312,0.5938710398906843,False,False,True,True,False,True,True,True,False,True,0
1.4108984025523046,-0.8178365958703968,-1.2584495621481757,-1.3607883417106832,-0.2113941549052456,0.45557530914164046,-1.001776831863499,-0.7377484434870284,-1.0330457214142557,-0.9055196240572622,-1.2389977792608076,1.3417149085074878,-0.4814511093362516,False,True,False,True,True,True,False,True,False,False,0
-1.183800112961571,1.5886739024904661,0.6966191002817056,-1.4439507439425743,1.7281314830579986,-0.6822387424635826,-1.289076795049887,-1.645443211352007,-1.0330457214142557,-0.5369217560656798,-0.9840618715706106,0.2776450851111234,-0.25911292776183,False,True,False,False,True,False,True,True,True,False,0
-0.10399623461380081,-1.1056015232440881,0.10053754498942634,-1.1927491617096708,-1.1996638045349266,-0.7784205912681348,-0.08586259985231659,-0.15865616749882006,-1.0330457214142557,-1.2917729975608556,-1.1939999945765578,-0.690863916758025,1.261904424631637,False,False,False,True,False,True,True,True,False,False,0
1.4116961222484343,-0.8213561321114233,-1.2576053464527222,-1.361850899291388,-0.21420340184789088,0.4580636104710073,-1.0027644198568626,-0.7408983912704424,-1.0330457214142557,-0.9051849898376396,-1.2394354995453722,1.3410163313192767,-0.4828819804466628,False,True,False,True,True,True,False,True,False,False,0
1.310300511661809,-1.4552246001118339,0.172493854537777,-0.8484501847768783,-1.1577898006607166,-0.5530260342554958,1.2700558261586101,0.6859961996103745,-1.0330457214142557,-1.0530790169949866,-0.5629023798537115,0.31351875916007377,1.2512988427735232,False,False,False,True,True,False,True,True,False,False,0
-1.0325204839854376,-0.8458929913990278,0.04610604122502149,-1.404685979314794,-1.2119777161955407,-0.7764517844235017,-0.9905915555679612,-0.8153719459894707,-1.0330457214142557,-1.453661983259832,-1.6005564241356827,-1.2074589065131025,1.204874182727114,False,True,False,True,False,True,True,True,False,True,0
0.627065496437741,0.836465602180146,-0.7644935287535428,-0.9629927941476201,1.2102020753485636,-0.6024717857102306,-0.8950015447330735,-0.8658552691502759,-1.0330457214142557,-1.672831211893458,-0.7444076943089013,-1.2441818454767175,-0.6258269214206511,True,True,False,False,True,True,False,True,True,False,0
0.4960845548662267,-1.3993552905034168,0.8155615583810242,-0.9308468108454763,0.5565578946426053,1.4300973175440426,-1.1072048422759029,0.4232089423827019,-1.0330457214142557,-1.318902386009278,-1.209049607747478,0.1530274859654781,-0.6811927694700959,True,False,True,False,False,True,False,False,True,False,0
1.370377125664913,-1.3983356502526132,-0.22170700904020546,-1.0411274491068536,-0.9820693875401132,-0.15874382386912816,0.5563007077285536,0.14311626114602027,-1.0330457214142557,-0.9965055539187897,-0.7807458351605617,0.5932966306431138,0.6813228045117767,False,False,False,True,True,False,True,True,False,False,0
0.9265283905013542,0.8691878462419722,-0.8012385569329645,-1.25688783476703,-0.11272468431889965,-1.4720522093120612,-0.28106110162373793,1.1182156635989566,-1.0330457214142557,-1.282288075053299,-0.49589299785249497,-0.4322104499203149,1.2748326826602538,True,False,False,True,True,False,True,True,False,False,0
1.0417455858450784,0.15454279916001212,-0.48707185883064447,-1.1240174795908813,-0.440027954272769,-1.206139892555686,0.2228207316743498,1.007431491892587,-1.0330457214142557,-1.214300619581666,-0.5077300200362249,-0.21483647016212232,1.290382329102675,True,False,False,True,True,False,True,True,False,False,0
-1.07295735166446,-0.5419156614414902,0.3727901359489423,-1.0244483331667662,-1.2099027439540775,0.6485794400053534,-0.3980254339347088,-1.4828473127015473,-1.0330457214142557,-1.5725892171466753,-1.2667870597345134,0.26278912688548073,1.0194794945429346,False,True,False,True,False,True,True,True,False,True,0
0.39873458452471944,-1.2397185912090634,0.6636766758588611,-0.9522799132213216,1.0925476044259743,1.313034009166468,-1.1124677261438676,1.2644566000948037,-1.0330457214142557,-1.248530984048336,-1.185058166004998,-0.5214040007325077,-0.28069315307759624,True,False,True,False,False,True,False,True,True,False,0
1.362684752467991,0.565307008568489,0.010048558727115825,-1.199401971764562,-1.2203023311117067,-0.16336659973302023,-0.5026746820958581,-0.8424924553576537,-1.0330457214142557,-0.6644617704469586,-1.4962927274430011,1.4551486531094016,0.11741334618965579,True,False,True,False,False,True,False,False,True,True,0
1.0143782747168806,-1.3895040783643162,0.19859955554551184,-0.8990105254902375,-1.1845742191188697,-0.6400480209484666,1.066271589847404,0.5692320108840979,-1.0330457214142557,-1.107833715384417,-0.6696015333037026,0.07879705514912794,1.312528938703935,False,False,False,True,False,True,True,True,False,False,0
0.17884755753801573,0.3228408314771255,0.6888114085487913,-1.5194239897587845,-0.3052948799964734,-1.3823170902100457,-0.1339703672544491,-0.5412243244416362,-1.0330457214142557,-1.2110634758521663,-1.1907390554129127,-0.7307237447505689,1.0927498321500695,False,False,False,True,False,True,True,True,False,True,0
-0.12923362382468806,0.21095352366805675,0.8297641513729637,-1.4871190937437764,0.7552299410434118,-0.28523189002418947,1.576798117807388,-1.4061679621913243,-1.0330457214142557,-0.767638380387228,-1.0931781814405244,-0.8564753280925017,-1.348905228948682,False,False,False,True,True,True,False,False,False,True,0
1.0940752183309765,-1.4097353745343764,0.2055875926124962,-0.8780782963194635,-1.1834989139969896,-0.6301873965847156,1.1483742958607273,0.6211023482585328,-1.0330457214142557,-1.0947259429184601,-0.6322321599402184,0.1336441806587796,1.3161365129197722,False,False,False,True,False,True,True,True,False,False,0
0.7713719795407935,0.6551157806795325,-0.22677535251668246,-1.061155959573963,1.291372863895859,0.14058120539337549,-0.6779011613096024,-0.013278139021324353,-1.0330457214142557,-1.3280335612105711,-1.275790760755009,0.28680029755261915,-0.06419717579930306,True,True,False,False,False,True,False,True,False,False,0
1.3728661682231935,-1.395978676251246,-0.2380391998974637,-1.0491102876687206,-0.9747890906413363,-0.1424082627209271,0.5267290200520283,0.12062412683890589,-1.0330457214142557,-0.9941616508942502,-0.7897713376842828,0.6048881465855809,0.6577080479217947,False,False,False,True,True,False,True,True,False,False,0
0.5350379744172368,-0.8551754074185588,1.0866239401940503,-1.056181686131104,-0.21939113053990345,1.3874168848390362,-0.6068517528545838,-1.1836431452436975,-1.0330457214142557,-1.386798926355737,-1.1914357883412197,1.105525665056333,-1.3072279116625232,True,False,False,True,True,True,False,False,True,True,0
-0.45861981144665065,1.3747509306962322,0.8410684030197952,-1.4920166451923107,1.176612850223876,-1.034079087214899,-0.689954252107185,-1.2055734378837444,-1.0330457214142557,-0.7262351105577693,-0.9735279267588348,0.04375830212462695,0.2091236882203435,False,True,False,True,False,False,True,True,False,True,0
0.6328595852223604,0.9059100571093572,-0.9278126370672585,-0.9434987171905764,1.1599186527465792,-0.8506939975237956,-0.8676859354910801,-0.8974079178658576,-1.0330457214142557,-1.683764165864313,-0.6416980984765094,-1.322701496097374,-0.626756002883949,False,True,False,True,True,False,True,False,True,True,0
0.627444997515769,0.8231202368206054,-0.7176570983917367,-0.9713172074931328,1.2134484454547712,-0.5584487070583517,-0.8916954753640247,-0.8561392405739325,-1.0330457214142557,-1.6663664023076445,-0.7671586907167222,-1.2218948251271882,-0.6139339859485731,True,True,False,False,True,True,False,True,True,False,0
1.2320964794044211,-1.240487481143815,-0.3962676374387235,-1.3136115621471809,-0.4303059558759741,1.0054694088468135,-1.0888194522131769,-1.1884182626873205,-1.0330457214142557,-1.0764814404191232,-1.2997439187249689,1.2093305380660508,-0.8696867622350226,True,False,False,True,True,True,False,True,True,False,0
0.7186242330726736,0.5660428931762855,0.12505910495470451,-1.1226588678613418,1.2983191470949496,0.3768754845577228,-0.724235661552384,-0.23468462432106618,-1.0330457214142557,-1.3869635773981297,-1.339358234578217,-0.05235030316176026,-0.1437354907423002,True,True,False,False,False,True,False,True,False,False,0
1.2178499222950783,-1.239282411533802,-0.35784182920932905,-1.304353931875956,-0.42331691631232715,1.0173941671680238,-1.086875625473375,-1.1910240363724132,-1.0330457214142557,-1.0873406319209231,-1.3000103808723094,1.2071020053774086,-0.8802090904568839,True,False,False,True,True,True,False,True,True,False,0
-0.8400117325889914,-0.5311200670358032,0.574150774565557,-0.889577222351123,-1.0647017037407949,1.2362572806305265,-0.2858585685256604,-1.6785496076482318,-1.0330457214142557,-1.599657193234157,-1.1611790026484188,0.8742022427822213,0.6405476748151935,True,True,False,False,False,True,True,False,True,True,0
0.6095982408900287,-1.478572326177206,0.2659261205150678,-1.0346776160049462,0.6978851232350665,1.2748152204968726,-1.1600965084486623,0.9937314641856467,-1.0330457214142557,-1.132078413293845,-1.1740398804925294,-0.12551916668113572,-0.3668695440489297,False,False,True,True,True,True,False,True,True,False,0
0.7216631774632261,-1.197311599744054,0.9804728637049878,-0.9819242112156904,-0.17989889159442518,1.4327160564424284,-1.0191749834770758,-1.2817793222040152,-1.0330457214142557,-1.4655503875432365,-1.309290867694145,1.1294854716393337,-1.2466863907888888,True,False,False,True,True,True,False,True,True,False,0
-1.0755639774966728,-0.5223207915577999,0.39384872058116016,-0.9999376000729787,-1.2097689878904612,0.7404392554290234,-0.35982766421119483,-1.525873853408115,-1.0330457214142557,-1.580255458816623,-1.2452717471698673,0.35756369088083284,1.0075286533647327,False,True,False,True,False,True,True,True,False,True,0
-0.3440617074477058,0.6165272738086895,1.230479585292063,-1.4020606582161066,-0.5398044843754806,1.1047050222116066,1.1545458882007487,-0.8215500943854717,-1.0330457214142557,-1.018453516207409,-0.691130997799441,0.9878236903274267,-1.2389306669666507,False,True,False,True,True,False,True,False,False,True,0
0.7156694852117881,0.7852526205463607,0.4996652083297858,-1.335098178355827,-0.9705201885022035,0.2540672392630239,0.3316714364177369,-0.7467691165033105,-1.0330457214142557,-0.7198734214134466,-1.1364681506215621,1.2869096897469672,-0.4847630713283331,False,False,True,True,True,True,False,False,False,True,0
-0.08174140052984713,-0.004830166406904923,0.631883951089789,-1.4940433125618777,1.238445822777655,-0.8358914160404867,1.6774149015280657,-1.6873405035458957,-1.0330457214142557,-0.6983198092554869,-1.2769074070719841,-1.6017380274313149,-1.2801382082476858,False,False,False,True,True,True,False,False,False,True,0
0.10971061994314635,0.15817004420416736,0.20134154263774573,-1.044011502209879,-1.2836378103453618,0.4523317637273848,-0.29178274057420533,-1.2890397673639575,-1.0330457214142557,-1.115367354151822,-1.3186699853869972,1.1480391415639597,0.6474214539736023,False,True,True,False,False,True,True,False,False,True,0
-0.8712399047921132,1.4702147984060816,0.40376798345988313,-1.3536696207961814,1.6358419757048672,-0.7064250082079945,-1.2238385255737132,-1.519123158369926,-1.0330457214142557,-0.7387637712266534,-0.9230315110733898,-0.004523276942382248,-0.3327323420593469,False,True,False,False,True,False,True,True,True,False,0
-0.681138335419647,0.1455209545989321,0.8996144998704244,-1.1642944347066766,-0.8427927259638748,1.148646719127639,0.5558334485361928,-1.238218237531257,-1.0330457214142557,-1.2902100586766683,-0.8930746811397224,0.9179767524047188,-0.24913091415557032,False,True,False,True,True,False,True,False,False,True,0
1.484384045334006,-0.25206551689315326,-0.65515746659089,-1.366914109876117,-0.9575308361738307,0.20543306377218118,-0.7875722644281369,-0.9632900760503176,-1.0330457214142557,-0.7105091651675631,-1.4056204408487654,1.3740623492023076,-0.18834602066115036,False,False,True,True,True,True,False,True,False,True,0
-1.0733010447803006,-0.5393320064337052,0.3755667870808379,-1.0212165036788368,-1.2098851077296149,0.6606914914526111,-0.39298891878466324,-1.4885205189041935,-1.0330457214142557,-1.5736000390505216,-1.2639501873601795,0.2752854985547333,1.0179037325786764,False,True,False,True,False,True,True,True,False,True,0
0.9861200199088114,0.24840034753385254,0.8086048840630617,-1.3422705460074282,-0.21694445017924535,-1.3380055282141394,0.6681426521951376,-0.06510176752595287,-1.0330457214142557,-1.075317424663624,-0.8234659875095718,-0.19555932357397354,1.1134656488904384,False,False,False,True,False,False,True,True,False,True,0
1.1787587372835784,0.9412020548835115,-1.0702099319840617,-0.9758188915525874,0.20371695025395375,-0.6643275827888491,-0.46240548657227126,0.23226263115707602,-1.0330457214142557,-0.8673373482440083,-1.2159017965697547,1.624846273556252,0.2857797457639577,False,True,True,False,False,True,False,True,False,True,0
0.9006527531513624,0.5423549318832412,0.004480704308901462,-1.154346592449329,-1.3328358856848224,-0.04231126465696827,-0.37348576235752884,-0.9901053744136288,-1.0330457214142557,-0.7831218381462862,-1.4384307524141005,1.355618229071951,0.44935776642227376,False,True,True,False,False,True,True,False,False,True,0
0.5523286385633448,0.37316321074416525,0.09117652481072586,-1.105755967418701,-1.3111694763325457,0.17552527187984368,-0.337504454083552,-1.1217535106963352,-1.0330457214142557,-0.929439906598459,-1.3856891403724065,1.2642021837919666,0.5365833113790406,False,True,True,False,False,True,True,False,False,True,0
0.5013706961395555,-1.394098697937299,0.8212515032328982,-0.9318183001391513,0.5378228128552017,1.430610562199577,-1.1048615319397859,0.37913276796792306,-1.0330457214142557,-1.3230909217021363,-1.2116452085085492,0.17813113032405448,-0.6961724958201531,True,False,True,False,False,True,False,False,True,False,0
-0.12249373462973567,0.4932677313767597,1.2865676187595885,-1.4034902696686067,-0.41595640150439106,1.139515869862781,1.0153942758294496,-0.7799226092710779,-1.0330457214142557,-1.0124943670838278,-0.7230275264765402,1.0234018595704837,-1.4866612208779983,True,False,False,True,True,True,False,False,True,True,0
1.2023531525534226,0.6889000825213337,-0.07061074809549517,-1.196433288043963,-1.3516022130260166,-0.23099004779332954,-0.40465091751799476,-0.8760785424097451,-1.0330457214142557,-0.6563886668182822,-1.484112819063169,1.4347980969526137,0.3738074939909657,False,True,True,False,False,True,True,False,False,True,0
-1.0703014754434217,-0.5618807628132694,0.3513336639527508,-1.0494221795775247,-1.210039027245829,0.5549839970239744,-0.4369449240478118,-1.4390078153237873,-1.0330457214142557,-1.5647781271527348,-1.2887088892209244,0.16622386317794713,1.0316561385838028,False,True,False,True,False,True,True,True,False,True,0
1.1457339193368927,-1.3511994547020223,-0.5760731898944259,-1.308465197113126,-0.05394456966141825,0.9755863027245717,-1.1404454787058467,-0.27221927424494385,-1.0330457214142557,-0.9722734333070496,-1.2456073393069969,0.6935056565327528,-0.5427400891128566,False,False,True,True,True,True,False,True,True,False,0
0.6833320618034924,0.548049421408432,0.38248648258529594,-1.2305500980373536,1.0746839843564995,0.32908120699338506,-0.7312031183444834,-0.26486321665644286,-1.0330457214142557,-1.4456826396868423,-1.2683923345123729,-0.5549756228364304,0.00782238946352587,True,False,False,False,True,True,False,True,False,False,0
0.5181610902247449,-1.3774021595425134,0.8393245004242499,-0.9349040459122823,0.47831448907734186,1.432240783486326,-1.0974184648757601,0.23913341874022986,-1.0330457214142557,-1.3363949862903854,-1.2198896267737387,0.25786794777946664,-0.7437526673858994,True,False,True,False,False,True,False,False,True,False,0
0.4698759945241908,1.0986947055408063,0.9968479908226113,-1.5444413268781254,0.4824121207029428,-1.4740938601006395,0.06128962041195907,-0.647576159668757,-1.0330457214142557,-0.9785022447039827,-0.9554006003414178,-0.2705989976279793,0.786013854438947,False,True,False,True,False,False,True,True,False,True,0
0.8081024390240414,0.965509824394925,-1.3484509552296258,-0.8626451536155252,1.2279989606152626,-0.8359173067637958,-0.6984262470181277,-0.0033543491178534834,-1.0330457214142557,-1.3942719119753626,-0.8193895155688093,0.17052040722010808,-0.20984544389599946,False,True,False,False,True,True,False,True,True,False,0
-0.9177641494605019,-0.34090600991281206,0.45707396094512964,-0.9006805091559712,-1.2197269640367,1.094898659822352,-0.18564628641175868,-1.67737101634877,-1.0330457214142557,-1.5469714761354425,-1.163094550322415,0.8783831628071088,0.9047164356792545,False,True,True,False,False,True,True,False,False,True,0
-0.024242317706459904,-0.8828547095185266,0.8187182905198318,-0.9313614925579683,-0.590956443321601,1.3494027155379513,-0.6725601621370201,-1.4705117600001159,-1.0330457214142557,-1.5369951829732351,-1.2397887432987582,1.0076310490102562,-0.36656058260332025,True,True,False,False,False,True,True,False,True,True,0
1.097649101674855,-0.19220380045155339,-0.3346378152127933,-1.0595486302864143,-0.5988358776770637,-1.0771189303219244,0.467304777307308,0.9536788842353735,-1.0330457214142557,-1.1813130279131996,-0.5134733568276771,-0.109366364921832,1.2979270354587706,True,False,False,True,True,False,True,True,False,False,0
0.8896763277819695,0.9933485674626898,-1.5045996628324818,-0.8364268237087892,1.2431611661330946,-0.8420257413982623,-0.6034091387463902,0.40288453579179906,-1.0330457214142557,-1.2556649223288585,-0.9034673962583779,0.8509822623508709,0.0021242061782920096,False,True,False,False,True,True,False,True,True,False,0
-0.7807078837955312,-0.9338163433428618,0.041201692525121236,-1.3704860068237532,-1.2087942864505774,-0.8621477591187126,-0.7830017255079639,-0.5990903919056165,-1.0330457214142557,-1.403071899630267,-1.5113056418312456,-1.1565742322781918,1.2312722901175994,False,False,False,True,False,True,True,True,False,False,0
0.9428922649027592,0.9447548288956474,-1.3708383805388853,-0.8611664417958397,1.2687855771151215,-0.6277788650442169,-0.5272348819729259,0.7066711684349412,-1.0330457214142557,-1.1364103380462551,-1.0690878780738378,1.389619123194212,0.19443822361966723,True,True,False,False,False,True,False,True,False,False,0
1.2982031510204717,-1.2460792280039295,-0.5745705261090035,-1.3565686864253925,-0.46273639782763715,0.9501363149357198,-1.0978391693967984,-1.1763269887055385,-1.0330457214142557,-1.0260927745038662,-1.2985074848597795,1.21967134374303,-0.8208612045188557,True,False,False,True,True,True,False,True,True,False,0
-0.410697076804187,-0.09460795829170837,0.3308679531716166,-0.9714155084308931,-1.25126748134549,0.777786722195076,-0.2380254812269359,-1.4857264178561111,-1.0330457214142557,-1.3339713663540058,-1.2398722803305366,1.0114605597848183,0.7777392902858273,False,True,True,False,False,True,True,False,False,True,0
-0.3921427955544978,-0.6489463518425287,0.057445057274768674,-1.042537804868278,-1.0373079419559716,1.086438944159705,-0.42483521372278876,-1.5799979314536583,-1.0330457214142557,-1.4163752814693908,-1.1793433649119256,0.9459065662381534,0.5162152374705679,False,True,False,True,True,False,True,True,False,True,0
-1.044119336932385,-0.7587005714180849,0.13981163694244292,-1.2956191599564715,-1.2113825341431432,-0.36769787825650313,-0.8206207417867414,-1.006829619854239,-1.0330457214142557,-1.48777489992267,-1.504818499857894,-0.7857350759164191,1.151695837102955,False,True,False,True,False,True,True,True,False,True,0
-1.1311299482615291,0.31737667674163683,0.5789805808345535,-1.087100452832099,-0.12918828240664104,0.5111096752440083,-0.5809003982817804,-1.7096047896046356,-1.0330457214142557,-1.2169431182674753,-1.082502772621878,0.6364075568525193,0.5065798164090788,False,True,False,False,False,False,True,True,False,True,0
1.4840018989866006,-0.23809138809224772,-0.6483059775754506,-1.3651382077308727,-0.9629139197667667,0.1976224644643021,-0.7828855250128883,-0.9608887456214691,-1.0330457214142557,-0.7084025785946486,-1.4071545784746813,1.3757321417015282,-0.18179373559894996,False,False,True,True,True,True,False,True,False,True,0
1.165985643338052,-1.234895382026486,-0.2179535164146833,-1.2706517317455857,-0.3978734709389207,1.060805988516832,-1.079799166824211,-1.2005102983699802,-1.0330457214142557,-1.126873280614535,-1.3009804304804418,1.198989080960548,-0.918515395761912,True,False,False,True,True,True,False,True,True,False,0
-1.1073966690132173,-0.09682377676394394,0.5346304183721944,-0.9696168933767706,-0.732594606515663,0.8970213067921109,-0.3501859559400958,-1.7276827302939628,-1.0330457214142557,-1.4414589131380984,-1.113075877813503,0.7465531068437872,0.7529524897738726,False,True,False,False,False,False,True,True,False,True,0
0.6331686423924603,0.621845098250162,-0.011268868677365318,-1.0968662205396664,1.2624102816708733,0.10550848086681108,-0.8418332533527656,-0.7096018513476547,-1.0330457214142557,-1.5688639802937019,-1.1102897951286468,-0.8857614193851802,-0.43456443175045406,True,True,False,False,True,True,False,True,True,False,0
-0.7119287356667744,-1.0237952676034219,0.16720388598358737,-1.31418021887138,-0.6930414187177643,-0.3638444622211716,-1.0688820846642586,-0.22158273601273692,-1.0330457214142557,-1.3898307757326145,-1.5161097375038826,-1.1410412042476399,0.8755580966670709,False,False,True,True,False,True,False,True,True,False,0
0.3004864199538201,-0.374165244778058,1.1579468892890126,-1.1800719366336683,-0.28950895029504115,1.2989868249412169,-0.028171937851528828,-1.0396298939003816,-1.0330457214142557,-1.253278800995975,-1.0243474419813041,1.0762308554370736,-1.3712345002725304,True,False,False,True,True,True,False,False,True,True,0
0.5788504222637265,-1.3170520714265614,0.9046498359655422,-0.9460575571916044,0.26322004861846937,1.438133262273098,-1.0705152983303408,-0.266898003000815,-1.0330457214142557,-1.3844828863818148,-1.2496892988377604,0.5460788239346466,-0.9157324801273059,True,False,True,False,False,True,False,False,True,False,0
0.37006629050459205,-1.5246691323753137,0.6799168721210501,-0.907687120571487,1.0031903941246165,1.4178618895940396,-1.1630678784963062,1.4739570613321236,-1.0330457214142557,-1.21905034442765,-1.1471721273751154,-0.44542751696474125,-0.32408556827383983,True,False,True,False,False,True,False,False,True,False,0
-0.40301720357952764,0.5341471592415474,1.172610502582021,-1.3604747857255495,-0.5927978414421681,1.1123905284958764,1.0498296723862974,-0.8944263339790679,-1.0330457214142557,-1.065984375539719,-0.7264514236433973,0.9756072963777858,-1.0658123589747086,False,True,False,True,True,False,True,False,False,True,0
1.261578640357222,-1.2414586343514904,0.29944792906905016,-0.8904228981983812,-1.0561080369457954,-0.6992329593209412,1.2732326273531416,0.6505007490527293,-1.0330457214142557,-1.0623725908955979,-0.5718675498719298,0.2159683119627273,1.2981519966681108,False,False,False,True,False,False,True,True,False,True,0
1.198802554510905,-0.9019248227267525,0.4154830731640946,-0.9933974454539446,-0.8648655001313545,-0.8448070624506052,1.1353346731579532,0.48741736128488394,-1.0330457214142557,-1.065322674630734,-0.629205980937288,0.1221825588266327,1.2560626040622065,False,False,False,True,False,False,True,True,False,True,0
0.6376819449252138,0.4631323177997746,0.5457439885074631,-1.1958661918473172,1.3010184735072154,0.6290629155777929,-0.802515074510366,-0.5940517806870227,-1.0330457214142557,-1.4919797679245526,-1.3808611733277918,-0.6207079815563394,-0.29312500273241626,True,True,False,False,True,True,False,True,True,False,0
-0.38498588790760524,0.5593428059294818,1.190309542814949,-1.3731936676546053,-0.5765900234696454,1.1100399454459033,1.0818567312222989,-0.8721374115322682,-1.0330457214142557,-1.0514472418539587,-0.7156488048911935,0.9793436342958995,-1.1187599391801597,False,True,False,True,True,False,True,False,False,True,0
0.1395977559135308,0.6108964329774184,1.0336145876202163,-1.3588255116966326,0.31699962852293645,0.9361875809335426,0.3984197711405786,-0.645023281494229,-1.0330457214142557,-1.175077544429557,-0.9843153008835455,0.31931226204522034,-0.9715799569238367,True,False,False,True,True,True,False,True,False,True,0
0.38495066971658687,-1.5098679545271514,0.6959382556769419,-0.9104225781197768,0.9504373465853012,1.4193070511374986,-1.1564697348125321,1.3498501825557894,-1.0330457214142557,-1.230844155900309,-1.1544806543351598,-0.3747422774079845,-0.3662645256564445,True,False,True,False,False,True,False,False,True,False,0
1.1878178738092386,-0.7514837431290406,-0.08877151609928402,-0.9555645266675848,-0.854982834555029,-0.8690164242176777,0.8616418037708273,0.8669793885143804,-1.0330457214142557,-1.128106166193213,-0.5227369893336608,0.06075012498479526,1.310096161105807,True,False,False,True,True,False,True,True,False,False,0
0.35072339171270545,0.5449917462509154,-0.36718667503252767,-1.1446640553443572,1.2211029209027884,-0.838700575422918,0.09916479575593917,-1.221201819002087,-1.0330457214142557,-1.3114596592236518,-0.886268521569824,-1.4664877908672052,-0.9155873163821727,False,True,False,True,True,True,False,False,True,True,0
1.2795244993590054,-1.3385214860347332,0.26627685274105006,-0.8609854670347874,-1.1107787217224356,-0.6576175528511656,1.3126536458709186,0.6971215512731754,-1.0330457214142557,-1.061529247669583,-0.5554761583824783,0.2427789338654172,1.3101841311185667,False,False,False,True,False,False,True,True,False,True,0
0.481280638544094,0.5883801090543588,0.8864624703298052,-1.5375362169399018,0.6208763947398229,-1.3409374301653156,0.8898643332915486,-0.9280405017639088,-1.0330457214142557,-0.9282172708266592,-1.082240103616579,-0.8915722501946798,0.11031485198029733,False,False,False,True,False,True,True,False,False,True,0
-0.9718544002507061,-0.3671793060894578,0.470536705776772,-0.893135010627774,-1.2163624495902225,1.1287258695935785,-0.18005885244784559,-1.6978142771204707,-1.0330457214142557,-1.5696927885173806,-1.154904456949784,0.8641874278339748,0.9182614398992582,False,True,True,False,False,True,True,False,False,True,0
0.6004178938745024,0.16498384402846905,0.6596118765762324,-1.1739949518927153,1.274426377185329,0.8273181114838869,-0.8451393795810429,-0.2784953824586794,-1.0330457214142557,-1.4401026292453158,-1.3958873498283504,-0.5596500295075123,-0.2669989437539806,True,False,True,False,False,True,False,True,True,False,0
0.632102880826399,0.6593231933300305,-0.14280068837734095,-1.073488579954936,1.2532934261763244,-0.018122538814799305,-0.8511177636539593,-0.7368875968460041,-1.0330457214142557,-1.587019253064646,-1.0463976510350055,-0.9483505688916404,-0.4679636347241386,True,True,False,False,True,True,False,True,True,False,0
0.4321179318575988,-1.0072071878308715,0.6630038556501492,-0.9889789844967398,1.1226528335749717,1.2326365654230333,-1.068218575958844,1.0090616340086167,-1.0330457214142557,-1.2802406123331953,-1.2199553714017817,-0.5277346210838672,-0.2784264382573502,True,False,True,False,False,True,False,True,True,False,0
1.4814149593578811,-0.14349352573574703,-0.6019248239411983,-1.3531162384841358,-0.9993547031625161,0.14474861388116922,-0.7511586434003654,-0.9446329397235036,-1.0330457214142557,-0.6941420411754065,-1.4175399228521361,1.3870358017189564,-0.1374380430713108,False,False,True,True,True,True,False,True,False,True,0
0.5472605969322719,-0.8802411361761462,1.082907258437491,-1.0497256906948336,-0.21573724879776393,1.3920250284242948,-0.637007105915592,-1.1911477623516893,-1.0330457214142557,-1.3937567403602784,-1.2001428625232295,1.1070522351975762,-1.3038924898494169,True,False,False,True,True,True,False,False,True,True,0
-0.9144856274916358,1.486604759228253,0.4442867630719566,-1.3661608858854137,1.6486111201408897,-0.7030786048137635,-1.2328648700584652,-1.5366007573728369,-1.0330457214142557,-0.7108369795602237,-0.9314756507217861,0.03451744040103799,-0.3225463852651103,False,True,False,False,True,False,True,True,True,False,0
1.5033423358343438,-0.9453224198976181,-0.9950600196219573,-1.4550166627287306,-0.6904759153682372,0.5929171040250706,-1.0200815319821666,-1.0824201427551592,-1.0330457214142557,-0.8150169813081223,-1.3295118322565693,1.2912238987226796,-0.5134050575815161,False,False,True,True,True,True,False,True,False,True,0
0.5936376909195308,0.8619371350154551,-0.9257722206163103,-0.9470882825230377,1.1971117452940112,-0.8241127030484523,-0.7953804878749233,-0.9496103084760167,-1.0330457214142557,-1.6598726060236277,-0.6601908424329765,-1.3681907999127985,-0.7116640591912974,False,True,False,True,True,True,False,False,True,True,0
0.42420712352907447,-1.0762122944033083,0.9531633479995245,-0.9543313812113601,-0.33052648180660293,1.4116016729110867,-0.8851399799337885,-1.3561480012815141,-1.0330457214142557,-1.5025482633222302,-1.2830025407606198,1.0809802975921032,-0.9201939096974228,True,True,False,False,False,True,True,False,True,True,0
0.7907078832379779,1.0203281197370329,-0.9362900082525624,-1.1562628462678992,0.44284941799638544,-1.2787687441242803,-0.6160931576302049,0.3740634759339735,-1.0330457214142557,-1.454712155856234,-0.5444323088759768,-0.8220466763299505,0.5335443175948618,True,True,False,False,True,False,False,True,True,False,0
-1.0604668298494098,-0.6358110516891635,0.2718808656224503,-1.1418997305354879,-1.2105436809884034,0.2084023289307938,-0.5810628573046578,-1.2766712138230751,-1.0330457214142557,-1.535853849287364,-1.3698848951143539,-0.19135497944020563,1.0767459577996876,False,True,False,True,False,True,True,True,False,True,0
0.8705801414905432,0.8226444058899913,-0.8885069367734576,-0.9454810560130573,1.2783082680655762,-0.3038419725580126,-0.5907550572248563,0.40314401966970626,-1.0330457214142557,-1.2171977628856108,-1.1562328144908811,0.9246760358339239,0.08539878911730606,True,True,False,False,False,True,False,True,False,False,0
-0.47480736755264036,0.5508223903567095,0.6547612536035508,-1.4787611643549496,1.4290231626606436,-0.7998820167164284,0.6364533353299295,-1.6850220560402547,-1.0330457214142557,-0.6345632631777692,-1.1815707685591694,-0.9596430171015082,-0.9171806979145612,False,True,False,True,False,True,True,True,False,True,0
0.4051671259433589,0.3016823440374369,0.1278041585247143,-1.0852271852322732,-1.3020157558756775,0.2675578153589875,-0.3223029118133385,-1.1773727976121413,-1.0330457214142557,-0.9912570113444911,-1.3634066308331168,1.225580328635452,0.5734347454238024,False,True,True,False,False,True,True,False,False,True,0
0.9624277230694638,1.0469365654660245,-1.4645127943957141,-0.9493909018168076,0.8865383261628734,-1.0577280566387963,-0.4701021832767752,0.9848568943929558,-1.0330457214142557,-1.1466687439720955,-0.8567791877655109,1.0566739060161563,0.564472740826405,True,True,False,False,True,True,False,True,False,False,0
-0.10176856351149022,0.8991374645858157,0.6817794863659168,-1.3099443962025286,1.479731821349061,0.16653648837566448,-0.9949264443731962,-1.005721471084279,-1.0330457214142557,-1.0936302711582253,-1.255947553865656,-0.2201501470737805,-0.2603288066639265,True,True,False,False,False,True,True,True,False,False,0
0.9374869720800244,1.0623283025018697,-1.2677108025095793,-1.0707283775254628,0.5742652810629493,-1.230608435334188,-0.4587884334770761,1.04322477370203,-1.0330457214142557,-1.2011980967148732,-0.7299474485876103,0.5151988305057157,0.8099269790042237,True,True,False,False,True,True,False,True,False,False,0
0.6530588448172868,0.9125980550880446,-1.0516665647081744,-0.912477081021876,1.1991808807691222,-0.8243072968068702,-0.8790207264758791,-0.7754731947676535,-1.0330457214142557,-1.6577155970097335,-0.6595867034939656,-1.1228009404129091,-0.6127260336370659,False,True,False,False,True,True,False,True,True,False,0
-0.09239557461170368,0.043577695735311575,0.6762754315239888,-1.4924899670338967,1.1300435251814147,-0.7123591397436311,1.6548430222824575,-1.6242636249581748,-1.0330457214142557,-0.7138703999144707,-1.2356904873744192,-1.434549422969149,-1.2955650667691447,False,False,False,True,True,True,False,False,False,True,0
-1.20415103042585,1.5917629522952559,0.7154344110567413,-1.4485665847638953,1.727334885346083,-0.6762393067743812,-1.2907482905373788,-1.6539837024962878,-1.0330457214142557,-0.5261668402442103,-0.9884373380538815,0.2975185574944212,-0.25144435027213263,False,True,False,False,False,False,True,True,False,True,0
1.4002735619134428,0.809788388122953,-0.08646151419228976,-1.2394079820363337,-1.337817543105152,-0.34132521144804473,-0.3740626045667579,-0.7779733033278478,-1.0330457214142557,-0.5627645422810206,-1.493702416386905,1.4852417048572781,0.25131294895785383,False,False,True,True,True,True,False,False,False,True,0
0.3571981749550714,-1.5260431422076115,0.6558061529196666,-0.9051481535100042,1.0545500746097536,1.4047133829274188,-1.1680446911979219,1.5798797485375056,-1.0330457214142557,-1.2103457836455511,-1.1374828248232718,-0.5176835066678529,-0.28571939872858265,False,True,True,False,True,True,False,False,True,False,0
0.9012228214497512,1.084708072484169,-0.9815583493970582,-1.2471545203492687,0.12021653369071383,-1.4819785763809832,-0.4423381057743041,1.1280923692339424,-1.0330457214142557,-1.2804844286490127,-0.5455325808799595,-0.272112414017905,1.1668203808864857,True,True,False,False,True,True,False,True,False,False,0
-1.1680019338315129,0.9608778543475454,0.6478829239633422,-1.269622727298462,0.80826284023868,-0.08844203275448459,-0.9393379955394185,-1.6815189291865345,-1.0330457214142557,-0.8681357300389014,-1.0350044441498287,0.4652856024279177,0.12381561589131074,False,True,False,False,False,False,True,True,False,True,0
0.45421428897960814,1.1033511738676745,0.9942203278667479,-1.5435570364779407,0.49412177770373367,-1.466671767546331,0.04861776960993591,-0.6569883605746556,-1.0330457214142557,-0.9742470466210549,-0.9557063689262993,-0.26529647344547364,0.7762829715886643,False,True,False,True,False,False,True,True,False,True,0
0.6650497802658435,-1.1217990928573074,1.0470896662409412,-0.9875093840791179,-0.18052485915923594,1.4364336215002687,-0.9276136762995182,-1.2634696162986745,-1.0330457214142557,-1.4608090630818298,-1.2840527726805768,1.1217637629419093,-1.2717490925584107,True,False,False,True,True,True,False,False,True,True,0
0.8583918906099912,1.0078799381645238,0.6491381358400955,-1.5096723998248074,0.15438731274811687,-1.6332468923880104,0.19937631702610825,-0.08918241174578312,-1.0330457214142557,-1.1282743460424927,-0.8522783861414174,-0.42033154588495947,1.0741272753121636,True,False,False,True,True,False,True,True,False,True,0
0.6293260687186897,0.7569713273083158,-0.48550318499836154,-1.0125787878470611,1.229539712843371,-0.34023972081177467,-0.8753082969209698,-0.8079798475711863,-1.0330457214142557,-1.6343223111355394,-0.879928447268908,-1.1114248565140308,-0.5549843288066978,True,True,False,False,True,True,False,True,True,False,0
1.4117313636897142,-1.359175667412408,-0.4930584593923138,-1.1737584500926554,-0.8611107764301333,0.1126636222366082,0.06498142236650484,-0.2305796697362421,-1.0330457214142557,-0.9575627390354564,-0.930700193481075,0.7858840606002029,0.2889750474712154,False,False,False,True,True,False,True,True,False,False,0
0.6140767692442602,0.2601164336134063,0.6593365905995023,-1.1890104635410363,1.2867440027614547,0.7944233075809501,-0.8270347353232855,-0.38299083574712245,-1.0330457214142557,-1.4530766985154056,-1.4101656237987394,-0.5622402177690504,-0.26607151203421325,True,False,True,False,False,True,False,True,True,False,0
0.7638679208398391,1.0112863393608316,1.0461728674718072,-1.5610406836616297,0.2626056246378472,-1.613416827265538,0.2991578281027827,-0.470896099676688,-1.0330457214142557,-1.058378212087838,-0.9496609000884515,-0.3701347279041339,0.9686760163448116,False,True,False,True,False,False,True,True,False,True,0
0.8832577766463057,-0.7105803475926137,0.753539158862639,-1.03210294817851,-0.4591122596624848,1.0056378086577282,-0.8748779799281485,-1.1635253612832335,-1.0330457214142557,-1.2563131832545449,-1.3610752775072277,1.2168409040508061,-0.8820291924910549,True,False,True,False,False,True,False,False,True,True,0
0.17137627708494363,0.3154591721421208,0.6846715014774266,-1.5189065456311344,-0.3109033158263098,-1.379290254364952,-0.13956760255331557,-0.5425824823050236,-1.0330457214142557,-1.2125037280924718,-1.1934422453561835,-0.7344151105620609,1.093536955745088,False,False,False,True,False,True,True,True,False,True,0
0.47233279885611246,-0.7265818162822358,1.1056914669677187,-1.0893025917923225,-0.23813647719841366,1.363775931175528,-0.4521470889845982,-1.1451425425541535,-1.0330457214142557,-1.3511035632583543,-1.1467662737149562,1.097693970295632,-1.3243394775399735,True,False,False,True,True,True,False,False,True,True,0
0.43381070935177,-0.9954171756774429,0.6629697387925563,-0.9908398932094749,1.124179386734909,1.2285598327335063,-1.0659748235627013,0.996111259487919,-1.0330457214142557,-1.2818485201494458,-1.2217249124641594,-0.5280556293862423,-0.2783114993989081,True,False,True,False,False,True,False,True,True,False,0
0.7584032894718183,0.9485489821923853,-1.2533168615912806,-0.8786187539781505,1.2187613389811092,-0.8321957236561275,-0.7563157205484417,-0.25085667372771125,-1.0330457214142557,-1.4787186585055816,-0.768164801017994,-0.24405312871960327,-0.3389886231654902,False,True,False,False,True,True,False,True,True,False,0
1.257183348461644,-1.4511408380160973,0.2198893413068842,-0.8352383001454112,-1.1812981896053607,-0.6100065975608513,1.3164060703456444,0.7272604185022019,-1.0330457214142557,-1.0678995157037237,-0.5557518291136474,0.24589455914555236,1.3235197908469918,False,False,False,True,False,True,True,True,False,False,0
0.599138505960402,0.6670997389956208,-0.8375947824371001,-0.9198576153911415,1.1804505468486315,-0.6058801445432249,-0.9364262689560269,-0.6720478668440826,-1.0330457214142557,-1.6570373984010487,-0.680061310199243,-1.274046297426394,-0.6463847264329419,False,True,True,False,True,True,False,False,True,False,0
0.629915459044342,0.7362450904394202,-0.41276310455700105,-1.025507153474035,1.2345815407718403,-0.27186896203111877,-0.8701737520807329,-0.7928902112612828,-1.0330457214142557,-1.6242820333928178,-0.9152622525149956,-1.0768116368365335,-0.5365138118129791,True,True,False,False,True,True,False,True,True,False,0
-0.8307304290032927,-0.06350813711127601,0.752779042545051,-1.0587755579686149,-0.977256647900961,1.1681477165027359,0.2901293329976675,-1.4231324519572324,-1.0330457214142557,-1.4108135854700283,-0.9826957817144564,0.8869792022715942,0.19013483423654276,False,True,False,True,True,False,True,False,False,True,0
-0.9089109330960051,-0.9012716340644001,0.029960512876499458,-1.4041582593174473,-1.2105240566186906,-0.8780098744535323,-0.9150747610524111,-0.6825306735285458,-1.0330457214142557,-1.4241574811277142,-1.5714192095339747,-1.2448030703845936,1.2254690309952974,False,False,False,True,False,True,True,True,False,False,0
0.7756500236811589,0.9584550702255966,0.3809911557034372,-1.3531699287653596,0.5270037673942132,-1.3795356149811586,-0.053886095433718695,-0.5826799869950363,-1.0330457214142557,-1.2874898499902472,-0.8433008432139277,-0.7148527219175504,0.4585281880364458,False,True,False,True,True,False,True,False,True,True,0
-0.03823939621752659,0.02819446735912649,0.6409834056813978,-1.4975606808065884,1.2165255394951668,-0.8993969843094907,1.6246146571099211,-1.645309116380741,-1.0330457214142557,-0.7118079354612389,-1.2715115408851043,-1.585667593445507,-1.1750427938154338,False,False,False,True,False,True,True,False,False,True,0
1.1830106230404347,0.9392117984865394,-1.0558083901288176,-0.9797535116005569,0.1795609506562288,-0.6600969101834071,-0.46191920900233385,0.2166910084810303,-1.0330457214142557,-0.8624601994819171,-1.2206145936816295,1.6229448312665022,0.2861593423187627,False,True,True,False,False,True,False,True,False,True,0
0.8910046121325452,1.0895272859338563,-0.8981024679225773,-1.2978544373212861,-0.011810504047968351,-1.5540383241259947,-0.4364180040092758,1.1523726516312427,-1.0330457214142557,-1.3032499748185942,-0.4922434058680083,-0.4992312193205711,1.2700384139550835,True,False,False,True,True,False,True,True,False,False,0
-1.0622525937835432,-0.6223868726221493,0.2863078157720945,-1.1251077603888189,-1.2104520465269375,0.2713342401213149,-0.5548940843670112,-1.3061481121391947,-1.0330457214142557,-1.5411058872727776,-1.355145046865043,-0.12642621361406614,1.0685585989180062,False,True,False,True,False,True,True,True,False,True,0
0.11516653439147695,0.1608201494287006,0.19998359766673723,-1.044772593050436,-1.2839771783962026,0.4489197188608639,-0.29234632756534434,-1.2869777195792667,-1.0330457214142557,-1.1130755264250387,-1.3194960944937608,1.1494710209583627,0.6460552117553281,False,True,True,False,False,True,True,False,False,True,0
0.6343975872395863,0.5786285728140643,0.14040234672476426,-1.1238233109897795,1.272923057641417,0.24806917119471888,-0.831127152235882,-0.6781382694377588,-1.0330457214142557,-1.547928876579579,-1.1839647368380737,-0.813588979299702,-0.3960513349193145,True,True,False,False,True,True,False,True,True,False,0
-0.9396508674576183,1.5280239558165014,0.42460815010433917,-1.371988399348449,1.6773387100396753,-0.7010206786575132,-1.1957979444660691,-1.3442263976168167,-1.0330457214142557,-0.5907907528304266,-0.9906547542898966,0.4664284661442534,-0.1911740959990475,False,True,False,False,False,True,True,True,False,False,0
1.0014850648487923,0.4042623122682809,-0.5968516092190164,-1.1704465712589656,-0.3256578714668208,-1.299058040580405,0.046748531091576284,1.0461429746511663,-1.0330457214142557,-1.238057580253499,-0.5035937912490214,-0.29079379276481726,1.284948792335769,True,False,False,True,True,False,True,True,False,False,0
0.8533912652259326,-1.3486370673994494,0.18448379227266876,-0.9412934139344821,-1.1867463244470242,-0.6599663811270001,0.9004249649605058,0.46445446087376274,-1.0330457214142557,-1.134311281457716,-0.7450872845950974,-0.031993576392879364,1.3052416757527174,False,False,False,True,False,True,True,True,False,False,0
-0.9676076820278456,1.5260809305723497,0.7556723030418686,-1.46327819863653,1.557163574096363,-0.7928694007142637,-1.10177519572564,-1.511459414537976,-1.0330457214142557,-0.5879459437128582,-0.9834650629453402,0.21608439296295023,-0.10711909432601066,False,True,False,True,False,False,True,True,False,True,0
-1.0542852233838491,-0.6822802352858006,0.22194048625946414,-1.2000268711076945,-1.2108608831496959,-0.009442987389917112,-0.6716487700869341,-1.1746338830579524,-1.0330457214142557,-1.517673376859042,-1.4209084035959152,-0.41611261451166637,1.1050873469561597,False,True,False,True,False,True,True,True,False,True,0
1.3605647004594557,0.8561008781562255,-0.45441582604219066,-1.144058921614241,-0.8291670509821307,-0.48342867065936473,-0.4416127919824102,-0.43356284504832054,-1.0330457214142557,-0.6587958259761058,-1.4174158228568485,1.5435426904687106,0.30201087736322224,False,True,True,False,False,True,False,True,False,True,0
0.7028777913131066,0.599233244789591,0.26173690007091854,-1.2369217075593957,0.9723652941763947,0.15156036389352368,-0.7035326242003321,-0.13128047124690934,-1.0330457214142557,-1.4322747566751075,-1.1952464038645434,-0.5497696630436051,0.12676874348579115,True,False,False,False,True,True,False,True,False,False,0
1.174503039371743,-1.430152206021256,0.21263971492939587,-0.8569541037797442,-1.182413747565444,-0.6202363433107264,1.2312299418460548,0.6734483733693047,-1.0330457214142557,-1.081497962894034,-0.5945200829522085,0.18899429316059083,1.319777171146612,False,False,False,True,False,True,True,True,False,False,0
1.1253826344861202,0.9065537275942682,0.5170771584869835,-1.4137948654190362,-0.5142553851393438,-1.0783972803146802,0.00481154695716246,-0.583665889339568,-1.0330457214142557,-0.8397761344345647,-1.2094307441805892,0.46573186694747987,0.6981852033517877,False,False,True,True,False,True,True,False,False,True,0
0.8075790286604041,0.7162570924700712,-0.4682811672027616,-1.0189392020731303,1.286604803953427,-0.021615649358653566,-0.6460962854892309,0.13869945292173902,-1.0330457214142557,-1.2875828854264986,-1.232156846488785,0.5195996734734964,-0.009600574638859272,True,True,False,False,False,True,False,True,False,False,0
0.7282223820271301,0.6656023743805978,0.10516312029918928,-1.2451836573344757,0.8396905161010003,-0.07862767331231924,-0.6676527994747651,0.04193383662504524,-1.0330457214142557,-1.4148889994892846,-1.10039941062473,-0.5430191899974125,0.28100430978362767,True,False,False,False,True,True,False,True,False,False,0
-0.5596732147502759,1.1887305088500995,0.6959657099972073,-1.3680674921660623,1.5854146593193896,-0.18527621206950784,-1.1188672474284538,-1.27484308165593,-1.0330457214142557,-0.8569128076851479,-1.1447122957592817,-0.0056970872707772235,-0.2578068162877763,True,True,False,False,False,True,True,True,False,False,0
1.4356250071652967,-1.3365498202638606,-0.6498398467656504,-1.2503899636382283,-0.7912233340008903,0.269477362825413,-0.21889293725966918,-0.4464936308500177,-1.0330457214142557,-0.9350623671461246,-1.0173407930049088,0.8971571878311704,0.0622844379247528,False,False,False,True,True,False,True,True,False,False,0
0.16890898439945823,-0.10433082044174413,1.197957243343405,-1.249571205093462,-0.3288432575485153,1.249379818354149,0.2964526686208633,-0.9588421355717336,-1.0330457214142557,-1.1783774185262434,-0.9306151442979576,1.0597972149371273,-1.4071405628315887,True,False,False,True,True,True,False,False,True,True,0
-0.620538713799426,0.7596812779056165,0.6669810406595217,-1.4729979485679496,1.4899824954141014,-0.7760655197984389,0.2509931199866908,-1.6787813301469077,-1.0330457214142557,-0.6124007119317797,-1.142925103873435,-0.7087918021680839,-0.7847697509878073,False,True,False,True,False,True,True,True,False,True,0
0.4467969229395463,0.2812160153896396,0.5853068096922283,-1.2412436405920118,1.0189379445286564,0.5481148792822744,-0.8226473322260202,-0.5924679815822658,-1.0330457214142557,-1.4726399562047665,-1.4578830092895314,-0.6543728302734824,-0.09369464349118606,True,False,False,True,False,True,False,True,False,False,0
0.7442809003995358,0.9469116432842091,0.09346470806439278,-1.2631707181772542,0.666046586224982,-1.2633562820123072,-0.2326668862546014,-0.6518214461166546,-1.0330457214142557,-1.3745459442369308,-0.799011453659273,-0.8483888559867255,0.22010596629642443,False,True,False,True,True,False,True,False,True,True,0
0.23141008641928773,0.3893162588280574,-0.09282370854456912,-1.2417082333865146,1.2328867741757519,-0.8458657660925463,0.5385426128426214,-1.3546006387352443,-1.0330457214142557,-1.140328110255715,-0.9973121087071766,-1.514768764566418,-1.01574921677704,False,True,False,True,True,True,False,False,True,True,0
0.8493138840073724,0.7867329767342752,-0.7466581818022782,-0.9702771235454161,1.281108794286202,-0.20857543855458616,-0.6094356924840815,0.31387978299423147,-1.0330457214142557,-1.2409565200201829,-1.1818612508961426,0.7879410190171735,0.053331404278834815,True,True,False,False,False,True,False,True,False,False,0
0.046381448306727524,0.19196370834934806,0.6154106861736474,-1.5102496841273871,-0.40473267756252485,-1.3286511663834941,-0.23320957894646765,-0.565304519130464,-1.0330457214142557,-1.236599207214847,-1.23866672411005,-0.7961718121694115,1.106705565811948,False,False,False,True,False,True,True,True,False,True,0
0.8386811293607301,1.05430688692929,-0.918323891700865,-1.2243154070876545,0.2251635403916029,-1.4110788032639494,-0.5304817669259034,0.7474523937051288,-1.0330457214142557,-1.38214834620101,-0.5193901273110878,-0.6674697557954301,0.8867393333025642,True,True,False,False,True,False,False,True,True,False,0
0.5080511381343554,-0.4783406191681896,0.661473470000506,-1.0724540812728238,1.1911296867852064,1.0497658778607502,-0.9675701953435986,0.4281444944392272,-1.0330457214142557,-1.3523668051174054,-1.2993319740370264,-0.5421341447807067,-0.27327060644995077,True,False,True,False,False,True,False,True,True,False,0
0.4514720145805713,-0.8724080950333725,0.6626137863785674,-1.0102553668270748,1.1401064187272876,1.1860259376327686,-1.0425650156803423,0.8609957360213737,-1.0330457214142557,-1.2986243520708647,-1.2401871172873928,-0.5314048147509736,-0.277112304425803,True,False,True,False,False,True,False,True,True,False,0
1.194538565405279,-0.7931694389815325,-0.07044597466084601,-0.9478141151362918,-0.8740746405061564,-0.8535055912454226,0.8910335485736862,0.8605172779800967,-1.0330457214142557,-1.1241404150806187,-0.5234274502954557,0.07342968617876866,1.3110031817797196,True,False,False,True,True,False,True,True,False,False,0
1.164754778861564,0.89524084792427,0.439427918463956,-1.3920653654781878,-0.6160639550746314,-0.9961437715255218,-0.04717285509572294,-0.6071542683383038,-1.0330457214142557,-0.8052100971943372,-1.24678261351283,0.5893047485215253,0.6519141103472914,False,False,True,True,False,True,True,False,False,True,0
0.7210440850584474,0.9383607992637293,-0.11952176623027144,-1.1965034091006037,0.7690431627205618,-1.1772959327187862,-0.36509953939388406,-0.7030382845216876,-1.0330457214142557,-1.4390331270046954,-0.7662038945377868,-0.947306331648088,0.04349366221489892,False,True,False,True,True,False,True,False,True,True,0
-0.8583979356981147,-0.9531366896467776,0.09897875284755153,-1.370303242355762,-0.9326758434105777,-0.6080695695522427,-1.0550930389415358,-0.4705153853325854,-1.0330457214142557,-1.4148110790955244,-1.5676828883593679,-1.2271606900749523,1.0345732838712784,False,False,True,True,False,True,False,True,True,False,0
1.2024929155965713,0.8843974710489338,0.36500124742934414,-1.37123767491271,-0.7136473047742655,-0.9173039163218164,-0.09699982042563093,-0.6296678416373697,-1.0330457214142557,-0.7720786063789009,-1.2825843198848954,0.707749155742807,0.6075633425041511,False,False,True,True,False,True,True,False,False,True,0
-0.2619273391664101,-0.7803722499882776,0.7474603661388729,-0.9191871023692499,-0.7289882821415208,1.3164363225432603,-0.5598896269351724,-1.5311262907494019,-1.0330457214142557,-1.5552525740715952,-1.216884773681158,0.968754832161341,-0.0731265025679938,True,True,False,False,False,True,True,False,True,True,0
1.3044965593794942,-1.460720594782187,0.21057727584603714,-0.8298357926941226,-1.1747660052904907,-0.5911173144120287,1.3390111212824674,0.7384433840956781,-1.0330457214142557,-1.058544532746633,-0.5418567027529642,0.2864896490366021,1.3063637591811483,False,False,False,True,True,False,True,True,False,False,0
1.4546876720027344,0.8114667090063418,-0.13341532374328235,-1.23163352685415,-1.367297890595068,-0.38879616991763954,-0.430716658453589,-0.7807094082784931,-1.0330457214142557,-0.5503922745406499,-1.5223201345264228,1.5010221190332111,0.310619172974482,False,True,True,False,False,True,True,False,False,True,0
0.8831443715373021,1.0716222153897328,-0.535409414759902,-1.3478182250122515,0.02778669863190325,-1.5731043704809404,-0.28804223864715284,0.8610863836744516,-1.0330457214142557,-1.2622908259073997,-0.5767485415010928,-0.4810920971265987,1.2240165119148578,True,False,False,True,True,False,True,True,False,True,0
0.7887701874318095,1.0189556773861703,-0.937015680820274,-1.153514123336746,0.45164200649493286,-1.2734245852976536,-0.6195511023417948,0.35898185860535536,-1.0330457214142557,-1.4576430934310804,-0.5454437920278867,-0.8282902198642732,0.5192783557096633,True,True,False,False,True,False,False,True,True,False,0
-1.0810888236459197,1.5497467230425706,0.600384470920344,-1.414283210082334,1.6978039684135011,-0.6901866592917947,-1.2676386637859518,-1.6039328233720482,-1.0330457214142557,-0.6032496284991824,-0.9640065131141369,0.18492094584740681,-0.28330521060373764,False,True,False,False,True,False,True,True,True,False,0
-0.18594017686503084,0.7283181976315047,1.2781084302451813,-1.4520231423512653,-0.3300685663522488,1.067198391288886,1.17667730226778,-0.6935820700231147,-1.0330457214142557,-0.9785211640962497,-0.6897763015837035,0.89745299016513,-1.4329256694257024,True,False,False,True,True,True,False,True,False,True,0
-1.01139305243891,-0.8531223470868683,0.02928784377043505,-1.4369905945741848,-1.1987679767500687,-0.9001155498993668,-1.025659121029955,-0.7575908032422671,-1.0330457214142557,-1.4405083100795852,-1.621380960394437,-1.3187907464800541,1.2181455355702349,False,False,False,True,False,True,True,True,False,True,0
-0.03032524067652649,0.03672810610944968,0.6447229332639638,-1.4981696517598242,1.207451664256418,-0.9061232307144996,1.6134217714512056,-1.634382539923762,-1.0330457214142557,-0.7151046266877712,-1.2686282572891232,-1.5750940291184037,-1.1554621816080362,False,False,False,True,False,True,True,False,False,True,0
0.8310941506648531,0.9366123692132933,1.0250172127579946,-1.534908723234497,0.2966889617335048,-1.4425623933845748,0.26568576241297054,-0.43265662334454696,-1.0330457214142557,-1.1166670998791524,-0.9911762146490375,-0.41407197769256177,0.9081549993145944,True,False,False,True,False,True,True,True,False,True,0
1.4142831845260124,-1.2325779114931457,-1.0893176347066222,-1.4722762957807607,-0.5917669189185175,0.7873215086732159,-1.0909621915945211,-1.159947634932098,-1.0330457214142557,-0.8914936589671753,-1.2885940169684469,1.237349141648994,-0.6023614223216587,False,True,False,True,True,False,True,True,False,True,0
0.9395310766567008,1.0610668200336277,-1.2838403830696759,-1.0607837495740657,0.5998586868481917,-1.2164394324257182,-0.45971569054943645,1.038441034460293,-1.0330457214142557,-1.1967289570505582,-0.740342377699053,0.5595772728579814,0.7898099371462489,True,True,False,False,True,True,False,True,False,False,0
-0.08554008117457546,0.07252968920320763,0.5920843567727865,-1.0737914433083862,0.25322320872454895,0.9309039663605146,-0.5318601228741825,-1.061677855074885,-1.0330457214142557,-1.536063767315359,-1.3106216384578806,0.02022734685173322,0.24368075193603533,True,True,False,False,False,True,True,True,False,True,0
0.6840608105359085,-0.7536741996381345,0.9336417300328927,-1.035740947775821,0.2319525664612749,1.2558400924314626,-0.9560909727041078,-1.0913083787642108,-1.0330457214142557,-1.4799495897443733,-1.3439427366259673,0.6662504402127307,-0.9909182107192942,True,False,False,False,False,True,False,True,True,False,0
-0.10053417584516555,-1.1064803767249136,0.10084110738349311,-1.1918398594922777,-1.199617092962847,-0.7779922428334941,-0.08229603405453068,-0.1564029047236657,-1.0330457214142557,-1.2912035920536284,-1.1923766579608164,-0.6884813414270994,1.2620611387210496,False,False,False,True,False,True,True,True,False,False,0
-0.3251152214487966,0.6430017128286749,1.2490769313797625,-1.4154250805785786,-0.5227740467814315,1.1022351365052112,1.188198464244738,-0.7981299089285308,-1.0330457214142557,-1.0031785576379457,-0.679780097584273,0.9917496641909407,-1.2945655748841465,False,True,False,True,True,False,True,False,False,True,0
1.353876239700294,-0.6975973150180915,0.1036328022215957,-0.9607084140065106,-1.2434701227596014,-0.5320064508938337,0.7596668638768944,0.23966187814413076,-1.0330457214142557,-0.8887968316312262,-0.8668150324743659,0.6888194879115057,0.984119518306876,False,False,True,True,False,True,True,True,False,True,0
0.7589903952973951,0.7461736601051738,-0.0849154723342489,-1.2552135600930658,0.678625009914133,-0.3580730454361143,-0.6240951450723923,0.25221382036355433,-1.0330457214142557,-1.3937829096793186,-0.9852563578299343,-0.5348242009123888,0.4682443407687358,True,False,False,False,True,True,False,True,False,False,0
0.4365718668169366,0.6570035891337692,-0.564596697662786,-1.07483869360306,1.2126241864326626,-0.8335450674826599,-0.2169769413181939,-1.1252185149889045,-1.0330457214142557,-1.4345924689718443,-0.8063702855566488,-1.4317485976277604,-0.8435186867243567,False,True,False,True,True,True,False,False,True,True,0
-1.0214136073157583,-0.872712509726023,0.020095983298185127,-1.433706842391043,-1.21204199063633,-0.8919294372383996,-1.030973483993441,-0.7557524484508227,-1.0330457214142557,-1.4426608187541194,-1.6241709744908028,-1.322226971644602,1.2203764674875528,False,False,False,True,False,True,True,True,False,False,0
0.7729106520170901,0.7826262243858164,-0.1709120163143213,-1.2597513513390182,0.6057547477001075,-0.48450146591698084,-0.6043885190363602,0.34735000387145154,-1.0330457214142557,-1.384233960713296,-0.933162618779777,-0.5311165727702469,0.5529566449601566,True,False,False,False,True,True,False,True,False,False,0
-0.8389869664877673,-0.07504522098854638,0.7446746539479424,-1.0529515833170382,-0.9846782059872661,1.1692240482255891,0.2754641462410138,-1.4333385471207214,-1.0330457214142557,-1.4174701374031853,-0.9876422996658306,0.885268333545381,0.21437952545224048,False,True,False,True,True,False,True,False,False,True,0
0.6696817593602853,0.5125658114652696,0.7179707473684593,-1.2674688628851503,1.1454169084544918,0.3836847488358779,-0.6233322709715826,-0.5483170787688652,-1.0330457214142557,-1.4182857261682864,-1.3640033476525488,-0.5422138770130641,-0.07506620488188198,True,False,False,True,False,True,True,True,False,True,0
0.43622878574816404,-0.9785755351195023,0.6629210039952491,-0.9934981394642854,1.1263600171937824,1.22273635556365,-1.0627696978287244,0.977612079849255,-1.0330457214142557,-1.2841453630313018,-1.2242526430667453,-0.5285141790785038,-0.27814731305924784,True,False,True,False,False,True,False,True,True,False,0
0.7839872641903762,0.6764186780666817,-0.3109209725237023,-1.04644676824782,1.2897115732117896,0.08406846708088989,-0.6668196848713224,0.0396739968013502,-1.0330457214142557,-1.3139397092758751,-1.2605878027059985,0.36791241425081256,-0.04517459093569176,True,True,False,False,False,True,False,True,False,False,0
-0.49687879954018277,-0.3267615059226817,-0.23518461289870476,-1.3976058893557661,-0.8791254603868146,-1.0763775457366471,-0.8722559339488811,-0.23029422894892848,-1.0330457214142557,-1.404978021870831,-1.3129629760714947,-1.0980586824301448,1.2338807909244816,True,False,False,True,True,True,False,True,False,False,0
0.5742334453795869,0.3908320382373514,0.6555027438219233,-1.2409323890222728,1.3047972085271942,0.5919200811472202,-0.5724257068081129,-0.6720296526115903,-1.0330457214142557,-1.4062851153863924,-1.4224093591429499,-0.6631501167836878,-0.3551573334592677,True,False,False,True,False,True,False,True,False,True,0
-0.2859432595996745,0.6977377580946668,1.2875270445819802,-1.4430560957941947,-0.48756352532925556,1.0971286345043552,1.2577753464695332,-0.7497085493544404,-1.0330457214142557,-0.9715974985241668,-0.656312050253103,0.9998666362991762,-1.409591046654956,False,True,False,True,True,False,True,False,False,True,0
0.8631372569825363,1.0188999644148817,-0.7283138199107713,-1.2891638475600768,0.13343326003594905,-1.303969625221329,-0.4766565383438519,0.9639919969133224,-1.0330457214142557,-1.322340759780189,-0.5955078391950409,-0.5070849254755168,1.102034421318831,True,False,False,False,True,True,False,True,False,False,0
1.1944333243833993,-1.2373016782031678,-0.2946825905362226,-1.2891374691185016,-0.41182926157619376,1.0369945006842958,-1.0836806213171732,-1.1953070609771883,-1.0330457214142557,-1.1051895282607143,-1.3004483559504327,1.2034390394058798,-0.8975042956896241,True,False,False,True,True,True,False,True,True,False,0
1.4033700833764506,-1.053237784289352,-0.926128939981246,-1.4607482912024137,-0.3341424919120495,0.7666805569924211,-1.085644599670224,-1.0667021315564478,-1.0330457214142557,-0.939398594237388,-1.3120895426322197,1.0266462088603603,-0.6133193953760817,True,False,False,True,True,True,False,True,False,False,0
0.65965624266278,-1.1107382137017958,1.0487297449382882,-0.9903582533874762,-0.18213722578097646,1.4344001629952028,-0.9143068732408346,-1.2601580164747612,-1.0330457214142557,-1.4577387537908035,-1.2802105586258135,1.1210901257212242,-1.2732209307788038,True,False,False,True,True,True,False,False,True,True,0
-0.11336303411794504,0.1388445724967029,0.7636380521527667,-1.4894329764866323,0.9167073465372773,-0.4692470992355804,1.6104214687743332,-1.5001280619941353,-1.0330457214142557,-0.7444740278855616,-1.1545754156578423,-1.1055215445965614,-1.3259251893719886,False,False,False,True,True,True,False,False,False,True,0
-0.63547375343756,1.4493686603780684,0.08991652196789957,-1.282472856349749,1.6119911987720386,-0.7244311774809373,-1.0836914936532478,-0.988604600950537,-1.0330457214142557,-0.667975996035858,-0.9936029889286141,0.6619213559821981,-0.11870393758205203,False,True,False,False,False,True,True,True,False,False,0
0.9325815087771917,1.0653556211751591,-1.229002868272531,-1.0945935985285995,0.512845961177588,-1.264611355046957,-0.4565631923653167,1.0547048406068347,-1.0330457214142557,-1.2119231843002545,-0.7050015902036711,0.4086989855956822,0.8582040641014566,True,True,False,False,True,True,False,True,False,False,0
0.3618830191919498,-1.5328066604746093,0.6711084880712731,-0.9061831954857952,1.0321934512514495,1.4170673553489572,-1.166695466799123,1.542189686040684,-1.0330457214142557,-1.21256623395745,-1.143153978001334,-0.48428950004468785,-0.3008960319801075,True,False,True,False,False,True,False,False,True,False,0
0.6559241251101919,0.9248627028877546,-0.9867669074309804,-0.9650650300093044,1.0544511553447904,-0.9070355709443128,-0.8566235763587253,-0.674995440189587,-1.0330457214142557,-1.658584600601261,-0.6147898438736619,-1.2563399533817545,-0.45877860020971584,True,True,False,False,True,False,False,True,True,False,0
0.6332381944927167,0.6193992601664643,-0.0026850403596589967,-1.0983918563417872,1.2630052519414972,0.11357669926529901,-0.8412273418507334,-0.7078211707837219,-1.0330457214142557,-1.5676791586674035,-1.1144594264543668,-0.8816768220980736,-0.4323847840809526,True,True,False,False,True,True,False,True,True,False,0
0.6726644424299084,0.4884325394511261,0.4316169977372697,-1.1762471437228996,1.3043715330820649,0.5827617323624553,-0.7646075081862955,-0.42759894564618206,-1.0330457214142557,-1.4383100592462572,-1.394745392973123,-0.3478565882429956,-0.21303824863486448,True,True,False,False,False,True,False,True,False,False,0
-0.06922407542248676,-0.005215548120095281,0.6263427959633248,-1.495176501024753,1.2520506327236152,-0.8730630834867142,1.6684358796922205,-1.688087712855632,-1.0330457214142557,-0.698901072617474,-1.2827998731418535,-1.6270641135203328,-1.2517027715906852,False,False,False,True,False,True,True,False,False,True,0
0.6928011522590295,0.5733027777954323,0.7619495758471033,-1.3057747646701943,1.0238520477532944,0.12210802061842885,-0.49599658725010143,-0.5317508195728351,-1.0330457214142557,-1.3750843370407304,-1.3106026334845986,-0.5238598777120316,0.0657623717997119,True,False,False,True,False,True,True,True,False,True,0
0.7537266396552849,-1.2000237430066611,0.8939913060973241,-1.0027595383695624,-0.19562850290246808,1.405878060802708,-1.0235497818723092,-1.275914738544133,-1.0330457214142557,-1.441110568611408,-1.3086911649785138,1.1345010324557212,-1.2230047201561414,True,False,False,True,True,True,False,True,True,False,0
0.7649820874582034,0.7629293415236698,0.8992556453643958,-1.4253694195385902,0.6443150343377587,-0.6945593093485769,-0.09844251757805728,-0.48002938870488543,-1.0330457214142557,-1.2402055068401414,-1.1438805441188447,-0.46655695284736237,0.5054425317488147,True,False,False,True,False,True,True,True,False,True,0
-0.9523271671329875,-0.23341855896095642,0.6334230510296053,-0.973003971281895,-1.086556370312648,1.1839992071415884,0.07415031309676312,-1.573440966059556,-1.0330457214142557,-1.5088468111151374,-1.0555447755109597,0.8617826768677161,0.5471943612276107,False,True,False,True,True,False,True,False,False,True,0
0.4353838954690289,-1.459716642659415,0.7502240301948072,-0.9196912178194386,0.7716924813956539,1.4242037389557773,-1.1341130301618834,0.929334812340429,-1.0330457214142557,-1.270805510553449,-1.1792443737247258,-0.13523718329841367,-0.5091808575626673,True,False,True,False,False,True,False,False,True,False,0
0.32646908512546724,0.6283067490605332,0.6685123683437113,-1.255587014421001,1.3808960267982573,0.49555573548677034,-0.879015592786581,-0.7540358736639204,-1.0330457214142557,-1.3150111408977485,-1.359976035009339,-0.42070909275076657,-0.26268740080715214,True,True,False,False,False,True,True,True,False,False,0
-0.2146711491644394,0.17800101332961352,0.6329484502766243,-1.4890487325356931,1.3202083420585025,-0.8423954059292638,1.324515069067625,-1.6961619986518015,-1.0330457214142557,-0.6741242939336597,-1.2505548089002305,-1.4074223597856914,-1.1535394765427132,False,True,False,True,False,True,True,True,False,True,0
0.895512660245809,1.0882319960308406,-0.9365007206431128,-1.2749346199408653,0.04872191719253748,-1.5215593745601264,-0.4397478335244947,1.1414556396554376,-1.0330457214142557,-1.2929688720661228,-0.5164945748957441,-0.39608261725639576,1.2230168951285643,True,True,False,False,True,True,False,True,False,False,0
-0.13363662671279908,-1.0980772252728233,0.09793859766127413,-1.2005341463275514,-1.2000637253348123,-0.7820878934158525,-0.11639772815544569,-0.1779474610963534,-1.0330457214142557,-1.2966479588556914,-1.207898179735965,-0.7112623189035435,1.260562718043723,False,False,False,True,False,True,True,True,False,False,0
-0.9586926249769611,-0.7986670194325662,-0.014316913910937028,-1.4307020745009806,-1.1680287972255852,-0.9172024818650937,-1.0169200189447005,-0.6905457077629531,-1.0330457214142557,-1.4387819268713482,-1.5861163115711967,-1.297187717527094,1.2218591039953808,True,False,False,True,True,True,False,True,False,False,0
1.4355142123882667,0.8210179163608123,-0.20055469364174527,-1.2134158773473769,-1.2549735009984733,-0.4088530905424375,-0.4330410032249241,-0.7080494108332219,-1.0330457214142557,-0.5728245792808022,-1.5004899841945405,1.5100252867266792,0.30870216168727016,False,True,True,False,False,True,False,True,False,True,0
0.3487416634014393,0.20468923391105476,0.5477129863432194,-1.2541655976724801,0.870721357491913,0.4523849893862383,-0.8370209593892066,-0.603652744448364,-1.0330457214142557,-1.4707336202310661,-1.4691729874002302,-0.6990967833803814,-0.006421067174726902,True,False,False,True,False,True,False,True,False,False,0
0.6322382528176698,-1.263962670538437,0.9621159148889,-0.9558691954195467,0.07400350669084466,1.4433168200490978,-1.046848837543315,-0.7120490516485265,-1.0330457214142557,-1.4267853566104731,-1.275903788094211,0.7996152017957999,-1.0670214924275172,True,False,True,False,False,True,False,False,True,False,0
0.5254376662700062,-0.000984293269883585,-0.3826689646833371,-0.9153767597705472,1.1420982370751187,0.006594967129646356,-1.0069828071572422,0.013943408302006688,-1.0330457214142557,-1.5209643966268485,-0.8194028973590158,-1.043640012712138,-0.5365173992759935,False,True,True,False,True,True,False,False,True,False,0
0.2399088016880691,0.6830501458030647,0.6711940697309078,-1.2665743491144827,1.4008738461639965,0.4290506083057624,-0.9024448176544614,-0.8049094405237234,-1.0330457214142557,-1.2702631116358087,-1.3389486105359876,-0.38016982853856485,-0.2622106548269675,True,True,False,False,False,True,True,True,False,False,0
0.7480527594132008,0.7184542970462929,0.8670518579375079,-1.3973196701261013,0.733331705950593,-0.5030180236268313,-0.19168491243664953,-0.49216014134343616,-1.0330457214142557,-1.2718400091708635,-1.1829835695289863,-0.4799967899774197,0.40231987696305715,True,False,False,True,False,True,True,True,False,True,0
0.663737142781557,-0.22411588906663105,0.8107946542411262,-1.1163099716841696,0.7133752403192753,1.0231666764103762,-0.8838670776362727,-0.858524962320607,-1.0330457214142557,-1.4783488471806534,-1.385006506929711,0.11498372151770098,-0.6661363791023946,True,False,False,False,False,True,False,True,True,False,0
1.0862392466150672,-1.2281498954881362,-0.0028615665531208645,-1.2188313058940885,-0.3587516875159126,1.1275559057501914,-1.0689184201874438,-1.2150963531246017,-1.0330457214142557,-1.1876585908440154,-1.3024719765396324,1.1865146669295221,-0.9774150832014633,True,False,False,True,True,True,False,True,True,False,0
1.3422409900589585,-0.8707633547560762,0.13084618776504883,-0.9296159627575624,-1.2292592599902157,-0.5483933702280256,0.8962447160312478,0.356701151606096,-1.0330457214142557,-0.9276505354944921,-0.7915995424444653,0.5956186579433485,1.0614064352784751,False,False,True,True,False,True,True,True,False,True,0
1.0620115362774705,-0.3907847493240296,-0.2186714353820146,-1.3514895664819802,0.39921638530586456,0.7527039770575584,-0.955705351722248,-0.8452607313560264,-1.0330457214142557,-1.1790771525084371,-1.367307781075213,0.315365579549296,-0.45758090422791575,True,False,False,True,True,True,False,True,False,False,0
-1.0584116632484484,-0.651260419848366,0.25527744703248295,-1.161224959111415,-1.21064913954376,0.1359764278689094,-0.611179485321167,-1.2427473923362096,-1.0330457214142557,-1.5298094820290222,-1.3868484160177612,-0.2660789832219712,1.086168472277718,False,True,False,True,False,True,True,True,False,True,0
1.453595911873236,0.8125540911016187,-0.139310256035017,-1.230148362969832,-1.3577000441048515,-0.3908616027543341,-0.4309730443500389,-0.7742697699450721,-1.0330457214142557,-0.5520838672055972,-1.5205317694125782,1.5019391550577308,0.31031644561257227,False,True,True,False,False,True,False,True,False,True,0
-1.089022152678722,1.4311012050482592,0.7062640639060062,-1.4544709039723076,1.6859488305618293,-0.6995024833237516,-0.9881481621459276,-1.6587192309286152,-1.0330457214142557,-0.5411546245973686,-1.0186906522195693,0.09762111341734481,-0.35910748024708206,False,True,False,True,False,True,True,True,False,True,0
0.6323764488171268,0.649703023590564,-0.10903807507060537,-1.0794893350641293,1.2556336117476785,0.013612035524313226,-0.8487345431392836,-0.7298836788879912,-1.0330457214142557,-1.5823590160555188,-1.0627979848804001,-0.9322846978590322,-0.4593904668220611,True,True,False,False,True,True,False,True,True,False,0
0.35955197790666543,0.5565109515534548,-0.387488158526868,-1.1374832728795665,1.2202309748607145,-0.8381703872492905,0.06665304092420254,-1.2113309753833437,-1.0330457214142557,-1.3241225355629989,-0.8780518530438981,-1.4629152409593507,-0.9081758380997442,False,True,False,True,True,True,False,False,True,True,0
-1.073668651720636,-0.5365685832852067,0.37853663483143296,-1.017759806715801,-1.2098662443942294,0.673646287369365,-0.38760196792959134,-1.4945884611408142,-1.0330457214142557,-1.5746811929351079,-1.2609159282331104,0.2886513553115362,1.016218330667263,False,True,False,True,False,True,True,True,False,True,0
-0.054243344717206474,-0.0004667760610541499,0.6228936683806304,-1.484695634952605,1.265149892720055,-0.8087428778158617,1.596279322921107,-1.662514856994753,-1.0330457214142557,-0.7219680103723014,-1.2916672510099232,-1.603057303496698,-1.2412736346557567,True,False,False,True,False,True,False,True,False,True,0
-1.1008194234688764,-0.21161187910666435,0.5223395796139096,-0.9370584673001955,-0.8998176655438634,1.0039696780033773,-0.2862476555463611,-1.732692701887256,-1.0330457214142557,-1.5036793714235672,-1.121548656387184,0.7770779374131059,0.821230183352657,False,True,False,False,False,False,True,True,False,True,0
1.0571772271184297,0.9981128921442526,-1.4820180819663733,-0.8633095075488404,0.8944511511680362,-0.7853025086919039,-0.47631046066925653,0.6775289221486936,-1.0330457214142557,-1.0067980830106817,-1.0811406522846088,1.6792174957150008,0.2749252861133752,False,True,True,False,False,True,False,True,False,True,0
-0.2117434081873495,1.220268189424316,-0.21414267990285207,-1.163178051913206,1.4411127517603677,-0.7574576000334501,-1.0861869338497665,-1.252590086612294,-1.0330457214142557,-1.1646468439501605,-0.7942585326761479,-0.5998935171813489,-0.4880680007334166,False,True,False,False,True,False,True,True,True,False,0
0.9305194859987255,1.0666281615401834,-1.2127318991149236,-1.1046253990505157,0.4870282088424759,-1.2789045605310543,-0.45562780714749684,1.0595305131263606,-1.0330457214142557,-1.2164314995269385,-0.6945155412740276,0.36393153091290165,0.878497447825469,True,True,False,False,True,True,False,True,False,False,0
0.12576659798929535,1.0923532088663164,-0.5303703367317193,-1.0656903307178918,1.3414563291491204,-0.7835745096317465,-1.0157410864310847,-1.116186664974241,-1.0330457214142557,-1.382600690931068,-0.7283564862543837,-0.9045856793003988,-0.5675640092618109,False,True,False,False,True,False,True,True,True,False,0
0.823769847884126,0.743597843798123,-0.5762760765405166,-1.0000610027852055,1.2844726556990702,-0.09414572341332228,-0.6318739998470229,0.20665974731297598,-1.0330457214142557,-1.2694944304150522,-1.2126449327845232,0.6237012973997806,0.014813557998633597,True,True,False,False,False,True,False,True,False,False,0
1.0154953631661607,0.9266800980048868,-1.6768991171727579,-0.8341139986150952,1.181055830844406,-0.7777926436788375,-0.5122624120343029,0.8235755823734716,-1.0330457214142557,-1.0713866424639489,-1.022034437679073,1.687976314367984,0.22778396254585181,False,True,False,True,True,True,False,True,False,False,0
-0.8245044521191011,-0.9694873309500519,0.1147662865346849,-1.357316179038249,-0.8772236020072357,-0.5515550281801498,-1.0582838721998138,-0.4129115023305798,-1.0330457214142557,-1.4090305497989324,-1.555748681432148,-1.2072323407831111,0.997776615116575,False,False,True,True,False,True,False,True,True,False,0
1.4388964703817708,0.819434722222323,-0.1890986638130663,-1.2165457592091335,-1.274188933256675,-0.4054877070265281,-0.432654182813456,-0.7204362077228034,-1.0330457214142557,-0.5689449417906625,-1.504238884474304,1.5085127417639361,0.3090041202899268,False,True,True,False,False,True,False,True,False,True,0
0.8632669180680308,1.0204340474929348,0.41584023525846214,-1.4777950478645456,0.1294531870807279,-1.6214017587000489,0.1033787138184486,0.0979740387044204,-1.0330457214142557,-1.1546690343603965,-0.798012490044961,-0.43229840110801665,1.1036481199599617,True,False,False,True,True,False,True,True,False,True,0
1.3387667585519436,0.8075840240488625,-0.033802200153767004,-1.2480050650642387,-1.3048184901728284,-0.28783343768408876,-0.3106574243150102,-0.7751698292493422,-1.0330457214142557,-0.5768796567888105,-1.4616074603587745,1.467422985003239,0.1851817578364381,False,False,True,True,True,True,False,False,False,True,0
1.0101222949742104,0.9396717193192666,0.744392127226098,-1.4774070861993776,-0.21621496793306205,-1.3191910572215135,0.1569937540730184,-0.5149046221816834,-1.0330457214142557,-0.940966792222937,-1.1000846770833734,0.10397731914152497,0.833641932312979,False,False,True,True,False,True,True,False,False,True,0
-0.20054341263023953,0.5349537135812464,1.126882170114492,-1.476722347765033,0.02967910169788146,0.5415858872823702,1.4257215604335243,-0.9839861153353,-1.0330457214142557,-0.8717205295218214,-0.8173079153582425,0.2625399971024134,-1.4521592226084763,False,False,False,True,True,True,False,False,False,True,0
-0.5544859988792454,-0.40169608376793453,0.2824643580063988,-1.4686349523561337,-0.8557834098897359,-1.0852220595903403,-0.6833595239865019,-0.6745324959645542,-1.0330457214142557,-1.3524295113202587,-1.456067054705869,-1.0930448268704938,1.170008897567386,False,False,False,True,False,True,True,True,False,True,0
-0.0801296641280782,-0.012153184873375005,0.6251685206496149,-1.4942782987290584,1.2548446471003003,-0.8545790651225564,1.6808295181052841,-1.6968826135723234,-1.0330457214142557,-0.6959673553870285,-1.2831425980248408,-1.627029894985038,-1.2778044722628086,False,False,False,True,True,True,False,False,False,True,0
0.46083356920244156,-1.4344092286422834,0.777617781620243,-0.924368369692825,0.681494037161119,1.426674711325486,-1.1228313635497544,0.7171338513232175,-1.0330457214142557,-1.2909708563685216,-1.1917406709471918,-0.014377840838374123,-0.5812994651655802,True,False,True,False,False,True,False,False,True,False,0
1.3311890874105277,0.7514796532433238,-0.10267725344143463,-1.214405683117776,-1.3596160483793307,-0.3115620571816209,-0.4179594577387669,-0.8273853569544724,-1.0330457214142557,-0.6022694590286704,-1.5036205551304787,1.4686104893806153,0.3415450574920829,False,True,True,False,False,True,True,False,False,True,0
0.487970104428328,-0.6182028469345052,0.6618781905084442,-1.0503785452304646,1.1730205344811988,1.0981272288538624,-0.9941873187694862,0.5817718365744263,-1.0330457214142557,-1.3332925610625945,-1.2783403116123064,-0.5383260964328854,-0.2746340999382889,True,False,True,False,False,True,False,True,True,False,0
0.6278858532637752,0.35629521019709776,0.6590582772626316,-1.2041911029666488,1.299197087067228,0.7611667547093375,-0.8087309916452119,-0.48863544081558374,-1.0330457214142557,-1.4661934455224364,-1.4246009180358703,-0.5648588907096598,-0.2651338812122067,True,False,True,False,False,True,False,True,True,False,0
0.5971284714664369,-0.9825084372609321,1.067743326205147,-1.023385453972882,-0.20082953843891496,1.410826093896325,-0.760039897047774,-1.2217663390039526,-1.0330457214142557,-1.4221443793783142,-1.2356674221939563,1.113280588251716,-1.2902840849191413,True,False,False,True,True,True,False,False,True,True,0
0.6371815089989252,0.4807304240029641,0.4839822867121576,-1.1848890543777273,1.2967375891428876,0.5710110906456806,-0.8068746823820259,-0.6068639966251557,-1.0330457214142557,-1.5005047054297829,-1.3508601624729644,-0.6500971620318872,-0.30880783612563484,True,True,False,False,True,True,False,True,True,False,0
1.433605626242615,0.8012265118511542,-0.12816812672623878,-1.22869261711662,-1.3659865480428521,-0.3756117831951562,-0.428538917792601,-0.7886773091992465,-1.0330457214142557,-0.5592480616809958,-1.5191279895328422,1.4954892340875872,0.31589843115161076,False,True,True,False,False,True,True,False,False,True,0
0.37702081668433124,-1.5177534809148168,0.6874026483021153,-0.9089652263535418,0.9785422415246381,1.4185371219060354,-1.1599849845218293,1.4159697898952208,-1.0330457214142557,-1.2245608443603186,-1.1505869383897394,-0.4124007886062987,-0.343793119336167,True,False,True,False,False,True,False,False,True,False,0
0.7351978162939072,1.094935100793504,-1.4182584135188727,-0.8791012541413665,1.3175246800274694,-0.8299226944015152,-0.5785215849713599,0.6138850795687898,-1.0330457214142557,-1.0157852610600413,-1.0068882139305224,1.5428441270748536,0.20785838817385932,False,True,False,False,False,True,True,True,False,False,0
-0.16504120382655574,-0.8221465670361943,0.7765068111491824,-0.9241496768228662,-0.6727231824942167,1.3298742177616119,-0.6058168488329957,-1.506418349148098,-1.0330457214142557,-1.5478104220418072,-1.2262209829490385,0.9846017138200583,-0.19273729594909328,True,True,False,False,False,True,True,False,True,True,0
0.9581018779150448,1.016700173453645,-1.6355798255166554,-0.8144344475360336,1.2558794791813683,-0.8471495991262619,-0.5237071899421447,0.7436445462392397,-1.0330457214142557,-1.1393990477547509,-0.9739933369460791,1.4217651132220088,0.1799279144321685,False,True,False,False,True,True,False,True,True,False,0
0.9343342975830766,1.0642739190086536,-1.2428337400253477,-1.0860662302369821,0.5347919201450031,-1.252461649023159,-0.45735830130208815,1.0506028564476764,-1.0330457214142557,-1.2080909645278761,-0.7139150849398993,0.44675282974104413,0.8409540045015163,True,True,False,False,True,True,False,True,False,False,0
0.9558793868493447,-0.5173142217487067,0.6409182858712379,-1.0574447105134148,-0.5744141751720719,0.8285618685183846,-0.8184981678303087,-1.1148966279573316,-1.0330457214142557,-1.1666619855400955,-1.3815574561019026,1.2529387736603246,-0.7306377812338761,True,False,True,False,False,True,False,False,True,True,0
1.3980913658078271,-1.372091927232618,-0.403557760435413,-1.1300123515323592,-0.9010069340705342,0.023144454024865424,0.22703480145789334,-0.10732237014225743,-1.0330457214142557,-0.9704073696681095,-0.8812402777006204,0.7223623452413717,0.41838433731925695,False,False,False,True,True,False,True,True,False,False,0
0.40256494110817365,-1.4923521441719187,0.7148980654212921,-0.9136597364150256,0.8880090462271671,1.421017264729118,-1.1486614485634812,1.2029812931520956,-1.0330457214142557,-1.2448010292815792,-1.1631296127843782,-0.29109290411543376,-0.41617937879003386,True,False,True,False,False,True,False,False,True,False,0
0.4026751948260686,0.5160042130320377,0.8360314261168428,-1.2835095760817952,0.8399157816623506,0.8303136258956069,-0.23051460942701274,-0.6057813977179245,-1.0330457214142557,-1.3339209354244221,-1.222341526995795,-0.14790143801926559,-0.5987519812027116,True,False,False,True,True,True,False,True,False,True,0
-0.15985070789542244,-0.19223936985022017,0.3527215921716781,-1.3211891191471001,0.10195254466500248,-0.044146170039139676,-0.9115739936425203,-0.6616657984676775,-1.0330457214142557,-1.4608458494177523,-1.527731771153982,-0.9310706873968979,0.4462489409353002,True,False,False,True,False,True,False,True,False,False,0
0.5896552270686454,0.5811356274913566,-0.7790582932608233,-0.9192810520344377,1.1755156553161452,-0.5270713776057909,-0.9455049623903189,-0.5837795837844821,-1.0330457214142557,-1.63952853105457,-0.6979907549356552,-1.2443993210074333,-0.6322478114547944,False,True,True,False,True,True,False,False,True,False,0
0.6539094614265424,0.03195650879483958,0.7513909122163469,-1.1552698043101617,0.9461712441184702,0.9106554791168455,-0.848942602609233,-0.7459605733928456,-1.0330457214142557,-1.4775747945815954,-1.4048632402053425,-0.15158596061062884,-0.5090853787805893,True,False,False,False,False,True,False,True,True,False,0
1.4642241193702725,0.4851321665249793,-0.2937108317338004,-1.2732273429868273,-1.2415125291221207,-0.2066109210737781,-0.5403258357647737,-0.8366091749014816,-1.0330457214142557,-0.5993773183384634,-1.4865530499568538,1.462151358524637,0.15731626983071867,False,False,True,True,True,True,False,True,False,True,0
-0.22096165113379826,0.6277251726425699,1.2119564168902317,-1.473745431936075,-0.17806895550939167,0.7783298583248617,1.382463583759837,-0.8631021555680803,-1.0330457214142557,-0.9015225269837416,-0.7383175693866987,0.582949329140547,-1.4817240930744295,False,False,False,True,True,True,False,False,False,True,0
0.8697663586657509,0.9865538869202635,-1.4664880073352664,-0.8428260054404706,1.239460483865885,-0.8405348385275953,-0.6266002323672498,0.3037326653156939,-1.0330457214142557,-1.289495121246349,-0.8829462707686514,0.6849000180603941,-0.049611824196313103,False,True,False,False,True,True,False,True,True,False,0
1.310765637141656,0.853287246045626,0.1514671695536093,-1.3114819228770962,-0.9936191254196683,-0.6911081783322639,-0.23995603420174005,-0.6942604809060015,-1.0330457214142557,-0.6770225969997832,-1.3853013197219788,1.0475724599958278,0.4803186305908428,False,False,True,True,False,True,True,False,False,True,0
0.6063383227561538,0.7323647028235112,-0.8820363730247244,-0.9202953490681528,1.1841971745020365,-0.6657126866760792,-0.9295336181948523,-0.7390621847987211,-1.0330457214142557,-1.6703303362798818,-0.666449065022742,-1.2965546303775675,-0.6571176384417048,False,True,True,False,True,True,False,False,True,False,0
0.6644820915339378,-1.2318990698635535,0.9968228314508848,-0.9617949818259541,-0.040274739813286164,1.4464474548617805,-1.0325553639804455,-0.980900182478271,-1.0330457214142557,-1.45233413829349,-1.2917361557863256,0.9527397245875957,-1.158393223804064,True,False,True,False,False,True,False,False,True,False,0
0.9451510358894554,-1.2162157057908203,0.377681499898735,-1.1271500329730804,-0.2895369938072972,1.2456506006271448,-1.0496680823988558,-1.2409021631855122,-1.0330457214142557,-1.2952006367682893,-1.3051108363922854,1.1644447950881451,-1.0816210643445454,True,False,False,True,True,True,False,True,True,False,0
-0.8556827345494118,1.3759360717067621,0.7051363031185067,-1.4056407941162814,1.6537326509230468,-0.41270327190888545,-1.19898798325556,-1.4488150177290198,-1.0330457214142557,-0.7038883243103436,-1.0728049778324533,0.1329347153982004,-0.2561764918126642,True,True,False,False,False,True,True,True,False,False,0
1.4872541155392105,-1.2876601515250716,-0.9886112546500307,-1.4159744514851555,-0.6402113569936012,0.6083186791634516,-0.832285369129365,-0.9130380199121505,-1.0330457214142557,-0.8864438238957066,-1.2045527980290949,1.1375948737279562,-0.4275460083855076,False,False,False,True,True,False,True,True,False,False,0
0.6380789194504771,0.44917248900139745,0.5947369183945793,-1.2045738878915628,1.3044143169088673,0.6751129580158127,-0.799056783100271,-0.5838883949818177,-1.0330457214142557,-1.485217297763513,-1.4046596986052298,-0.5973947952835518,-0.28068447835354154,True,True,False,False,True,True,False,True,True,False,0
0.0954761088037801,0.15125590493450702,0.20488442861946798,-1.0420258119739751,-1.2827523972132857,0.46123380776060285,-0.2903123389798722,-1.2944196615025225,-1.0330457214142557,-1.1213467454372528,-1.316514662132954,1.1443033602604062,0.6509859875195869,False,True,True,False,False,True,True,False,False,True,0
1.3278175518476203,-1.438637013788126,0.05755341584693685,-0.9046307042380114,-1.106553531953197,-0.43806187659621654,1.061940284032321,0.5277041610867066,-1.0330457214142557,-1.036583419787976,-0.6264208158399494,0.39509593023059963,1.0851061680887502,False,False,False,True,True,False,True,True,False,False,0
1.5075676154448194,-1.2554473728325461,-1.142075857522795,-1.4940988241524655,-0.5579956392140253,0.7709468193969968,-1.1253077312076134,-1.13429571488617,-1.0330457214142557,-0.866238234041964,-1.2952345254667808,1.2437601109791172,-0.6608575823164692,True,False,False,True,True,True,False,True,False,False,0
-0.6093885825163081,-0.9773062360119036,0.0562234182443159,-1.3254893643788692,-1.2064827734390557,-0.8409510205793452,-0.6065109143239817,-0.48758812402524543,-1.0330457214142557,-1.37489497943282,-1.430975146788997,-1.0386729578581095,1.2390272561921183,False,False,False,True,False,True,True,True,False,False,0
-0.734776389550026,1.45685657082171,0.7947358750435397,-1.4764243069077285,1.383084539970408,-0.9032083032935809,-0.9133919195924922,-1.3715350049171309,-1.0330457214142557,-0.6512049078516613,-0.9789194216922583,0.1372555862730736,0.03754293015990262,False,True,False,True,False,False,True,True,False,True,0
-0.8163361756474645,-0.9247719999615139,0.038077710439933604,-1.37984370030845,-1.2092749985453566,-0.8665559231805006,-0.8197055065944792,-0.6222788786232895,-1.0330457214142557,-1.4089316920108526,-1.5280115138526988,-1.1810934836607736,1.2296595343303545,False,False,False,True,False,True,True,True,False,False,0
0.8906925639123013,1.0910602253544448,-0.8966335205584309,-1.2984612958313078,-0.010819766431073833,-1.5547640947483659,-0.43667901716524826,1.1508679088821576,-1.0330457214142557,-1.3031587362559094,-0.49272656897614364,-0.49962083899008036,1.2697247702563719,True,False,False,True,True,False,True,True,False,True,0
0.312526417381466,0.4951537790395407,-0.27935208556565283,-1.1757317888930734,1.2248754049512653,-0.8409944403310535,0.23982725716125475,-1.2639081314341687,-1.0330457214142557,-1.2566735868143901,-0.9218180274451608,-1.4819444669566055,-0.9476531578986929,False,True,False,True,True,True,False,False,True,True,0
0.4537349179277367,0.6793972889878342,-0.60406342440515,-1.0608790251180815,1.2109290957174346,-0.8325143648851664,-0.280180822168409,-1.1060292824421225,-1.0330457214142557,-1.4592095015348434,-0.7903968217683641,-1.424803447485109,-0.8291105382651018,False,True,False,True,True,True,False,False,True,True,0
-0.5431382100711212,-0.39048441640873266,0.28875227497407074,-1.4694208747582516,-0.847265011237637,-1.0898193831873768,-0.6748581373125754,-0.6724696516236653,-1.0330457214142557,-1.3502419775559904,-1.4519613021809628,-1.0874381788661187,1.1688133712612503,False,False,False,True,False,True,True,True,False,True,0
-0.11186482742825457,0.13203738290717026,0.7573956524659584,-1.4896514103740028,0.9319510478498997,-0.48661840191176,1.613595561878579,-1.5089980317110605,-1.0330457214142557,-0.7422872794079295,-1.160371403628837,-1.1290318686930851,-1.3237558403018321,False,False,False,True,True,True,False,False,False,True,0
1.4438545593991854,-1.2583994036467638,-0.9674214474752181,-1.4512151948347163,-0.5341896933745419,0.8282220986987971,-1.1177121183572662,-1.149686544685485,-1.0330457214142557,-0.9150725101724866,-1.295783276706056,1.2424550185795185,-0.7132849028780812,True,False,False,True,True,True,False,True,True,False,0
1.154702884048492,-0.6634051858039556,0.49699678252751844,-1.065736195772079,-0.7305192321502729,-0.9470716412202308,1.0384625242263312,0.37285265783933147,-1.0330457214142557,-1.0673950835552808,-0.6694857448111361,0.056298858821886205,1.2264951610007275,False,False,False,True,False,False,True,True,False,True,0
0.7315573791638836,0.6751192769965048,0.8356735470168031,-1.3699889171731714,0.8200666220015439,-0.3163864967862846,-0.28253723418627097,-0.5039799475963118,-1.0330457214142557,-1.3026636274241121,-1.2210842709463354,-0.49309212508817335,0.3018405550142875,True,False,False,True,False,True,True,True,False,True,0
1.2107847015917286,-1.1668303313037947,-0.9601318996268778,-1.4238651613509619,-0.6419582488002267,0.8210178488564882,-1.0159212926408563,-1.2072673696130751,-1.0330457214142557,-0.9506229092531602,-1.2762866530364398,1.204517393981191,-0.47635091548468805,False,True,False,True,True,False,True,True,False,True,0
0.10947237844090807,0.017559701939682926,1.2160308563316327,-1.2809656506262266,-0.34661148438032163,1.2269711728985186,0.44309319811634285,-0.9223484150654498,-1.0330457214142557,-1.144542711710083,-0.8882740725213089,1.0523737550502212,-1.423360171329461,True,False,False,True,True,True,False,False,True,True,0
-0.2399866806279381,0.7478128101058709,1.3186998208479663,-1.467496012295721,-0.4374962118210425,1.0889490861907551,1.3058852818895859,-0.7016439039376705,-1.0330457214142557,-0.9458884534974094,-0.640876307048166,0.9934371502017952,-1.5095192712032686,True,False,False,True,True,True,False,True,False,True,0
1.3650031667601157,-1.251729622572835,-0.7547435022766136,-1.3999763562984233,-0.49550697876683425,0.8942228730118517,-1.106953487741738,-1.1641088982685168,-1.0330457214142557,-0.9751756190344691,-1.2972580829516727,1.2301206065042047,-0.7715235515376253,True,False,False,True,True,True,False,True,True,False,0
1.2326136064797266,-1.212945716338107,-0.7597094376213197,-0.5829192370658904,-0.7166355563495597,-0.7257643735204631,1.2981772221704453,1.2643391572574842,-1.0330457214142557,0.4222842500255466,-0.9631351878806464,-0.3390659742386535,-1.0504718708439713,False,False,True,False,True,True,False,False,True,True,1
-0.6269606331191273,-0.6185667020774654,0.8847874301536524,-0.3989845895098598,0.9127411824439016,0.28231965473492604,-0.9347276861515682,-0.23350233212155402,-1.0330457214142557,-0.10979343937573427,-0.7278037975835318,0.35202323443782535,-0.7256515182709469,False,False,False,True,False,True,False,True,False,False,1
-1.1413161659212667,-0.4172933624361606,-0.9744386143808819,0.22597010972706563,1.0936725597871253,-0.08287420588042838,-0.5131900530643776,0.0551233521046528,-1.0330457214142557,0.11697096073852122,0.41961932149849746,0.8000524064465939,1.3547331241312028,True,False,False,False,True,True,False,False,False,True,1
0.8027406621173651,-0.8219477585569231,-1.6121430419738065,-0.7882460003388773,-0.8155923249695776,0.05976812684852317,-1.3533893897178584,1.274003099289594,-1.0330457214142557,-1.585342386114946,-1.3017968226393797,-0.523841889945016,-0.43682062752643547,False,False,True,True,True,False,True,False,True,False,1
0.5066314641569035,-1.0507010301379482,-0.08010050991401957,-0.0036607110600880843,-1.2286142716476725,-1.0468176563308462,0.37747061318374237,1.2239699565912785,-1.0330457214142557,0.795836081493531,0.5681859136104213,-0.13305552696893141,0.49613449379810565,True,True,False,False,False,True,True,False,False,True,1
0.3806083389340707,-1.487754744771096,0.49829306417197095,-0.5434492416800142,0.9126513315600485,-0.5257018611849857,0.9779232691032964,1.3647280410481661,-1.0330457214142557,-0.6488831914849386,0.08756624862118076,0.39672756412490306,1.1887331820296627,False,True,True,False,True,True,False,True,False,False,1
0.8111734090496489,-0.1283216845887425,0.7917976052240675,-0.7309306700203055,-0.2838784009630073,0.359028593939226,-1.3571754878187436,-0.20171210084391006,-1.0330457214142557,0.0594924910472133,-1.1499739733738972,-1.4868521467252926,-0.27324192644316136,False,False,True,False,True,True,False,True,False,False,1
0.8631171411037523,-1.3894630692879772,-0.41482358857767504,-1.3059473709389366,0.13344550717040826,-0.42275322070274757,0.4345525993546625,0.4684392997939412,-1.0330457214142557,-0.17714171683318397,-1.2625916091891656,0.5979798667424212,-0.7257149510377239,False,True,True,False,True,False,False,True,False,False,1
-1.4234090838804514,-0.0632795167438121,-1.101824344554879,-1.0754878210887908,1.3178780295984485,-0.20368428046384168,1.4595765546069348,-0.10249110892721444,-1.0330457214142557,0.5791111729214489,-1.5081420179348526,1.2077644672478374,0.9484174264138573,True,False,False,False,True,False,False,True,False,False,1
-0.7828015795942886,1.0387321694870086,-1.300561138239104,-0.5750661657556153,-0.0636317291821229,-0.8686500062960348,0.2790270122820441,-1.5322765972988648,-1.0330457214142557,0.884760326083355,0.16149264411528516,-1.0797011697665058,0.5200810965035126,True,False,False,True,False,True,True,True,False,False,1
-0.4395075910754136,-1.333375206630459,-0.17913602827991132,-0.3034937855321472,0.5382821921248806,0.3485287967305791,-0.7007331746080105,-1.4206592798353703,-1.0330457214142557,0.7726034136989,0.6745060283877402,-1.006852130631093,-0.8998098891848882,False,True,True,False,True,False,False,False,False,True,1
-1.0267733660666418,-0.6892181516743092,-0.6255847364299119,-0.9267873801099273,0.5034819811919989,1.316306374440941,-0.9766297952519138,0.8614101118818929,-1.0330457214142557,-1.3812384951143049,-0.25652897358672067,0.4866939907835782,1.4752569489054954,True,True,False,False,True,False,True,False,False,True,1
-0.8874345872342096,1.1327547737064867,0.9200466914159837,-0.4913644457079195,0.9857309471541106,0.9002858803291971,1.3658037455136396,-0.6089759366866776,-1.0330457214142557,-1.1741065557864567,-0.4484791072691855,-0.7173385293360404,1.3915758083054577,False,True,False,True,False,True,True,True,True,False,1
-0.5236031457653556,0.6764767712892215,0.7120293155803813,-0.7478175383903812,-0.6574816229176927,0.244005497512347,0.9536835707141428,1.1455192815444155,-1.0330457214142557,0.42482746982195707,-0.7659459893874372,-1.1267898396308653,-1.117622552396653,True,False,True,False,True,False,True,True,False,False,1
0.3672297090811911,1.0533069972290834,-1.2177719348900213,-0.6079482029085527,-0.5829568412284849,-0.4884927630110401,-0.4515390897601329,-0.05170663789057728,-1.0330457214142557,0.5720276744814357,-0.9826326663246177,0.2541772342587427,1.108999352501374,False,False,True,False,False,True,True,True,False,False,1
-1.3713518479562072,0.06310183619266652,-1.281393255190502,-1.4093822890171839,0.4990907817775613,-1.3127440318690948,1.5158155888791272,-1.2684933620803114,-1.0330457214142557,-0.9203245568027052,0.2992924012484514,-0.3490070431677204,-0.033810217051822716,False,False,False,True,False,True,True,True,False,False,1
0.4939664897853084,1.3526629013313938,0.3119653570381683,-0.0791666203328066,0.8819857508407889,-0.2992998656762175,1.2133471722405171,-1.75044294853392,-1.0330457214142557,0.0942031006595333,-0.6545187050964696,-0.7607000583228051,0.02472146877070769,True,False,True,False,True,False,False,True,False,False,1
-1.3021423118865159,1.0450353894124709,-1.0657178763040933,-1.4968527593768928,0.26145998570657436,-1.3596096494695342,1.3710158169006146,-1.4991861092291239,-1.0330457214142557,-0.8284781914748769,0.005298304517620288,-0.5806441687810057,-0.30412324459743284,False,False,True,True,False,False,True,True,False,True,1
0.543081696381181,0.2618006550812791,0.26609326212030027,-1.1570432587615433,-0.18997710589843914,1.0776086114214174,-0.9068674773995623,1.7223530725565697,-1.0330457214142557,0.30853638562189667,0.33546294318821374,0.6471925795054985,-0.09668305836603214,False,False,False,True,True,False,False,True,True,False,1
-0.7015037402782032,-0.2548385635698457,-0.8676665149649985,0.20990407158913693,-0.4747501814853691,0.685748455919855,0.35055610728268083,0.8831446343345519,-1.0330457214142557,-0.5993108544530565,-1.1434215424478944,-0.01865394386542052,0.9098918320747963,False,True,False,False,True,True,False,False,True,False,1
-0.40862791446396696,-0.19908463137182186,0.6059844988669034,-0.7738096065152031,1.0556470409631549,-0.4175676136422041,-0.6697957249591787,-0.26934206880434153,-1.0330457214142557,0.20919701383504996,-0.2950484807196976,0.3455046551705434,-0.5294303359245871,False,False,False,True,False,True,False,True,False,False,1
-0.747844904281053,-1.4938278927482944,1.0924843556787276,-1.4082010803309644,-0.9881676853132703,-0.8025699907939317,-0.5786292499052946,1.1488871741384044,-1.0330457214142557,0.05074371074201933,-0.013339074668875128,-0.48982768764712403,1.5123153438709662,True,True,False,False,True,True,False,True,False,True,1
-1.4170988539792875,-1.277014417298436,0.38121654834131946,-0.3373965001149616,-0.6287868560375699,-1.4806118530218344,-0.9259621536501927,-0.8849334382365328,-1.0330457214142557,-0.5523988182749688,-1.1879013232327795,-1.6330810696317126,-0.2742900930421032,False,True,False,True,False,False,True,False,True,False,1
0.08920358479816504,-1.0942420023704487,-1.02054669894284,-0.8286893993741837,-0.4069123013384984,-0.5160297783048433,1.4068993887027739,0.8428926021875814,-1.0330457214142557,0.8399444210909356,-1.2203649817201812,0.019579850740040206,-1.2930975544920238,False,False,True,True,False,True,True,False,True,True,1
1.2939754047269303,1.3466292878918522,-0.1748142439506778,-0.9124898596947213,0.7622301457173124,-1.0275697513854565,0.9978866886536305,-0.29713766120101154,-1.0330457214142557,-0.205743370940919,-0.04392740957506874,0.4170727323729078,0.22115275920572228,False,True,True,False,False,False,True,False,True,True,1
1.0099311936863498,-1.031617238141079,-1.2544311280419496,-1.2551643022117334,-1.2083371770169629,-0.04923619982037181,-1.0848079440041154,1.4185962144822941,-1.0330457214142557,-1.4032132350122568,-0.7080083510224395,-0.7438959004718348,0.05098696963751792,False,True,False,True,False,False,True,True,True,False,1
-1.315951310587891,-0.35729619665276907,-0.6026478891814515,-0.6941964676551756,0.6767594708338784,1.3440701998151414,-1.1361357530353628,1.1506806854205318,-1.0330457214142557,-1.408141693923934,-0.4757478551923359,0.33934417342982476,1.448549091680383,True,True,False,False,False,False,True,False,False,True,1
-1.09169898193801,1.4556321644824013,0.6768078665382111,-1.0142114544339247,-0.10999020608745932,1.3898451386175796,1.307247087352488,0.06067968015042448,-1.0330457214142557,0.5080008406141139,0.6929146329264552,1.540402221020876,0.9790514765615619,False,False,True,True,False,False,True,False,False,True,1
-0.540247753411161,-1.2322399490834042,1.1580824932659035,-1.1555498509686277,-0.24694965868814456,-1.2674710203589061,0.33109404680443366,1.181380636418068,-1.0330457214142557,-0.9829542852479745,0.009417387702752328,0.5739098799735639,1.353566221601914,True,True,False,False,True,False,False,True,False,False,1
0.05386858354320878,0.7054381349708617,1.4828907877533908,0.35254161231872183,0.0009153152811870457,-1.4732629057322255,1.1421453989572674,0.665208690459702,-1.0330457214142557,-0.43133504490628904,0.17907487851609105,-0.8124805222583474,-0.9845086261915528,True,True,False,False,False,True,True,True,False,False,1
-0.4879909278583671,0.4549954752591241,0.5503875109902404,-0.16464446083717282,-0.48093085914555456,0.5996845971560331,1.2723829798276256,1.237571339005946,-1.0330457214142557,-0.26561057274663813,-0.7667080119898984,-0.32243814436815704,-1.3822251511558983,True,True,False,False,False,True,True,True,False,True,1
0.607344573045,-0.25684595284718315,-1.340410833737266,-0.7319857607219356,-0.17494755949136853,-1.6542141227814755,-1.3833860200950898,1.688186912418815,-1.0330457214142557,-1.4660571402961742,-1.5004954367899064,0.13839650430996475,1.0312027203133602,False,True,True,False,True,False,False,False,True,False,1
0.323003562149383,0.7234231140253735,-0.6496989685389732,0.09576977083952709,-1.25392617889421,1.328736221605277,-0.804402912247246,0.8870647148313435,-1.0330457214142557,-0.18384343466502617,0.17963804608805697,0.3604290076620701,-0.8848254536080011,False,True,False,True,True,False,False,False,True,False,1
-1.5248355482621794,0.6973785633420757,-0.7588840593601495,0.10622840543030612,1.6103962828520586,0.09234514980376798,-1.1215625898625192,-0.9991341012608218,-1.0330457214142557,0.6068406002619021,0.38798512236995236,-0.6608330699008818,1.3274350423376942,False,False,True,True,False,True,False,False,True,True,1
0.8127530065744669,1.5352186030979693,-0.02026216744483833,0.33996832034412905,-1.2012825744865934,0.039994882247874175,-1.1592455860139217,0.5893307642866557,-1.0330457214142557,0.502799921277807,-0.36241145914433154,1.3904545301490567,1.2493144992735683,True,True,False,False,False,False,True,False,True,True,1
-0.24723096548384024,-0.16400352943380925,0.438575990357247,-0.8111346228543662,1.1586045926399673,-0.36114144427035444,-0.9060645523448545,-0.2664518754556646,-1.0330457214142557,0.12405450484877953,-0.2352252143699538,0.6020193089919537,-0.5161015994707308,False,False,True,True,False,True,False,True,True,False,1
-1.6336411498664032,-0.7939636449998193,-1.4771300671152474,-0.24572944950904738,0.6118475948953463,-1.06433733497527,-0.3526137296864387,-0.5856459795226435,-1.0330457214142557,0.004905116006346022,-0.10993384976784826,0.7469610254457092,1.586240376834752,True,False,False,True,True,True,False,True,False,True,1
0.7846120739533801,-1.4224492230323713,-0.33497766306257476,-0.06871127715530821,-1.330844272098005,1.193298715179024,1.7598013939855564,-0.1339677460879475,-1.0330457214142557,0.7542209840923235,-0.5193491164160925,0.5601746805087927,0.5470250372490671,False,True,False,False,True,False,True,False,True,False,1
-0.2847017013008703,0.6743190263996377,0.5454060306129257,-0.26328057182929193,-0.3725555990504307,-0.026914320219140864,0.4286317100952033,0.961255886696381,-1.0330457214142557,0.19171745981295196,-1.1651088732254387,-0.49219317917518873,-1.0640866012793364,True,True,False,False,True,True,False,False,True,True,1
-0.772143966692307,-1.3122899756643245,-1.3971861914963515,-0.6521189156372722,0.4698650654311401,-0.6168994217421842,0.8372004223520682,-1.2859559586950353,-1.0330457214142557,-1.3089380208607422,0.8568366366230418,0.5747618641511071,-0.4954419852837504,False,False,False,True,False,True,False,True,False,False,1
-0.03791931779228114,0.6770189588338517,0.8652771233040623,-0.14242717355459944,-0.39138280300739203,-0.6845644261050283,0.4466594843725863,0.6845540688426923,-1.0330457214142557,-0.019769908663694657,-1.0656889355221653,-0.6661380960274874,-1.000542815610502,True,False,False,False,True,False,True,True,True,False,1
0.7902490190067933,-1.2906324790055177,-0.6051666484073172,-1.4242588948651227,0.5731978458814699,1.4784597798543524,-1.6847155187090708,0.0002135916126646542,-1.0330457214142557,0.7196007037131823,-0.7039460486643291,-1.348905587875977,-1.3800450688340067,True,True,False,False,True,False,False,True,False,True,1
0.5573365433736813,1.311827922757733,0.7198849879328897,-0.04627791336833725,0.5041898421712284,0.02901557408151967,0.9011703368920189,-1.728581568866574,-1.0330457214142557,0.42665338765880695,-1.2138938876768937,-0.8275718796968665,-0.4687194194168853,True,False,True,False,True,False,False,True,False,False,1
-1.5671946316165268,-1.66471954894249,0.8220795182898434,-0.38204639558493964,0.8047990772555875,0.09072289234963371,-0.08788959161698884,-0.6508984682804191,-1.0330457214142557,-1.471323652518006,-0.47775987394181374,-1.3561140196471189,-0.867875572103149,False,True,False,False,False,True,True,False,True,False,1
-0.2228520809323718,-0.6566277896539433,0.809267901399713,-0.5300160673507479,0.9272391399921847,-1.4922737542364182,0.054526246139769086,1.6660834917094935,-1.0330457214142557,0.2934596998476416,0.3020133665358104,1.196162108346248,-0.4549967906357464,True,False,True,False,True,True,False,False,True,False,1
0.7505336310999953,-1.5739716410261626,0.04006081346559398,-0.4095103765340546,0.8218716615802193,-0.3058946949536627,0.802295546394763,1.248087494549512,-1.0330457214142557,-0.6036886160879318,0.053968956524032455,0.3474757708887263,1.1781406226651205,False,True,True,False,True,True,False,True,False,False,1
0.6389622137822453,1.2817115300319766,-1.3967582617683132,-0.22439247309415558,-1.0609294676481515,-1.4513674162317631,-1.0130410910567829,-0.6634153816404162,-1.0330457214142557,-0.9446340201610581,0.01574717923707397,-0.8021653903469066,-0.13785888171887084,True,True,False,False,False,True,True,True,True,False,1
-1.2986648254235393,-0.4967796161149568,-1.3166996569274818,-0.09717847035681101,0.5038313074953779,-0.8483896593149354,-0.4309799509710819,-0.6973329545580231,-1.0330457214142557,0.21278687088890644,-0.2998267239483023,0.7806173970889655,1.276773574710373,True,False,False,False,False,True,False,False,True,True,1
-1.02286901875773,-0.6133356785422455,0.9224782158292774,0.33854066541740635,-0.9051517228507326,-1.2644541612593083,-1.1256497534914118,-0.2571001844771373,-1.0330457214142557,-1.3699118034796178,-0.5603976375509437,-1.0800529918543131,0.4820733465105041,False,False,True,True,True,False,True,True,True,False,1
-0.014953264212583028,1.565335141873883,1.04334747921235,0.3941164634073725,-0.9440299474120881,0.07707070493917462,0.16106630210362227,-0.549923626511335,-1.0330457214142557,-0.13516946645139793,0.42746957284062503,0.7204168812253935,-1.6149902663127886,False,False,True,True,False,True,False,True,True,False,1
-0.6036709190054496,1.048712979920715,-0.7034440098560272,-0.09396746910369279,-1.49564493353151,1.1937574449767918,-0.9329597819908714,0.27741842556310703,-1.0330457214142557,-0.808148275565027,0.24859016989196125,-1.2100069169263061,-1.3370767784672064,False,False,True,True,True,True,False,False,True,False,1
0.02886716887886484,-0.11291808426854406,0.40332097947346146,0.014413176014287654,-0.24819131193816937,-1.1301221785983016,-1.2302310275277506,-0.9833854907605335,-1.0330457214142557,0.520560113304403,-0.047376825465179906,0.9524782588933783,0.6122775694109364,True,False,False,False,False,True,True,False,False,True,1
0.19249370760759746,0.4931219110848295,1.3945912322961362,0.12216801639953048,-0.529095961143461,-1.1890472727287507,1.233933466956587,0.4804501252138268,-1.0330457214142557,-0.7197641007726662,-0.5744189157295878,-0.8436462863578865,-1.195870453447985,True,False,False,False,False,False,True,True,False,False,1
-1.1826577070367266,1.041966413956232,0.9188600199725336,-0.5599621845590935,0.8689549895315744,-0.1725129820165906,1.604470506532678,-0.654153945023308,-1.0330457214142557,-0.97559818147322,-0.5342681816087266,-1.0158097304820668,1.1962565224056683,False,True,False,False,False,True,False,False,True,False,1
-0.8260995311180128,0.738879238108225,0.6479386928916469,-0.9270938558617673,-0.6049296417792845,0.03918827522582091,0.5405547153400474,1.165987279506989,-1.0330457214142557,0.15639949581602974,-0.34427979923852714,-0.9107282533247705,-0.6271985819602997,False,True,True,False,True,True,False,True,False,True,1
1.3661892455580842,1.6066925185825167,-0.4115688176376704,-0.719850213581663,-1.322157026270821,-1.2406311430549808,1.0580844648515737,-0.3176791743794772,-1.0330457214142557,-1.6099434888967552,0.6850735081440922,-0.9286828589739284,-1.3844198080716745,True,False,False,True,True,True,False,False,True,False,1
-0.811709477006223,0.6722188003126848,0.914280697939098,-0.701019322502395,-0.21279318720378604,0.3126277137529642,-1.022508695293576,-0.11157607202967401,-1.0330457214142557,0.04915797468749573,0.7558930495319404,-1.242803747220262,-0.8387492897319604,False,False,True,True,True,False,False,True,False,False,1
0.9392106880185243,-0.4026595550827947,0.6893745023087702,-0.9430730106332974,-0.4889478939129701,0.46164847313930846,-1.3476415008467035,-0.1891275946891448,-1.0330457214142557,0.10404274167927219,-1.0656418408077215,-1.4503323767001173,-0.34111267958103597,True,False,True,False,True,True,False,True,False,False,1
0.15523264699168354,0.9120422877354906,0.23033945075239437,-0.38309780214653877,-0.8048596068545174,0.06387408455984223,0.13360415967722045,1.1051658563413282,-1.0330457214142557,0.353499493814869,-1.3520888430228875,-0.04858942749622963,0.015948568110910832,True,False,False,False,True,False,False,False,True,True,1
-0.9189007568448213,-0.06206363163520103,1.1645939933221139,-1.0083048194280824,0.0588413994049517,-0.6429876503713017,-1.4262304394370013,-0.6919123178146531,-1.0330457214142557,0.1502476536978739,0.43488169099368007,-0.5020486560881752,-0.7357346764369671,False,False,False,True,True,True,False,True,False,False,1
-1.2455831095390972,-1.332851947764273,-0.39165697856067183,0.38307784007189016,1.3220919098302206,0.7770229590422747,1.1244716179058143,-0.7999262489280311,-1.0330457214142557,0.6398540394439376,0.11724298950964174,-0.9633054757044535,0.1859668238852054,False,False,True,False,False,True,True,False,True,True,1
0.017611167027781094,0.3460665334573343,0.8822416480975508,-0.6405434297232548,-0.8079762046204537,-0.6190536816433145,0.14858156703707112,0.4414177737435732,-1.0330457214142557,0.5474014896130203,-1.2267227973562935,-0.8698498912766642,-0.4044630704074048,True,True,False,False,True,False,True,False,True,True,1
-0.20934287293632695,0.6486391135699474,0.6773328579181237,-0.4193465528542304,-0.5556113745846281,0.21503428861446644,0.9301044055876537,1.0323894844639165,-1.0330457214142557,0.5186615796161647,-1.2408600713779956,-0.9879816633103019,-1.3886382953596357,True,False,False,False,True,False,True,True,True,False,1
-1.5513542062696122,-0.44157668821541063,-1.4045664733167713,-1.5068583935684883,-0.3979027876030504,-0.4592466573019214,1.2231613013593288,-1.1956732634061895,-1.0330457214142557,0.18347633399317598,0.2447795398770778,-0.37102402779763416,0.016126070862226727,False,False,False,True,False,True,False,True,False,False,1
-0.4560715044216629,0.20678464176784067,0.3073381003725835,0.003556124397772392,-0.3450952118357041,0.31165799416558576,1.3777949563101735,1.1072963141488372,-1.0330457214142557,-0.713438216943421,-0.3867575578255038,0.2250397537899454,-1.2545309616007125,False,True,False,False,True,True,False,False,False,True,1
-1.0188429773869108,-0.5375733338288817,1.0041505044881867,0.3458702641417005,-0.9875092160001827,-1.3012062616467706,-1.1098553320820188,-0.340403809450545,-1.0330457214142557,-1.4275364066293552,-0.5067690660406576,-1.0305691323242172,0.4799069620550789,False,False,True,True,True,False,True,True,True,False,1
-0.7732963492795176,1.152929454232506,-1.1649257353706557,0.16925850256438268,-0.8235593993924054,1.3905655031736885,0.5411578385177,-0.9275291115560574,-1.0330457214142557,-1.6835726246776639,-1.1942534869169668,-1.1167966180330042,-0.8366694464354163,False,True,True,False,False,False,True,True,True,False,1
-1.1406592227386931,-0.20190054293071627,1.489896332317547,0.07028259072237841,-1.396637085959365,-1.350419975826352,-0.7336850798333745,-0.8203043129231353,-1.0330457214142557,-1.3487214985026874,-0.18693701326150008,-0.7407650567541656,-0.010100490972691556,False,False,True,True,False,True,True,False,True,True,1
-0.06551448448091596,-0.5808667152809668,-1.4046367148221623,-0.6233142847544304,-0.2443781902781429,0.27695199164956164,-0.05394943134021438,-1.1405517187910794,-1.0330457214142557,-1.502407989445631,0.9804315197521988,0.8370069495233787,-1.037486813159276,False,False,True,True,False,True,True,True,False,False,1
1.033434080186068,-1.0463023754604075,-1.2042985015613168,-1.3137264220908187,-1.2481765460361527,-0.0949400131541589,-1.0517782193368677,1.4466013751611109,-1.0330457214142557,-1.3778866192336097,-0.6363548815299283,-0.7606140487090138,0.14253650427935005,False,True,False,True,False,False,True,True,True,False,1
0.27248850364149085,-1.200478742063329,-0.00288310929977742,-1.0204330256584422,0.7602854241413117,-1.5010115616812107,-0.01809892465437493,0.9346324232414821,-1.0330457214142557,0.09990594428886015,-1.0137443799366823,1.2918763562880244,-0.6858070227968456,False,False,True,False,True,True,False,True,True,False,1
0.15489840371898,0.8801020322570988,0.8313417918774373,-0.5239259546848535,1.0660193843856158,1.5444195065996968,0.8135063106050526,-0.7597670345953607,-1.0330457214142557,-0.31686087116449757,-0.6769189365179394,-0.11859095688126053,1.2550597257125085,False,False,True,True,False,False,True,True,True,False,1
-0.868555954870702,0.6459567764031409,0.6615219367778338,-1.1534569550226277,-0.7309424167346278,0.15966898215328806,0.5261280589591566,1.0874654140124171,-1.0330457214142557,-0.07333067179639485,-0.10655378899589663,-0.9288977817867878,-0.31562015448130865,False,True,True,False,True,False,False,True,False,False,1
1.2218644432623864,-1.1247345979846812,0.3950863579241387,-1.0389685508303674,-1.23666429281996,-0.8053957832334617,-0.6979517588221428,1.5407455725804091,-1.0330457214142557,-0.1309862270443547,-0.3126747784082171,0.1882163596634343,1.199664912822556,False,True,False,False,False,False,True,True,False,True,1
0.25357125953476733,0.23274131937985665,-0.7895667270906247,-0.7033123343867235,0.22861205689970848,1.3362275965938102,0.6880449269396627,-0.5753304440057975,-1.0330457214142557,-1.676535563378885,-0.5272622970550422,-0.05494220844073733,1.4154149539677936,True,False,False,False,True,True,False,True,True,False,1
-1.2857827657111052,-0.1967651536273967,1.2598002999863873,-0.870565489641328,-0.9053831612730181,-0.8795849600967037,0.1285773250978633,-1.1211857350866303,-1.0330457214142557,-0.39474149725213015,-0.02693665588050906,-0.4751085870785553,-1.2155979936283097,False,False,True,False,False,True,True,False,False,True,1
-1.3644517373159966,-0.5871187715472564,-1.20254101942636,0.01182187766912371,0.8761639262577834,-0.5298109087027031,-0.44033755815690023,-0.23770404514296234,-1.0330457214142557,0.06870492341934852,0.17840685381330346,0.778050417132695,1.45961011373143,True,False,False,False,True,True,False,False,False,True,1
-1.4698035536463478,-0.8538563074128558,-0.9347301141083454,-0.37774263622059184,0.4138155684362872,0.8500704625933619,-0.8776844296484607,1.0016882945786558,-1.0330457214142557,-1.4277719994207303,0.0707177398638873,-0.03053975387961977,1.5662163435237135,False,True,False,True,True,False,True,True,False,True,1
-1.0078151175460346,1.386559439260713,-0.8743219072942352,-0.3849345013351256,0.2847294518150947,1.0388474971375539,0.9942948440782144,-1.2260069361195765,-1.0330457214142557,-1.579828145921006,-0.3816063238233954,-1.03820162676262,-1.446719272717401,True,False,True,False,True,False,False,True,True,False,1
-0.8110728733398556,0.2240392707109934,1.4819705993491648,-0.07067461289196364,0.5304181673967506,-1.0326289518208127,0.908390361425878,0.5391363358091179,-1.0330457214142557,0.5715359103329656,0.12981028275634754,-0.9532460629720868,-0.719533351490292,False,True,False,True,False,True,False,True,False,False,1
1.4016912753990778,1.4893863906956115,0.8428239956877595,-0.9645446260781771,0.7382444859770769,0.5574337044354662,0.3971130543131128,0.1402654475959429,-1.0330457214142557,0.17725267622164237,-0.07458761366527378,0.36264697134314533,0.6282761877228729,False,False,True,False,False,False,True,False,True,False,1
0.3208447105174666,0.5366253015960035,1.6055885624373423,-0.047110801945088765,-0.6028438688893716,-1.6639845037106575,1.0307330441776914,0.07762351210612717,-1.0330457214142557,-1.1020796311706331,-0.11983851129422163,-0.6180573419153552,-1.0867682339883513,True,False,False,True,True,False,True,True,True,False,1
-0.8299234934600365,0.6381820918854794,-1.215005798240571,-0.4623529750360005,1.6165808727660376,1.4849059872983053,0.7565636821024931,-0.08056525025098005,-1.0330457214142557,0.6076278524980459,-1.6709936628414528,1.2253036819716094,-0.7854871324131842,True,False,False,False,True,False,True,True,False,True,1
-0.5170355846931242,-1.248405520789744,1.2558063300174318,-1.0738490966779586,0.11177057599800722,-1.2024967401708893,0.6051781238715901,1.298648167699003,-1.0330457214142557,-0.9218445204784156,0.04985913972976193,0.5564645958412823,1.3164843551827707,True,True,False,False,True,False,False,True,False,False,1
-1.404387869709513,-1.2507192800508462,-0.799134705513646,0.09545199230191492,0.08915495807405052,-0.1612727881184488,-0.6900822669222255,0.7048781878538581,-1.0330457214142557,-1.1840256228825663,0.07542432966420742,-0.7370834570466296,1.2334142161780088,False,False,True,True,True,False,False,True,False,False,1
-0.3418988499858119,0.34996169779867786,-1.4695880676994841,0.18034454811427048,0.08265355307860324,-0.5635930434155829,-0.10062970195521391,0.5699520359171469,-1.0330457214142557,0.7251343008250682,-0.6949002357383728,0.714154689956861,0.9517174048854393,False,True,True,False,False,True,True,True,True,False,1
-0.35142623990042565,0.8901711582917989,1.3671771992345476,0.34413783565469014,0.5917918087209265,-1.165105350123903,1.0680501102131923,1.0575352110283476,-1.0330457214142557,0.4355694323985937,0.7787475290294541,-0.9150233069950068,-0.8655064571346427,False,True,False,True,False,True,False,True,False,False,1
-0.7884731369987302,1.215377675189031,-1.1733108462886022,0.15131829319045698,-0.4592620484739054,1.5742517427698877,0.1826215201230239,-1.0810155586023136,-1.0330457214142557,-1.6492219227631608,-1.1210417920469289,-1.55637080169258,-0.751911493077819,False,True,True,False,False,False,True,True,True,False,1
0.21391064817395325,-0.04707543032501954,-0.22602761087321777,-0.36918270234919515,0.6897282337890284,1.358403834753488,0.9070693325859333,-0.6931659667596224,-1.0330457214142557,-1.4729652770997985,-0.671522432591677,-0.2650338280779936,1.41073409888094,True,False,False,True,True,False,True,True,True,False,1
-0.5646436194201808,0.42314967978065693,0.829343490002422,0.16516054272004954,0.1246023976063377,-0.9633791235744934,-0.9650021572599707,-0.6718769712346402,-1.0330457214142557,-0.405606344516629,-0.13013977673414479,1.2043322241036805,-0.6065085912544943,True,False,True,False,True,False,True,False,False,True,1
1.0881634145846335,-1.2742066984389533,1.5835057277630002,-0.26526779065153017,0.944905645488476,0.16165230062242875,1.4069488733862476,-0.7367267478886704,-1.0330457214142557,0.21328159195626864,-0.27480007096458803,0.18003285171966787,0.8767331681247715,False,True,False,False,True,False,False,False,True,True,1
-1.1528345957894843,-0.31960295624609725,-1.0115814056911185,-0.9019924886613052,1.3495711349118322,0.3489019815715776,-1.1084628568875419,-0.7258647252235406,-1.0330457214142557,0.9288609237094828,0.21025963975500053,-1.1788791732642663,1.2775715317951764,False,False,True,True,False,True,False,False,True,True,1
1.019156862314695,-0.3658395048109088,-1.496526706532134,-0.7936051840247844,-0.5028387916029761,0.9976533939445172,-0.007878963679158718,0.9877831880118975,-1.0330457214142557,0.18429877680203316,-1.0161080701069107,-1.237623387429187,1.236572437371781,False,True,False,False,True,True,False,False,True,False,1
-1.247834091779936,0.2055359361893263,-1.5320849673249721,-1.4079433365510567,1.1934433261273483,-1.0778517140902832,0.8708270051971703,-1.2837421585133586,-1.0330457214142557,-1.1334492167585986,0.8080230915246537,-0.9983187585513364,1.052473299951716,True,False,False,True,False,True,False,True,False,False,1
0.41744610453107744,-1.3778124425101008,-0.31656027286962707,-1.2486372292289052,0.6634990513965423,-1.5072883162961566,0.05470171966998705,0.6787068760418776,-1.0330457214142557,0.014860999999562353,-1.471672631676609,1.334938391673168,-0.8338118882611779,True,False,True,False,True,False,False,True,True,False,1
-0.21384078027313375,-0.6020580869905905,0.015945240296486918,-0.7359451724275469,1.2730581174236402,-0.7562671816802269,-0.8972549307567347,-0.25255775580168605,-1.0330457214142557,-0.3430616737288492,-0.5746010066566275,0.7530294395931254,-0.667036777456449,False,True,False,True,True,True,False,True,True,False,1
1.097302792949481,-1.0123049059964013,1.5860898151615364,-0.7665686686835245,0.8297910707352546,0.691909415725383,1.5260702779637583,-0.7345919978125719,-1.0330457214142557,-0.21910531949020312,-0.21124821623451134,-0.31740701363496315,0.5294184922504753,False,True,False,True,True,False,True,False,True,True,1
1.383620949311787,0.4743556857377509,-1.5344504490156565,-1.1992913806621077,-0.36043364064715744,-0.056269922871035716,-0.8002968785742625,1.0437601331218034,-1.0330457214142557,-0.13678093803249936,-1.3232752652427524,0.17662070798368862,0.9644047634023187,False,True,True,False,True,False,False,True,True,False,1
0.24518461482109538,1.4361962848951106,-0.346137834400323,0.3410393261624949,0.8692790154140396,-0.8042761167815595,0.22996498590930578,0.668175690254986,-1.0330457214142557,0.15898481187448754,0.37299775744699,-1.4878498039601091,-0.016553886202410273,True,False,True,False,False,False,True,True,False,False,1
-1.3021276908792985,-0.5215415988028618,1.5732143134687648,-0.49765557878915,0.49174589724847784,-0.841373086558181,0.7145936713327452,-0.025493129025599193,-1.0330457214142557,0.6150645675919919,-0.5369280877874274,-1.0054973645189533,-0.5844688923263002,False,True,False,True,False,True,False,True,True,False,1
0.8965782765067517,-1.6139761303651956,-0.22863049790976173,-0.28872783795873774,0.7780471909228006,-0.09717242443905127,0.7163976547425417,1.1340567371460022,-1.0330457214142557,-0.5257282346868348,0.0469372465735214,0.24396130755625356,1.1784701848549812,False,False,True,False,False,True,True,True,True,False,1
0.4131475069334565,-1.0954547570255606,1.2517118811092462,-0.8289586970311968,-1.4468220078984837,-0.5884563893444493,0.2826190336128008,0.952891297506552,-1.0330457214142557,-0.7590913692854104,-0.40778205401512824,0.7071357532807028,0.8998901743902379,True,True,False,False,True,False,False,True,True,False,1
0.8096478697586935,1.1798718104414516,0.6833512564034784,-0.2751495930064304,0.7753645681517406,0.06797359288899493,0.9284779525901572,0.7264242466646408,-1.0330457214142557,-1.0303513916764548,-1.28603043875722,0.9255402277014879,-0.38963761820142484,True,False,False,True,True,False,False,False,True,False,1
-0.7567670368469448,-0.5678026805703498,1.3803381337111875,-0.578157809734064,1.2117942107379716,1.3593128249434507,-0.5291834513429328,0.3326783776347916,-1.0330457214142557,-0.902097181591808,-0.2848585150420292,1.163193865747586,-0.9802979893245795,True,True,False,False,False,False,True,True,False,True,1
-0.3716423579423007,0.5435034713043818,-1.291794086424336,0.10241152080642821,0.3410483292906806,-0.4653012068948491,0.014989933809682263,0.5950042656330673,-1.0330457214142557,0.5928891890788646,-0.7390527992288639,0.8045178230970798,0.8454655440852974,True,False,True,False,False,False,True,True,False,True,1
-0.6308663285229753,0.37819850198193883,0.695729895449944,0.0876980266744602,0.2465888313552731,0.800663700683468,1.0821482028680671,0.610728115380712,-1.0330457214142557,-0.7455046935187097,-0.6377554280613499,0.1524441336090644,-1.121613235017927,True,True,False,False,False,True,True,False,False,True,1
-1.1270353929518238,-1.3716375220678219,-0.282034023751339,0.39706054391233486,1.1522174707256794,0.6437502830625483,1.3703654388618418,-0.2785815280142359,-1.0330457214142557,0.46654872722462504,0.00027786642686689067,-1.0564044113862918,0.5018106801372257,False,False,True,False,False,False,True,False,True,True,1
-0.7588670590327259,1.0935569755335524,-1.156953613639426,0.1863151085427932,-1.1699141293782536,1.2159263031985825,0.8820352822724028,-0.7816022834054838,-1.0330457214142557,-1.7162314624551689,-1.2638593095906296,-0.6988726410776444,-0.9172528434195224,False,True,True,False,False,False,True,True,True,False,1
-1.1262679243078635,0.022680220041247534,-0.7709528784914015,0.3636432230734454,1.3712945139431845,0.2186193344417412,-0.7188290810070541,-0.06264483094247075,-1.0330457214142557,0.26244391791003807,0.5620197436717546,0.44632595177270934,1.287227164809897,True,False,True,False,True,True,False,False,False,True,1
0.7777243378978624,1.2628718827532686,-0.28538103330483733,-0.31260615835465666,1.101011114859908,-0.9481032463572208,1.5406986463613503,-1.3892045256136445,-1.0330457214142557,-0.19940090735138552,-0.28318905275169093,-0.25267392348390927,0.3973669704492704,True,True,False,False,True,False,True,True,False,True,1
-0.02374364013926635,1.035375949103644,-1.3881930018007214,-1.491964596104956,-0.46797169486737206,1.2082352950086774,0.10757793059726659,-0.48305732441771826,-1.0330457214142557,-1.4381946833942165,0.07526789321494373,0.37502578735542946,0.8588463076875973,True,False,True,False,False,True,True,True,False,False,1
-0.355659273516015,0.6090987497435851,0.532972475011132,-0.21619154405246233,-0.38673407411966476,0.14155744044931612,0.6368770682948546,1.0393153211377864,-1.0330457214142557,0.015411464333718317,-1.0336690928966574,-0.38708217227834607,-1.1282539592454581,True,True,False,False,True,True,False,False,True,True,1
0.007637180447983638,-0.24304768224173076,0.5485329233644232,-0.29703012204511126,-0.4705931098405581,-0.6809881103327574,-1.4113357818287289,-0.7341383292297626,-1.0330457214142557,0.550094249405783,0.35808635860284954,1.464465730602955,1.5204683597869975,True,False,False,False,False,True,True,False,False,True,1
0.8254706937416949,-0.20593130155051032,-0.4374760626472244,-1.289668754607908,0.7686814939980434,-0.3263833518477307,-0.8109773419536276,-1.2038589255206817,-1.0330457214142557,-0.3983746276206406,0.6317755683352866,-0.7137765083822567,-1.2982899030918449,False,True,True,False,True,False,True,False,False,True,1
-1.2142847594093191,-1.312311905848949,0.24383871664011264,0.0080138175436128,-0.3366156206910724,-1.1566460907837468,-1.1260843447550248,-0.07199666527653653,-1.0330457214142557,-0.7038737718998431,-1.1229521873075312,-1.5879653073364868,0.16883996124570055,False,True,True,False,True,False,True,True,True,False,1
0.6706273460442148,-1.016972222298543,-0.40096330867357965,-0.7120367788719573,-0.2077691703181225,0.0019168223032114406,1.1621100605330854,0.43760881731132517,-1.0330457214142557,-0.7471374648170951,-0.49010127782488266,0.4755577967625406,-0.8168398074333834,False,True,False,False,True,False,False,True,False,True,1
0.7544340412739202,1.6381463845439632,-1.0466082615998396,-1.4102202222335485,-1.0493515406633256,0.11240610697227282,-0.5116431019271687,-0.6278703380726641,-1.0330457214142557,-0.13667221306954197,-1.0042990496597541,-0.06787995123377075,1.2673702091568568,True,False,True,False,False,True,False,True,False,False,1
0.30307318571734526,1.572011965966367,0.9862455930605627,0.17060629043201286,-0.4887864468637269,1.5828438722349276,-0.7015159102760348,1.418884924289099,-1.0330457214142557,0.12194659640859426,-0.31841319690387115,0.785701907313699,1.6432010210908559,False,True,True,False,False,False,True,False,True,False,1
-0.7740827412918067,0.6671644748385651,1.0933778171018267,0.10095418038600462,0.08481567033293587,-0.6108075771211425,-0.8594920866530025,-0.4195899001206727,-1.0330457214142557,-0.751935422829173,0.060634438189254354,1.50067096119627,-0.7620739936212242,False,False,True,False,True,True,False,True,False,True,1
-0.6349673148521107,0.895122581717617,0.706505454437433,-0.5206839567562362,-0.0016540840573855409,0.6455026335837428,-0.8634893659129664,0.11510449592931901,-1.0330457214142557,0.02350589012358842,0.6080718433008014,-1.3128039067758213,-0.8160520289894391,False,False,True,False,True,False,False,True,False,False,1
-1.2314986015239038,1.3574448203605394,-0.844612869932627,-0.10104869103827319,0.49685280081629235,1.267318885595663,0.4342928205251446,-1.082310090877642,-1.0330457214142557,-1.2933582338657097,-0.49292173387351657,-0.8864445770144356,-1.5193908668879565,True,False,True,False,True,False,False,True,True,False,1
1.16297612833871,-0.7618410063109561,-0.37542324814190436,-1.0484086396220058,0.052370142800505115,1.3905979837717721,-1.7012728594353121,-0.5342450664956443,-1.0330457214142557,0.8550697838030323,-0.8028601816272829,-0.9866846318892208,-0.9529028131267345,True,True,False,False,True,False,False,True,False,False,1
-0.12215099265663198,-0.03460654938408525,-1.5614956712764256,0.2072981757266377,0.3952757207118881,1.3772371091194988,1.048315613191516,1.0841828516732912,-1.0330457214142557,-1.0857753440209792,-1.200339520362991,-1.3815311270990414,-1.5336652030005578,False,True,True,False,False,False,True,True,False,False,1
-0.44694029352280995,-1.1855949348358392,0.9060503271202609,-1.315056035233043,-1.1465822643043704,-1.3903424448968231,-0.38103759206557686,0.9386132281486786,-1.0330457214142557,-1.0224214532138531,-0.11464540570009735,0.6122891881287846,1.4389411212505854,True,True,False,False,True,False,True,True,False,True,1
-0.20010785768360528,0.13743018880712926,-0.2655569684738201,-1.0030923801795497,0.6844472238653108,-0.5777350424160016,-0.06769586680771655,-1.4226430765076659,-1.0330457214142557,-0.7175129271172473,0.09595684707291885,-0.15109506639394665,-0.6859893286265293,False,True,True,False,True,False,True,False,False,True,1
1.0123669318755761,0.749140441199122,-0.8623551229604407,-0.045820305863008226,-0.9428721919937124,-1.4576254850997752,-0.2016082023595931,-0.04701704966599171,-1.0330457214142557,-1.6123490226320492,0.700599434412295,-0.4283828533685352,-1.12074003375148,True,False,False,False,False,True,False,False,True,True,1
0.7947125890595779,-1.4721225809352063,-0.057709881879490915,-0.33318000483435184,0.8090541825734898,-0.38505926123613754,0.5442380104136809,1.2578949195128555,-1.0330457214142557,-0.4240580872273553,0.07964512908183038,0.4571562062971773,0.9335444400147295,False,False,True,False,False,True,False,True,True,False,1
-0.48849179453043257,0.6649993842654207,0.7161230080694565,-0.7158945052214516,-0.6599680599581033,0.27433528860758727,1.0069763545149097,1.1450113661172021,-1.0330457214142557,0.44170713406158074,-0.8139230865667941,-1.1354606578994075,-1.1786375101092632,True,False,True,False,True,False,True,True,False,False,1
-0.6376259434495264,0.46913172559100824,0.8990855586571131,0.1413904658832082,0.13896585478950305,-0.883698769067677,-0.9578374749958665,-0.6017775751147288,-1.0330457214142557,-0.5111269577690082,-0.08578009645699802,1.3024647151310094,-0.6292871307367964,True,False,True,False,True,False,True,False,False,True,1
1.2587371785579733,-1.3636476149590206,-0.9576956902755631,-0.5093014557763509,-0.7481634960634653,-0.04077321993128963,0.9402253156178562,0.6484704225415932,-1.0330457214142557,-0.8858629793442783,-0.7936060501072997,0.3374424448246456,-0.5751597285363397,True,True,False,False,True,False,False,True,False,False,1
-0.7943039367213252,1.2320786666247154,-1.1709101125723984,0.13834673040684387,-0.36697753250501963,1.606941792188783,0.11579681404506714,-1.1182699428270697,-1.0330457214142557,-1.6415051002428136,-1.0932530592058154,-1.6483811303128464,-0.7427648363254357,True,False,True,False,True,False,True,True,False,False,1
0.26044962446626174,0.1875175815734138,0.09692169115596377,0.05991195949598302,0.28291713762966975,-0.35652457426670436,1.5122975498920026,0.66380207354093,-1.0330457214142557,-1.3171997617232958,-0.2159895736689592,1.1430791462770842,-0.7929249175851416,False,True,False,True,True,False,False,False,True,True,1
-0.12624501475400435,0.8673156217821906,1.4090515058091169,0.3857333111314688,0.33014970679728795,-1.3165451842592275,1.1161080217433024,0.9273315873801874,-1.0330457214142557,0.031108730910883953,0.566661779058982,-0.8651639919550901,-0.9326272469551772,True,True,False,False,False,True,True,True,False,False,1
-0.6531355640743537,0.15825861651138806,-0.025337606346374386,0.05543721166165555,-0.4454372140052146,0.6424234683058911,0.8954600944550326,1.1117981591599446,-1.0330457214142557,-0.5509013098627784,-0.8503340744543395,-0.03217881401183931,-0.4463835352389298,False,True,False,False,False,True,False,False,True,True,1
1.5431379070883833,0.8801667816659001,-1.4834941600622926,-1.3653510897251124,-0.5410613955940683,0.36320540408478796,-0.6145715149208346,0.5335213648805537,-1.0330457214142557,0.3422090187051615,-1.2616272636284351,0.1353415974247719,0.9612483779387401,False,True,True,False,True,True,False,True,False,False,1
-1.5251987757188026,-1.5567597772280024,0.6661029159956768,-0.37815608701009024,0.357062360555203,-0.4121565502323501,-0.3546046679528797,-0.7276862096954249,-1.0330457214142557,-1.1604203102921802,-0.7187483334251895,-1.4570247186698753,-0.6886329604390224,False,True,False,False,False,True,True,False,True,False,1
-1.083366654558706,-1.3033942561992964,0.19015319042088802,0.23117498172096068,-0.18456783311618932,-0.9654278423614943,-1.247069166708818,0.4115310109722772,-1.0330457214142557,-0.8242971810589067,-1.0593265369170155,-1.53869746551305,0.45033857143269374,False,True,True,False,True,False,True,True,True,False,1
-1.4888945741367456,-1.3632223535453227,-0.48345039833733655,0.4457879708352343,1.2453774208708188,0.4045286955850113,1.5208322549280688,-0.7067237404900991,-1.0330457214142557,0.5720987588717349,-0.15755029797145603,-1.1236834410893441,0.04793326045001812,False,False,True,False,False,False,True,False,True,True,1
0.8779867051368943,1.36612089828538,-1.527498483007018,-1.440697934150193,0.04597493486400227,0.7735748995189867,-0.732414067596243,0.3869900718551297,-1.0330457214142557,0.2957725828728285,-0.8386942322729056,-0.8026819833613877,-1.509160149393192,False,True,False,True,True,True,False,False,True,True,1
0.6093059047028088,-0.016684990671741853,-1.0022824336475262,0.41505717585915053,-0.6098576798025013,-1.6627052677455294,-1.2955739948352123,0.12293592011145368,-1.0330457214142557,-1.5426704772553566,0.7305674689401793,0.055906823027672164,-0.88671058240987,True,False,False,False,False,True,False,False,True,True,1
0.0635652699742715,0.822062717515437,0.7595822827822303,-0.5496016242732055,1.735162857300636,-0.22149783061320533,-1.270150319477898,0.42900821503336456,-1.0330457214142557,0.8534902451352556,-1.2655417678798198,1.1871148260107833,0.7090201116311361,False,False,False,True,False,True,False,False,False,True,1
0.17192277638122988,0.8756019619451737,0.28982474527364677,-0.2568513266991644,-0.819608338693426,0.4356733257258615,1.310023886175564,1.128292184833022,-1.0330457214142557,0.6574548927351039,-1.3159763623528646,-1.1607106168795651,-1.3879190231997713,True,True,False,False,False,True,True,True,False,False,1
-0.5162104317526948,0.11423585976815165,-0.38672276981734877,-1.3240853269965427,1.4328266187195986,-0.0028192836528213583,0.02478647555807756,-0.21434513831957686,-1.0330457214142557,0.1280869254763809,0.306528919582859,-1.1929713517213751,1.1314067035274185,False,True,False,True,False,True,False,False,True,False,1
0.3590925960185839,0.847976647388555,-1.2539221456171057,0.0907618873033107,-0.3072500808391908,0.6064127282359546,0.11082127288750321,-0.9750426271636075,-1.0330457214142557,-1.5743675518415614,0.32980070072719103,-0.5761165647974782,1.0956332267803397,True,True,False,False,True,False,False,False,True,True,1
-0.15916151323517685,-1.0653160521873206,1.1646185901354105,-0.586492862644216,-1.286893657226606,-1.6266386013857759,1.1470064204810044,-0.9893082359061527,-1.0330457214142557,-1.2791969399091023,0.32816938376963545,0.499669312676878,-1.4779471688748136,True,False,True,False,False,False,True,True,False,False,1
-1.1574058008426735,0.9170539651689316,0.8626594829468,-0.5812360632012565,0.8462340781381951,-0.4575266632725956,1.5822359827967554,-0.7730552603932161,-1.0330457214142557,-0.7556345463737132,-0.6305072012181336,-1.0344308546129657,1.0758092955602963,False,True,False,False,False,True,False,False,True,False,1
-0.5612037408994679,0.7247101827158013,-1.273101139209922,0.20196065828292595,-0.8942922258037055,1.1678134920404337,1.1193082543174226,-0.14530553787119582,-1.0330457214142557,-1.546365716577139,-1.2832661448901277,-0.6721196628545635,-1.1452987951950846,False,True,False,False,False,False,True,True,True,False,1
0.679145855910189,1.5510313465889118,0.15869612961983726,0.3336979967646008,-1.1111428879454064,0.32374950414687986,-1.110903636190854,0.781467303449874,-1.0330457214142557,0.4184743001586586,-0.34665294596754437,1.2860480118201174,1.3301482552489192,True,True,False,False,False,False,True,False,True,True,1
-0.5423132973166616,-0.031356369192738084,-0.20420383680421894,-1.5528647943891185,-0.9111789258001034,0.9860773827807235,0.5438350030906951,0.4004251379081182,-1.0330457214142557,-1.5124406284275471,0.8496698583692159,-0.10115408600289882,0.2576400703742126,False,True,True,False,True,False,True,True,False,False,1
0.18211608881944488,-0.6721637689242721,-0.3201459595029997,-0.12960930767147233,-0.14086017973184062,-0.3813390758923395,1.5498504603777175,0.5561250262819972,-1.0330457214142557,-1.1297054445929495,0.059856654674736276,0.887250094298464,-0.9741571158065869,False,True,False,False,True,False,False,True,False,True,1
-0.5571408294002379,-0.47856485554239625,0.11507907048438049,-1.1893932864563168,0.17441610023872167,-1.3619862253080894,1.7628787475849967,1.3947778220368894,-1.0330457214142557,-0.3054404657073946,0.2533935428608917,1.3289719239107802,-1.5294440643948226,True,True,False,False,True,False,False,False,True,True,1
-1.1172403087368064,0.00619363175307619,-0.7719772244580847,0.3655902749073916,1.3657616783749078,0.22191089285536755,-0.7108355762826201,-0.043302012619919616,-1.0330457214142557,0.2566447896990531,0.5649035751351085,0.46657756325045835,1.2862780798198759,True,False,True,False,True,True,False,False,False,True,1
-0.14915594727877599,-1.14484837911121,-0.07344216817976056,-0.4910800028996055,0.7395962283985552,0.14232886475196893,-0.3813490721525961,-1.46753821149114,-1.0330457214142557,0.2859707875945471,0.5576883480759789,-0.6091739124675948,-0.6918865200541531,False,True,True,False,True,False,True,False,False,True,1
-0.8692248512945758,0.14847206928286064,0.6257045567760282,-1.4736760722783038,-1.0709259097280412,0.9011987123666549,0.8586569272375085,0.8684832060628557,-1.0330457214142557,-1.2280238681628581,0.5475415116406926,-0.5372349365904752,0.3891581528071811,False,True,True,False,True,False,False,True,False,False,1
1.3636680171939006,1.6047757843809431,-0.40652878790072355,-0.7216707716258641,-1.3215838458969376,-1.2412669235629428,1.056543236130301,-0.3187067768457837,-1.0330457214142557,-1.608613138136795,0.6857911721295851,-0.9267766454706181,-1.3839517391658125,True,False,False,True,True,True,False,False,True,False,1
-0.41388583755052255,-1.354669987813963,-0.16829333202288882,-0.30454952243169664,0.5533162933690845,0.35419518418228035,-0.6913766054597943,-1.423731868874812,-1.0330457214142557,0.7672459516020513,0.6810786627649983,-0.995016904376215,-0.8894434017290067,False,True,True,False,True,False,False,False,False,True,1
-0.32544195356493566,1.1756266601496015,-0.29682231929080927,-1.4577621025221057,0.7995924249597628,0.6325722363382624,0.4012086434703178,0.1715429517344001,-1.0330457214142557,-0.8831767187815349,-0.11740315784843922,1.1732709141437987,-1.404730636639685,False,False,True,False,False,False,True,True,False,True,1
-0.5453980911264615,-1.294872126998946,-0.06764571427843172,0.24368998953359886,1.3517127195793601,1.5586649216038928,0.3887406854781519,-0.5454342909682898,-1.0330457214142557,0.6445543240109535,0.676670344493568,-0.6597103024496367,0.8124586662324976,False,False,True,False,False,True,True,False,True,False,1
-1.0988003340922556,0.5818854137572675,0.7420905614923712,-0.6313340528576278,0.7824399021158496,-1.1617976148333538,1.5094142693828028,-1.0456777220846496,-1.0330457214142557,-0.18700464570688743,-0.8631602909403622,-1.078891876971151,0.7458242471948923,False,True,False,True,False,True,False,True,True,False,1
-0.46114146846914394,-1.1277242584277514,-0.803473208557982,-0.12446232951204295,0.24640293742011155,-1.505939619016739,-1.109249796174978,0.00888562994723327,-1.0330457214142557,-0.7064594748561757,-0.6745714531478759,1.2639469987865324,-0.9710882147938185,False,True,False,False,True,False,True,False,True,True,1
-1.0364875234462327,-1.3737432461197796,-0.23163368972476628,0.3848675005303482,1.1289060958939912,0.7036105994842752,1.3327141912647165,-0.17144768368795882,-1.0330457214142557,0.44013698755120384,0.03977114109644936,-1.039569208305175,0.6153842344541175,False,False,True,False,False,False,True,False,True,True,1
-1.6229144806142608,-0.8654159671718225,-1.4422082904533462,-0.2032483863361621,0.544843123704894,-0.8545686549459239,-0.3627886418496807,-0.3562705945243211,-1.0330457214142557,-0.2181305423411266,0.009105953861674121,0.5641439417448655,1.5855381211806874,True,False,False,True,True,True,False,True,False,True,1
1.2196095762132442,-1.1260713463992833,0.3066252017236035,-1.0853430471395824,-1.2559592354901354,-0.7769775936241037,-0.7073391030080142,1.5471669671562593,-1.0330457214142557,-0.20633689931395688,-0.3020296547229595,0.11417384604910619,1.168307441724239,False,True,False,False,False,False,True,True,False,True,1
-0.07864717764771562,-0.0039404421479869445,-1.3083167920365355,-1.4025847090380321,-0.25280810010905996,0.4679352150807208,-0.11391847204633956,-0.4726940343957926,-1.0330457214142557,-1.2383763107408576,0.8010783286939419,0.3199743602869186,-0.38811370573614307,False,False,True,False,False,False,True,True,False,True,1
0.2827429476894385,1.3962399746262726,-0.30066821179746794,0.372708546188157,0.8907452779183738,-0.763779533280436,0.24892212722666446,0.8708196576021917,-1.0330457214142557,0.10634448659993456,0.35289915870198996,-1.4315039239674991,-0.06063421443046735,False,False,True,False,False,False,True,True,False,False,1
0.6147548158345012,1.115021536773694,-0.38217041825657694,-0.8193687782480654,1.0013348689205672,1.2847180196677885,-0.15283263847198306,1.5702920315690936,-1.0330457214142557,0.26101245727488787,-0.4405689843698864,0.23099045334615054,-1.3462937610540466,False,False,False,True,False,True,False,False,True,True,1
-0.42051588937350504,0.006024275562669379,-0.3117012010252507,0.25345334760362526,-0.3743975810021307,-0.6329129245309266,1.681734647078179,0.42501641268146373,-1.0330457214142557,-1.3578556600582417,0.12019172218021668,1.268232585923491,-1.1306738166772525,True,True,False,False,True,False,False,False,True,True,1
1.3798906578789751,1.1643402510779817,0.3213689400735874,-0.18391725669058023,1.1159738947610909,0.07940064823432466,-0.4510778804560378,-0.40000165346803596,-1.0330457214142557,-0.4599119960420025,-0.22138112984118452,-0.9268400277960334,-1.2737660078229502,False,False,True,False,False,True,False,True,False,True,1
1.232287384868326,0.6103718430403864,0.5363234959492831,-0.4647555852481632,0.21396407268771234,0.2579185781096161,-1.0276403227396647,-0.7501995583769762,-1.0330457214142557,-0.09812268915987701,-0.9439272564799213,-1.1229147625854492,-0.7764888978447265,False,False,True,False,False,True,False,True,False,False,1
1.159730013101001,1.4046130660012695,0.13199704640902638,-0.08694788221327618,1.2952316545203308,-0.05392158388983628,-0.6737328039080868,-0.7405860048617449,-1.0330457214142557,-0.120073325167917,-1.0495526524202607,-0.05549906310550068,-1.241144135712112,False,False,True,True,False,True,False,True,False,True,1
-1.5279393328931459,-1.0728047418131723,-1.1292922914654013,-0.14905637401208438,0.2918738538513906,0.4710737184862127,-0.6052849792939722,0.8846555802767655,-1.0330457214142557,-1.3790834830396628,0.3879581315097124,-0.22385334970052478,1.5754868673438256,False,True,False,True,True,False,True,True,False,True,1
0.48897087239365444,-1.313587982434537,0.9605014510899359,-1.0357031855973355,-1.0548331496140035,-0.7691849677984436,-0.6694394687703659,1.431158916190171,-1.0330457214142557,0.40709995030704493,-0.22259100632335288,-0.04313715837016652,1.4240965080088561,False,True,False,False,False,True,True,False,False,True,1
0.3599317313139315,-0.7346827516338348,-0.5956625038983334,-1.0320162371034094,-0.19165893369034112,-0.5315538925812868,1.4769537624303108,0.9840890441135949,-1.0330457214142557,0.7970490088068605,-1.000396602652464,0.7089548377754152,-1.3521019147876463,True,False,True,False,True,True,False,False,True,False,1
-0.78353618939167,1.2167580905947193,-1.123267402170458,0.11930840720903005,-0.48964844467810575,1.5735700380698159,-0.0011467831400241435,-0.9889266684202787,-1.0330457214142557,-1.572693588152374,-0.9721409276817731,-1.6376254819703744,-0.7947533004124259,False,False,True,False,False,True,True,True,True,False,1
1.6123627679955481,1.0757799494375044,0.6075340301737748,-0.9986198799675468,1.255164134977648,1.4357839616260408,1.0631723113668696,0.31866957074374147,-1.0330457214142557,0.657251906901764,-0.6566437748775092,-0.06689189540919471,0.8728829499327455,False,False,True,True,False,False,True,False,True,False,1
1.190433801554639,-1.1433675637237213,-0.8379756563750194,-1.6853836813484548,-1.5056169257783028,-0.40927400925376967,-0.8288021572106737,1.6302535337058335,-1.0330457214142557,-1.181300915639726,-0.16429216373775626,-0.8438638764809812,0.7625724291095196,False,True,False,False,False,False,True,True,False,True,1
-0.8489221965819006,-0.4072046230247569,-0.33762076352041304,-0.39724921911348265,0.8975237797975675,-0.23417927387847653,0.6544398468450117,-1.1871361539589826,-1.0330457214142557,-0.24786434281116265,-0.07720235177413887,-0.4643255289857696,-0.34005705826176214,False,False,True,False,False,False,True,False,False,True,1
1.0808993075228819,1.391013005462301,1.1684988023906633,-0.34268232381920155,0.3799356869768872,1.6712467775223632,0.05022611996072246,0.6654723375599638,-1.0330457214142557,0.389193690595196,-0.4710788512600145,0.6130566629046759,1.4959040182120162,False,True,True,False,False,False,True,False,True,False,1
-1.358769391996438,-0.39264563795092644,-1.3334760067009084,-1.346248061690632,0.6189500391205386,-1.2584908120873035,1.516677161537662,-1.1692039811882309,-1.0330457214142557,-0.9571466643592532,0.4230006455252712,-0.225083566823579,0.06877460576466571,False,False,False,True,False,True,True,True,False,False,1
-0.9066975791359693,0.6746348957806397,0.7564330649459099,-1.0104252015581614,-0.5330022144913166,-0.1303283862887054,0.4587706368459466,1.045756527089188,-1.0330457214142557,0.30040052007474655,-0.3176922223551526,-1.0372269026216785,-0.5229768844715666,False,False,True,True,True,True,False,True,False,False,1
1.189006607193974,-1.0947916894210734,1.0060195475813343,-0.7210013075737367,-1.2786531702766397,-0.6974885935628445,-0.2821550409263517,1.368678741049517,-1.0330457214142557,0.03370399164442173,-0.43302768045311246,0.6107633447191212,1.1322476730180264,False,True,False,False,True,False,True,False,True,True,1
0.08732070577421105,-0.10029529040846175,1.4188049257833917,-1.1079494762750604,-1.2116403102726667,-1.5552271534150675,0.7496729365182806,-0.9077305008166067,-1.0330457214142557,-1.167758133341386,0.7161941646558994,0.20029288211478274,-1.3392467639750556,False,False,True,True,True,False,True,True,True,False,1
-0.1847608356688207,-0.9687652086880765,-0.31719934272977335,-0.6654766224871815,1.363249752332137,-1.1010845798930338,-0.8750841578834198,-0.19956669040002395,-1.0330457214142557,-0.717542319676788,-0.838247789621205,0.887776778467054,-0.7843208170896833,False,True,False,True,True,True,False,True,True,False,1
-0.6843068795283664,-0.9187830639434358,0.012619609826876932,0.31988391093142077,0.35547226077922334,0.1819233028541747,0.34143147683891395,-1.0335278221068136,-1.0330457214142557,0.9592010393721699,0.7810412630306057,0.003721587574418983,-1.244169232791803,False,False,True,False,False,False,True,False,True,True,1
-1.1201900434405374,-0.7280455196360893,0.8955764271762148,0.051601544550740674,-0.38287122389032197,-1.322672233591842,-0.004435065184780318,0.14293468059335676,-1.0330457214142557,0.6948054615821434,-0.7820708806816267,-1.4677110554212118,0.040768018745644286,False,False,False,True,True,True,False,True,False,True,1
0.18919226916775406,1.3743826851586431,-1.4144934294372853,-0.2792515324347683,-0.5216537688529956,-1.2511953315644675,-0.476460193978241,-1.3366550680287703,-1.0330457214142557,-0.11237709091461723,0.26518969574034745,-1.1269228547361834,0.6557509007106508,True,True,False,False,False,False,True,True,False,False,1
1.4267824979161614,0.3731974159177266,0.12111657982180035,-1.5012015048234275,1.247790974000972,1.1231626272698934,1.762137660130616,0.29133631105022073,-1.0330457214142557,0.23859443502041433,-0.5893848984519203,-0.9853992592546146,0.006176692251149363,False,False,False,True,False,False,True,False,True,False,1
-0.7492138986611555,-0.11220469632672864,-0.5618728972465461,0.19539539240770407,-0.4638780820724869,0.6596335353312867,0.5465772092431367,0.955923609090936,-1.0330457214142557,-0.6121928263464458,-1.049880565463573,0.022099672162255474,0.44300090804173475,False,True,False,False,False,True,False,False,True,True,1
-1.4300906797217023,-0.18127463968879381,1.6497354330342955,-0.9674268740823464,-1.0003805247899584,-0.8901156496312231,-0.702630454037702,-0.9582319650771632,-1.0330457214142557,-0.07102474415668408,0.3526607764833637,-0.8312612041849015,-1.1584504619758202,False,False,True,True,True,True,False,True,False,True,1
-0.13067187386533358,-1.5948941519250994,-0.03047802236357998,-0.23459550970359055,0.8803784758334546,0.6411571756577417,-0.45053971797133663,-1.380543089187582,-1.0330457214142557,0.7047096137872877,0.7823809107214692,-0.784142447675634,-0.5243864128216802,False,True,True,False,True,True,False,False,True,True,1
-1.334962811530985,-1.0578181023030848,0.583306925753974,-0.19606751107911824,-0.7796642869262087,-1.4812775818877428,-0.9466464901876024,-0.8593669708180218,-1.0330457214142557,-0.7805266188842225,-1.0017723967050292,-1.4664385388050007,-0.128307304011756,False,True,False,True,False,False,True,False,True,False,1
-1.0020949507718766,-0.20559468160325556,1.3564262130268678,0.3759977689126223,-1.3538322184190488,-1.4853470958576758,-0.9842709480210529,-0.6912432711955666,-1.0330457214142557,-1.555101591212127,-0.2825783482165105,-0.8430491111886487,0.45786005127483026,False,False,False,True,True,False,True,False,True,True,1
-1.0593529719594525,-0.8208993552937442,0.6420905547555157,0.25058787464610266,-0.6878829372828018,-1.4763512270513561,-0.27253588098157233,0.19446482437642784,-1.0330457214142557,0.6882396452156879,-0.866916077794902,-1.638162492145459,0.25921519569629414,False,False,False,True,True,True,False,True,False,True,1
-0.4647521712998919,0.9487082301829136,0.67003991265125,-0.230118447695502,0.5951875375619029,0.5621708874730584,-1.132335788818828,0.030243091671302957,-1.0330457214142557,0.08284358209976726,-0.10662450861069761,-1.4328117296721776,-0.713839182645263,False,False,True,False,True,False,False,True,False,False,1
-0.9229393197584429,-1.0444176871391486,-0.13386602517899754,0.35699140111879396,0.6102963547060251,0.23787559111197187,0.6799538410086416,-0.9536683916334423,-1.0330457214142557,0.8526893046657286,0.5105079869047813,-0.31760465687027256,-0.8916594286684231,False,False,True,False,False,False,True,False,True,True,1
-1.3920400696035176,-1.2710530820715071,-1.453287426758884,-1.27421133048209,0.5445472859002247,-0.918591907400921,1.4312523630411844,-0.9888464138095445,-1.0330457214142557,-0.6886317261459582,0.6046353193748591,-0.03346634283472119,0.24761399468767065,False,False,False,True,False,True,False,True,False,False,1
-1.188168414789011,-0.6242921277025425,1.1788174896978325,-0.17074260041189354,-0.04205601017519811,-1.1509537824645784,0.29513650148291326,0.08535572150728439,-1.0330457214142557,0.7021419998522929,-0.6872662134600311,-1.2772513442544062,-0.20332136546138457,False,False,False,True,True,True,False,True,False,True,1
-0.7772835676803134,1.1693357386387644,-1.1671286566451244,0.16454528299162086,-0.7278518539080221,1.438823222003331,0.44696382114687766,-0.9678527951482621,-1.0330457214142557,-1.6745480699900888,-1.1750194419833528,-1.2322807577619572,-0.8144019892176165,False,True,True,False,False,False,True,True,True,False,1
1.4183128230695918,0.2524845190042586,0.7684178273707026,-0.7096306987295391,-0.11855154963157433,0.2618674817875266,-1.7131628866365123,-1.3553057160738848,-1.0330457214142557,0.8070997828936062,-1.0563179055859675,-0.782145338342829,-0.8743318829421757,False,True,True,False,True,False,False,True,False,False,1
0.17028059338352364,-1.118555534192325,1.1703679799312077,-0.9565786171994153,-1.374847559756903,-0.7906081717757768,0.12915629186383693,0.9371068907731762,-1.0330457214142557,-0.8496455864018466,-0.3319846184665994,0.6856603344871242,1.0311426392395906,True,True,False,False,True,False,False,True,True,False,1
-0.04684318473189035,-0.4211142313407653,-1.4487725950098056,-0.889714516042759,-0.3093796256595452,0.4091341075543764,-0.08562026675711493,-0.8713618514124308,-1.0330457214142557,-1.4535876254193851,0.9816807786547055,0.7050100724893793,-0.8298123168527424,False,False,True,True,False,True,True,True,False,False,1
1.2155966496279786,-1.128450321803979,0.1491932477574046,-1.167874498024167,-1.2902979289540255,-0.7264025015662844,-0.7240455084091006,1.5585949513550226,-1.0330457214142557,-0.3404364756430125,-0.28308481278371483,-0.0175976353053513,1.112501389005963,False,True,False,False,False,False,True,True,False,True,1
-0.12712681677410542,0.026935001890598387,-1.1515136095189054,-1.3358797118428425,-0.11904427879439639,0.30832198261526067,-0.08486244972342058,-0.6174089639606349,-1.0330457214142557,-1.1722223468839552,0.6824396676257181,0.26837945889853465,-0.4130319303882186,False,False,True,False,False,False,True,True,False,True,1
1.628199756543011,1.173532031991018,0.9742312715462128,-0.8474465139243312,1.1237060779514954,1.5942526125436487,0.8140828940807193,0.21437994213694514,-1.0330457214142557,0.6174415112326902,-0.6167262978976598,0.22717924960748942,1.1464967897841851,False,False,True,True,False,False,True,False,True,False,1
0.7429915090139159,1.535959721001713,0.2691573675719331,-1.249071835397606,0.6308144319685933,-0.055919771374003835,0.3012270423038924,0.16603499586652642,-1.0330457214142557,-0.35601801036802605,0.16914256006827738,0.5523893985434726,-0.41497373396764337,False,False,True,False,False,False,True,False,True,True,1
-0.531774137632362,1.1391069965017824,-0.9152921084319269,-0.9281945095293733,1.245561187081693,-0.8519368948858539,0.9506237433484246,-1.5765665162606084,-1.0330457214142557,-0.7513392202182483,0.3941939509560303,-1.151423214640405,0.957943168348116,True,False,False,False,True,True,False,True,False,False,1
-0.8075160586431747,0.714395505314395,-1.1160011425244964,-0.4409119947324085,1.6023347205264717,1.3582507777817598,0.7490243556801176,0.011206841358245567,-1.0330457214142557,0.5053430088698412,-1.605879682784081,1.2119396403727154,-0.6692171324908391,True,False,False,False,True,False,True,True,False,True,1
0.8933279572265818,1.4346605745940333,1.1245487734426411,-0.21890371087762256,0.17044492919862697,1.649928578184458,-0.13105509923860292,0.8471564084098537,-1.0330457214142557,0.32474754136716094,-0.43426380721780733,0.6546897486396537,1.531424421744426,False,True,True,False,False,False,True,False,True,False,1
1.2286389320726072,-1.115861310139266,0.847587992527072,-0.8019776471424012,-1.1551886532070215,-0.9208684030978729,-0.6154402401615564,1.4953462629711467,-1.0330457214142557,0.21949387195545478,-0.37173028903317384,0.5582349103221498,1.332157043590253,False,True,False,False,True,False,True,False,True,True,1
0.7594348863346739,1.1674499035173427,0.2778822555454889,-0.23171772069076793,1.3109769808714011,-0.1633111783874049,0.03992787069837733,0.32880887105665596,-1.0330457214142557,-0.44784042428043436,-1.3661015552240385,0.9924005724372981,-0.7742776792060095,False,False,False,True,True,True,False,False,True,True,1
-1.4724496563160154,1.3260826562476036,-0.812610400363412,0.20475209592688118,0.7253513192537583,1.5134274540952766,-0.1689393710575791,-0.9275203593533932,-1.0330457214142557,-0.9847738616607582,-0.6128302983737315,-0.7229724218123923,-1.5976724501207717,True,False,True,False,True,False,False,True,True,False,1
-1.5119537258900269,-1.6456124765734783,1.0222157602666955,-0.2844485951439566,0.9876580168394076,0.5249334764627284,-0.10786521315308817,-0.5176977633244262,-1.0330457214142557,-1.439382217690182,-0.5174754137365687,-1.0581137325567602,-0.981333049759205,False,True,False,True,False,True,False,True,True,False,1
0.10056464969551115,1.355427687196657,-1.3870680498758883,-0.8934830379573051,-0.5137835522983091,1.03252432530039,0.07731957320963151,-0.7521664096428367,-1.0330457214142557,-1.4848576188017135,0.06781427794251624,0.0038380431770078105,1.1746287291641346,True,True,False,False,True,True,False,True,False,True,1
-0.5589384019144277,-0.5341428052249861,0.8021377414430997,-0.47538637042590715,0.9576703924646187,0.1716594364012986,-0.932895998602215,-0.248707411958707,-1.0330457214142557,-0.0686750652537063,-0.6416256609265503,0.3943922243914034,-0.6890345153350632,False,False,False,True,False,True,False,True,False,False,1
0.42788433006746884,-1.3628652882565133,-0.33381687958593426,-1.2363853319059854,0.6346430206083685,-1.4682494790004232,0.0909483485786514,0.6800508397464313,-1.0330457214142557,0.04625550604852531,-1.4728075553450606,1.3097706705005048,-0.8447449834651135,False,False,True,False,True,True,False,True,True,False,1
1.4080716461932536,1.4833130170983213,0.8549496058007058,-0.9578769486276627,0.7453696813011303,0.5886650700447762,0.4023020992484718,0.1397736260214522,-1.0330457214142557,0.18798880122341127,-0.08802501328700996,0.365983520368076,0.6484670736254824,False,False,True,False,False,False,True,False,True,False,1
0.21131376189314616,1.1581803329462739,0.8071730483464035,0.16922335286886886,1.0315927701109964,0.34962402567641304,-0.5807044454787793,-0.868549742280368,-1.0330457214142557,0.428174532220459,-1.5718834176026957,-1.3004354702943905,-0.6772370892229851,False,False,True,False,True,False,False,True,False,False,1
0.6603431943888676,1.1583888694618074,-0.6109355842402647,-0.5320567654586845,1.1577855147610612,-0.9631967707093843,1.3383582745366338,-0.1828923351876396,-1.0330457214142557,-0.30176071152063727,-0.6214293479055402,0.7510471355041405,0.3629837985866261,True,True,False,False,False,False,True,False,False,True,1
-0.14996145966370228,-0.5236522679916639,-0.11920846822657416,0.1602499671039056,-0.23029161364624895,-0.7407252036587659,1.7380048262497643,0.45052128595817353,-1.0330457214142557,-1.3752243359250556,0.42326781741780095,1.104050727163951,-1.1254107513902374,False,True,True,False,True,False,True,True,False,True,1
0.3947760806975149,-0.9133426832619943,-0.22569705242354846,-1.1895302884840735,0.798730321723774,-1.0366560364203954,0.800305962917984,-0.7554653702533707,-1.0330457214142557,-0.2485964012809605,0.37982750433846696,1.375220770000695,0.7297547965756602,True,False,False,False,True,False,True,True,False,True,1
-1.4129569427321413,0.39152323285150353,-0.8348823237213812,-0.19699218297799098,1.5319535970343112,0.16950414734556568,-1.1176228691485948,-0.9169488366213217,-1.0330457214142557,0.7036876230992738,0.3345345087896732,-0.8166344872341331,1.3124386828142902,False,False,True,True,False,True,False,False,True,True,1
-1.4255095277683587,0.8289372599957262,0.3300948289437771,-0.3404652326234539,-1.107866306528422,1.0223885984887808,1.1202982063194618,-0.20737589880659144,-1.0330457214142557,0.32676156396022404,0.4030630818942199,1.6019789987422401,-0.10817595000855551,False,True,False,True,False,False,True,False,True,True,1
-0.2237640077349437,-1.0800478509301696,0.999054651666079,-0.696313176231072,-1.1759027507461397,-1.5279606694743417,1.046187741717901,-1.142989093147748,-1.0330457214142557,-1.2478895236682859,0.35861996591312184,0.5569073189441341,-1.4291816568254978,False,False,True,False,False,False,True,True,False,True,1
-0.017742768460916374,0.7104588612802861,-1.4368054592211046,-1.4960859470589563,-0.4654971299855382,1.0607509534797845,0.02794229037287027,-0.4130610949436271,-1.0330457214142557,-1.409052053716765,0.34705148148829035,0.3824225772380746,0.49765833063428044,True,False,True,False,False,True,True,True,False,False,1
0.025052035747098356,-0.9007771090030368,0.5200101967468009,-0.6448705296446725,0.9175880146028402,-1.4909111132049853,-0.1268488089673961,1.364578093108098,-1.0330457214142557,0.2403879188224165,-0.2441049179678927,1.2208546850498736,-0.4464439164068156,False,False,True,False,True,True,False,True,True,False,1
-1.4718164737581212,-0.8614372792817411,-0.9414667249333222,-0.3698244972973719,0.4095934021054627,0.8369479040176645,-0.8682527450790176,0.9976360997443245,-1.0330457214142557,-1.426086185708321,0.08170201792610876,-0.03723313323994831,1.56653733042861,False,True,False,True,True,False,True,True,False,True,1
1.29771000357687,-1.3394927803401175,-1.310992777430653,0.12663349312346917,-1.1006574717748216,-0.39075308815910875,1.0941842157608965,0.9059188880554803,-1.0330457214142557,-1.3077738539570072,-0.5667737056051879,0.5745006306768173,-0.52313419206177,True,True,False,False,True,False,False,True,False,False,1
-0.4248468240676483,1.3900194479912926,-0.5486816104004644,-0.3229386322437337,0.5859283750862438,0.40421078766736873,1.253345269798833,-1.4523817380385704,-1.0330457214142557,-1.088171573249305,-0.3064569830510088,-0.9377399199511631,-0.7383920605137562,True,False,False,False,True,False,False,True,False,False,1
-1.0904746031502437,0.6077576497696288,0.7207200112429281,-0.6328808828850689,0.7905946291898225,-1.1662529747040755,1.5266257219457737,-1.0711998941883056,-1.0330457214142557,-0.2073010503394555,-0.8686938992307414,-1.0798766285378654,0.7746500711242229,True,True,False,False,True,True,False,True,True,False,1
1.4108688317119953,0.46347132284040016,-1.395867598035475,-1.383828313559075,-0.5631173785836505,0.4612394328651378,-0.677638972502074,0.7501789902775016,-1.0330457214142557,0.34243532402324206,-1.2856430160404944,0.3828593124846582,0.9342988263210059,False,True,False,False,True,False,True,True,False,False,1
1.6356662577402064,1.2196181953564056,1.1471142273878494,-0.7761743705390574,1.06172890740388,1.6689641884375266,0.6966472827078947,0.16521158954806578,-1.0330457214142557,0.5986725157236558,-0.5979068178705172,0.3658219309321168,1.2754946770212299,False,False,True,True,False,False,True,False,True,False,1
-1.1850808265658088,1.0539527484434585,0.9242529046825217,-0.5579207881432741,0.8711352401507854,-0.14516367175859224,1.6066040844206335,-0.6427444261896671,-1.0330457214142557,-0.996705426835277,-0.5250332887620948,-1.014022886780514,1.2078143836360233,False,True,False,False,False,True,False,False,True,False,1
-1.0740919660832438,-0.5348706825320916,-1.065070660053578,-1.1154058253687635,1.2943614428241752,0.40320818554287446,-1.1056899945708116,-0.6680209236302141,-1.0330457214142557,0.9970239940418842,0.17263991923038913,-1.2885356464984254,1.2670167632646014,False,False,True,True,False,True,False,False,True,True,1
-0.007258409550482792,1.1997721242863746,0.6024010338957069,0.3974126188856497,0.7478110609401417,-0.9931643421342994,0.7083968883853138,1.02210820740881,-1.0330457214142557,0.2604279840740408,0.6550773387850024,-1.1843137470665697,-0.5211140624732985,False,True,True,False,False,True,True,True,False,False,1
1.146127870821227,1.6486800887571296,0.4319312560177831,-1.042313006463337,0.5596187439389801,-0.38564143227896025,0.24683282674826884,0.20981337225370744,-1.0330457214142557,-0.11941344673348067,0.32289110807576726,0.13090669942609168,0.028819096728520566,False,False,True,False,False,False,True,True,True,False,1
-0.6789694731397867,0.27725215815704474,0.7548552284880057,0.07999616213786204,1.2889912760111308,0.7077950707121385,0.6326728393134495,-0.7935597577538256,-1.0330457214142557,-1.110274471399297,-0.46516119471082806,0.4405134636981214,-0.7216055032026241,True,False,True,False,False,False,True,False,False,True,1
-0.08470758743099877,0.25741401618397175,-1.2350046213426704,-1.4936664641768844,-0.14253443276202848,0.6940900433850558,-0.017801764380542817,-0.14298817788300713,-1.0330457214142557,-1.22546466227324,0.7070314667411322,0.5945829622043033,-0.6153213862932445,False,False,True,False,False,False,True,True,False,True,1
0.7899950158576938,-1.3881493869690822,-0.3989036630932852,-1.2962298632590994,0.22159566551553606,-0.6024918160410253,0.3704131440038584,0.5026594761447475,-1.0330457214142557,-0.14528713743172636,-1.298413915497304,0.7201089278020485,-0.7430693154050015,False,True,True,False,True,False,False,True,False,False,1
0.32163965960689817,0.565239802962469,1.6113769532219728,-0.1917542936108707,-0.652020910154566,-1.647533964163265,0.9689980732338912,-0.005604357046248509,-1.0330457214142557,-1.09805150854197,-0.007918144245080083,-0.5698593449730966,-1.097452536316746,True,False,False,True,True,False,True,True,True,False,1
1.6567390024290003,-0.006745369352187969,0.0017602246671656746,-0.5497763832688105,-0.6557961205409326,1.140546574331343,-1.6764035182109038,-1.2558991511834512,-1.0330457214142557,0.9396269510157053,-0.8830873520157271,-0.5292469007763414,-0.3611225149628838,False,True,True,False,True,True,False,True,False,False,1
-0.22923342325920026,-1.4887009739093828,-0.890933678242135,-0.4141751381839639,1.1483141013371259,-1.6657225292650966,-0.9159451574835294,-0.06942557917068772,-1.0330457214142557,-1.1970717299362508,-1.1296254859679462,1.17306539081282,-0.990923549464606,False,True,False,False,True,False,True,False,True,True,1
-0.10368283931426725,0.46837867668364463,-0.6211957875574552,0.4174905800368963,0.10509516851609302,-0.28387123755966404,-0.7481823375744798,-1.0938994653574736,-1.0330457214142557,0.8620590796821663,-0.8932618495343212,0.8147164779893876,0.11465022132045997,True,False,False,False,False,True,True,False,True,True,1
-0.0779009368245448,-1.225876321382708,0.10908073465180235,-0.26635476453586526,-1.1459569756280847,-0.8856110530794225,0.2759313684023288,1.1802018519185813,-1.0330457214142557,0.8944309416666001,0.6135937803843825,-0.5923245524438534,0.6288363139511479,True,True,False,False,False,True,False,False,False,True,1
-0.0991103994419833,1.3030063395601554,-0.12249269547741126,-1.4093184487809254,0.810019915376768,0.4756594963741631,0.40028105316355583,0.1863787597082099,-1.0330457214142557,-0.7479552869669758,-0.09551633301450735,1.0641597150790982,-1.2239968443849185,False,False,True,False,False,False,True,False,True,True,1
0.8455635684002781,0.6072382503948293,1.2562161801932166,-0.5662949945367899,0.6997420718289997,-0.30457751281395795,-1.7065120270731127,-1.0690138162018594,-1.0330457214142557,0.5303499354919275,-1.2870247676922395,-1.2066132546995534,-1.1104344359138274,False,False,True,False,True,False,False,True,False,False,1
0.8424172577589262,1.5317077641009653,-0.05999554884901922,0.3413604947355907,-1.2212959217509558,-0.023006000091980103,-1.1699787521294194,0.5466714714934723,-1.0330457214142557,0.5215223952900664,-0.3659102576056837,1.4136354839348826,1.2313673098490936,True,True,False,False,False,False,True,False,True,True,1
-1.2179706288590209,1.3508038542868386,0.6829965637488529,-0.8465153900697331,-0.3841931593103871,1.37974406171797,1.3419901112289117,-0.0024682345075653367,-1.0330457214142557,0.5836652157627278,0.7063846651580801,1.5791756967132753,0.9640338182060668,False,True,False,True,False,False,True,False,True,True,1
-1.1481967830958577,0.8715001385056848,0.842163931487305,-0.5889943498214334,0.8379480788699603,-0.5614671748760309,1.5741273623186576,-0.8164169105968389,-1.0330457214142557,-0.6754168786967079,-0.6656042284567307,-1.0412217186875157,1.031883873017938,False,True,False,False,False,True,False,False,True,False,1
-0.9776996334395174,-0.6909918959418838,-0.21931934817775378,0.08268798253522142,0.1162392330809075,0.138950832900251,-0.304210009212384,-1.1511632808296879,-1.0330457214142557,0.9995027431061493,0.6823326885880681,-0.5338972708955226,-1.35942619548688,False,False,True,False,True,False,True,False,True,True,1
0.009411878603077045,-0.5353234530639284,-0.39187393338283577,0.27362887184972756,-0.21759382487418386,-0.6268784997113158,1.7403948199573787,0.6752055096556591,-1.0330457214142557,-1.3957862886302497,0.33256540560157194,1.1108448295126638,-1.0183586856966145,True,True,False,False,True,False,False,True,False,True,1
-0.7602921617320512,1.0994208730789168,-1.1577409768433127,0.18463052012538542,-1.1357065521388492,1.2331744693270494,0.8483686668723873,-0.7960146843721633,-1.0330457214142557,-1.7130059262661037,-1.2569847201905688,-0.740148724480587,-0.9092940585729576,False,True,True,False,False,False,True,True,True,False,1
-0.16117195128086503,0.8775559255765304,0.5636788947970962,-0.4004753050685742,1.099643792178332,1.1154104682059107,0.9845468844525771,-1.1621180998045926,-1.0330457214142557,-0.5111890812054299,-0.6188343429086252,-0.3769737136135249,1.065980006145152,True,False,False,True,True,False,True,True,False,False,1
-0.43546480026769663,0.6742793128207194,0.8682393769638184,0.13452923970090414,0.021411968500151035,-0.16478448865034867,1.1739367925560922,1.211360010605046,-1.0330457214142557,-0.09696024887196386,0.016681962696001085,-0.4441725479253642,-1.128261282655858,False,True,False,False,False,True,False,True,False,True,1
1.2445099325502025,-0.08460797300415202,-0.7061290883885999,-1.440481268385293,0.6646075434029025,-0.06859542354381731,-1.1067018678795828,-0.8969395599600056,-1.0330457214142557,-0.16169196243305622,0.5965291115539827,-0.9734723970563666,-1.5765099420129225,False,True,False,False,True,False,False,False,False,True,1
0.6016546183071798,1.1701402798677907,-0.14541284184132924,-0.39389995884045226,-1.3940951056927409,0.6247666854256835,0.03181804504753337,1.48352790127432,-1.0330457214142557,0.21838547495638275,-1.2633164953931728,0.80776591749732,1.4741010925593627,True,True,False,False,True,False,True,False,True,True,1
0.19222490853826346,0.9426112376247918,-0.07584508536481416,0.06441446806367973,-0.7565337243956151,0.4666128038941757,1.166050713192311,1.1873082561138317,-1.0330457214142557,0.13447367732678517,-1.108065354449956,-0.5428744852205767,-1.0850595491106583,False,True,False,False,False,True,False,True,False,True,1
0.3781507203456985,0.041852401965848274,-0.7592407203534444,-0.20343219461305198,0.28768387914504007,1.09463259021966,0.6656450210507663,-0.7028690330845144,-1.0330457214142557,-1.7106211756795584,-0.3520859880389552,-0.35296574683426785,1.358592714743408,True,True,False,False,True,False,False,False,True,True,1
0.7246018310808042,0.6622389835910021,1.175109312466939,-0.45514178138626654,0.829902128591242,-0.21754927448437028,-1.700072339762351,-0.9536481519864035,-1.0330457214142557,0.4893272228488105,-1.3126181287659804,-1.2633051920408838,-1.0369719393706438,False,False,True,False,True,False,False,True,False,False,1
-1.0882214374930623,-1.1314350120366257,-0.2353252230488599,0.3826928713634613,0.7867931707022895,0.2766293862222689,0.9144219342677017,-0.8983559798884451,-1.0330457214142557,0.778916916222249,0.32313064310085515,-0.5401623364310453,-0.6475033244457384,False,False,True,False,False,False,True,False,True,True,1
0.6638021653284247,1.6126468582691653,-1.0794403103335706,-1.4190961918443512,-0.9825838642666083,0.2588928192066462,-0.4293700909432684,-0.6206504006369938,-1.0330457214142557,-0.2908479867731003,-0.9165600964323527,-0.017762734047588935,1.2692106675553463,True,False,True,False,False,True,False,True,False,False,1
0.7240254545105166,-1.1434448890743385,-0.5937343845963665,-1.6413426096759216,-1.5754391905198468,-0.21431636353677927,-1.0013066787299856,1.2592746914399795,-1.0330457214142557,-0.6556642402255706,-0.6231138569674705,-0.031961910006121474,0.8960402890788495,False,True,False,False,False,False,True,True,False,False,1
-0.38447933746772256,0.503171008503865,0.6272534259432576,-0.28579972326706504,-0.5582481843291154,0.5621123361157099,1.3260632540667174,1.1998958577603644,-1.0330457214142557,0.06068776537927312,-0.9268696184318244,-0.6658029300625479,-1.48287492739995,True,True,False,False,False,True,True,True,False,True,1
0.5404824629365157,1.3226885102838368,0.6113935178821214,-0.05502508780271772,0.6046695210256761,-0.0583041379449758,0.984197779597997,-1.7343958838389772,-1.0330457214142557,0.33823395985083343,-1.0651208665429102,-0.8097864590983743,-0.33748247152788985,True,False,True,False,True,False,False,True,False,False,1
0.5039067082714617,1.525278309436183,1.0333030947314925,0.03807595029930544,-0.26448371214076283,1.6056693680304164,-0.5074172605238524,1.224354939389402,-1.0330457214142557,0.1909493899805817,-0.3578312368460149,0.7411251675837507,1.6051691588011794,False,True,True,False,False,False,True,False,True,False,1
-0.05306780076435319,0.09591683449703098,-0.021463912823847853,0.010095552775683803,-0.21788455192582964,-0.3956121989458633,-1.106393763753171,-0.8717395345466401,-1.0330457214142557,0.7146927100924664,-0.205584029056753,1.227346310302326,0.9706485391919966,True,False,False,False,False,True,False,False,True,True,1
0.12409496710491541,1.22203274564525,-0.11578992800584259,-0.22900451187467644,1.5371719866940847,-0.0811221818454761,-0.07436218769344483,0.36942933269460076,-1.0330457214142557,-0.11680938227450827,-1.2718703226296961,0.9900094743116516,-0.5014119710528071,True,False,False,True,False,True,True,False,False,True,1
-0.7347918818003478,-0.8350741200188452,-0.6203289185494653,-1.0867425960520087,0.4205693395902629,1.2139411114081178,-0.707473253721624,0.5943864979010146,-1.0330457214142557,-1.279943993736465,-0.1186532242721493,0.665896282577436,1.4118740995731103,True,True,False,False,True,False,True,False,False,True,1
1.1233744837980457,-1.1702080306109424,0.7292588699490398,-0.8117665290106713,-1.1266899430497368,0.1354291633559991,0.7132088100730353,0.7350309930320209,-1.0330457214142557,-0.44274438189840687,-0.7955296101669752,0.4843778456123143,0.0937763827404463,False,True,False,False,True,False,False,True,True,False,1
1.2865393188168477,0.8920419716456136,0.3790832201113459,-0.2973747000604101,1.1310655951100022,0.03268289591089897,-0.2854504313380335,0.17462987920402728,-1.0330457214142557,-0.5917390612709432,0.12133515618233337,-1.0305487167013025,-1.2195761813322885,False,False,True,False,False,True,False,True,False,True,1
-0.8457959527382505,-1.1761266637977035,-0.18082299518418327,-0.7692572158295439,-1.411284231739454,-1.6890497514686693,-0.8727901589661471,0.26944998068688686,-1.0330457214142557,0.008395257864968867,-1.0411129587376442,1.5555640108385855,0.8046875793151212,False,True,False,True,False,False,True,False,False,True,1
-1.1636603827595442,-1.1711519233404641,-0.28163377100185205,0.39442367342257273,0.8673507883329454,0.2943175999762109,1.0214391113013777,-0.8731099940590055,-1.0330457214142557,0.7452453294211827,0.23760687696603655,-0.6417432989522177,-0.5360642938029537,False,False,True,False,False,False,True,False,True,True,1
0.8512251431157352,1.201272576998619,0.42483248541402896,-0.41783303216892165,0.9188630377526531,0.4334392268747162,0.746221580810687,0.9565748408404141,-1.0330457214142557,-0.8422498059628745,-1.0506528900745362,0.8808167974513168,-0.5769286235156572,False,False,False,True,True,True,False,False,True,False,1
-0.8115153775888235,0.1949704780356339,0.8456021463188808,-0.4927441123453623,1.1292562048012076,-0.9815113889408378,-0.41975123957857596,-0.4221205574214925,-1.0330457214142557,0.21025001955227518,-0.7977149274552324,0.4682558793691574,-0.9002331047025076,False,False,False,True,False,True,False,True,False,False,1
0.3453950108326743,-0.27946371952957705,-0.3442465603552199,-0.7134751155451524,-0.3156323174362653,-0.2767592096748695,0.9911005051135435,0.8425327681203331,-1.0330457214142557,0.8112146671137902,-1.3109038219140103,0.1566243072357213,-1.1800612719727985,True,False,True,False,True,True,False,False,True,False,1
-0.5406852019708288,0.4601000307977081,0.5536621217036918,-0.04812360133847993,-0.3592131767998563,0.5054572924626652,1.2259430133646292,1.2556719914634795,-1.0330457214142557,-0.4312508075484457,-0.5536851710274732,-0.1396584444726512,-1.2846003902673375,False,True,False,False,False,True,False,True,False,True,1
1.5848062024301557,0.009222409003090775,-0.8791667471002439,0.11266022566856035,0.2371741250089521,1.3856954997569546,-0.8482242245917738,-0.7189046432303723,-1.0330457214142557,-1.1193567533377513,-1.0535478743488547,0.7590689718127079,-1.0663464037693942,False,False,True,False,False,False,True,True,False,False,1
-0.7585767049940582,-0.6724823070937198,0.7379928469699086,0.002128639766053597,-0.8682628111198946,-1.3919587565609421,-0.21354802591644986,0.15747914708458022,-1.0330457214142557,0.6827438252609853,-0.930841830608696,-1.5454092815810072,0.2788973259186734,False,True,False,True,True,False,True,False,False,True,1
-0.37549020033824054,-1.406029817467053,-0.079847006518223,0.02191872843535006,1.222433003795766,1.2642718470028065,-0.1250864684818277,-1.1182577886783491,-1.0330457214142557,0.7458870431417792,0.8060765651729541,-0.6555479103523691,0.1327416360644722,False,True,True,False,True,True,False,False,True,True,1
-0.4542883906791654,-1.1383914239817843,-0.8060577389987046,-0.13302358668095438,0.27305517089643616,-1.5106613384053436,-1.1035374815163084,0.006571467851534729,-1.0330457214142557,-0.7209574796396527,-0.6880186825561367,1.2612613708318903,-0.9716743656165125,False,True,False,False,True,False,True,False,True,True,1
0.12988414459828845,1.4624275622856666,-1.2728559523861644,-1.4713850811255407,-0.5892513280193835,1.1218551560612533,0.05530533617080524,-0.5781172999455026,-1.0330457214142557,-1.1991070631917047,-0.39968446344556285,0.2774809109216563,1.2800529225026958,True,False,True,False,False,True,False,True,False,False,1
-0.14472636737079467,0.5211841804065409,-0.8188170405695843,0.40347997648025113,0.11962841368547487,-0.12376867405403677,-0.6542906434925594,-0.9249309771701227,-1.0330457214142557,0.9079854913588079,-0.9283275302989275,0.8702504067262272,0.262471015791766,True,False,True,False,False,True,True,True,True,False,1
0.32080811995313363,0.5353082100148865,1.605322129670508,-0.04045303346970863,-0.6005803079695038,-1.664741702547192,1.0335746317157455,0.08145439227318019,-1.0330457214142557,-1.1022650408806949,-0.12499007313023214,-0.6202758385854998,-1.0862764482162837,True,False,False,True,True,False,True,True,True,False,1
1.1905618814947327,-1.1578819703608827,-0.8499872020996014,-1.6832684384211292,-1.444324022775486,-0.35288045197943946,-0.7450306695681429,1.558913938979647,-1.0330457214142557,-1.160496665444056,-0.21225970571868347,-0.8218720953616963,0.6731594865317168,False,True,False,False,True,False,True,True,False,False,1
1.2988592551345461,0.7213976655013938,0.8963345971153093,-0.12255630630341097,-1.3973556658012094,1.448858436636297,-0.7307757807194553,1.4329774978280856,-1.0330457214142557,-0.44319705003039844,0.10384609592357569,0.8234203056677215,0.21506198131186305,False,True,False,False,True,False,True,False,True,False,1
1.1707708081005732,-1.1321134824678785,-0.9113535952966018,-1.6559282160716142,-1.4809738487563806,-0.3620056000365574,-0.8587723811062653,1.6102466845317178,-1.0330457214142557,-1.2298931146813499,-0.2176551169737188,-0.8583048483353214,0.6774969028650996,False,True,False,True,False,False,True,True,True,False,1
-0.04008112238799996,-0.16857489470411485,-1.5752887083849483,0.1840456877176718,0.44950890539508087,1.3391909519672636,1.1244361585616818,1.2599578828745002,-1.0330457214142557,-1.0239715438308739,-1.2066921723976718,-1.3321268834294402,-1.5865965101199182,False,True,False,False,True,False,True,True,False,False,1
0.8819543732184322,0.49487731425501846,-0.9068757230738376,0.1049897998949354,-0.8344616328964157,-1.5241862972696807,-0.5563227123838392,0.0091711419788153,-1.0330457214142557,-1.5933746394137456,0.7152691948341365,-0.26843026500886125,-1.0443469986389027,True,False,False,False,False,True,False,False,True,True,1
1.2158737947519955,1.664962195185998,0.48537476884551034,-1.1578563533429929,0.5315004255192949,-0.35773663589671645,0.24964174719608945,0.1522251010229584,-1.0330457214142557,-0.13648871867477141,0.3157133388557722,0.26606302912325647,0.039899496592170125,False,True,True,False,False,False,True,False,True,True,1
1.1767130825147236,0.43561419653891836,0.3554821520725395,-0.5498003101269022,1.1157636407157905,-0.04823835625940101,-0.17734661605132562,0.7312381029527497,-1.0330457214142557,-0.7142384560054325,0.6107196131500572,-1.149328866524025,-1.1924547663976919,False,True,True,False,True,True,False,False,False,True,1
0.13007123731703496,-1.4887557875158577,-0.06519202190720702,0.04178152416469949,0.8946463972114199,0.5393009445218371,0.9320158562760376,0.7670102022942098,-1.0330457214142557,-0.08105736383911238,0.17235940110639306,-0.40678054372691125,1.2408157799072732,False,False,True,False,False,True,True,True,True,False,1
1.2910662882846564,1.0759387159404465,-0.7280445741884477,-0.6347141156101321,0.994338472123897,-1.5641324332111768,1.6788220529111777,-0.8050078174161018,-1.0330457214142557,-0.2614610337146286,-0.36842170713498296,0.45386059583561167,0.3918767823014471,True,True,False,False,True,False,True,True,False,True,1
-0.9900473786570444,-1.718275511506815,-1.4939893050312931,-0.6671706005556219,-0.6398790209344881,-0.999863980960907,1.3956611019961769,0.8562990988859013,-1.0330457214142557,0.5143851453704373,-1.0575133078834749,-1.083709343959223,-1.310283103685138,True,False,False,True,False,True,True,False,False,True,1
1.2260990366597984,1.6565298532074832,0.5091187778412674,-1.1480437436836861,0.542154158507828,-0.3020751835478832,0.2543069312034473,0.1538007191516222,-1.0330457214142557,-0.11821294564568585,0.29521896318269925,0.27082282320966644,0.07260897461908411,False,False,True,False,False,False,True,False,True,False,1
-0.17559388534431117,0.6040739021297944,-0.880805436695131,-1.4801112142051043,0.21315397034447192,0.6708647522560036,0.14039045955612633,-0.024240819919525952,-1.0330457214142557,-1.0962380607542284,0.3957763181562845,0.8130594782226084,-0.9133531357884277,False,False,True,False,False,False,True,True,False,True,1
-0.4562186781314419,0.5166701056307266,0.5153519320650145,-0.14945807996493785,-0.40682747594849084,0.38031166242249786,0.9319974984441507,1.1499393180840811,-1.0330457214142557,-0.23444525119435156,-0.8473957236138272,-0.2381213222646733,-1.219190431723035,True,True,False,False,True,True,False,False,True,True,1
-0.5172793374573188,-0.46304086214550555,-0.7625493496297941,0.21042313335138868,-0.6235205271175543,0.7754315942988461,0.6306958032554855,0.6841637545963497,-1.0330457214142557,-0.3793571085198262,-1.0364692953306316,0.1387887083912155,0.8299355821599496,False,True,False,False,False,True,True,False,True,False,1
-0.832619410211054,0.8309836009186489,-0.3793197245350643,-0.3933053721904418,1.2347536677729503,0.6131640705992303,0.12595877993558102,0.8978841259488202,-1.0330457214142557,-0.6805322472330252,-0.8779790862353767,0.8657887428597503,0.6611882189612895,True,True,False,False,False,False,True,False,False,True,1
-1.078465479748482,0.597157021796531,-0.6427254887796023,-0.7278058422367361,1.3617709113592495,-0.1899498656625388,1.1475534053373548,0.3724520336513749,-1.0330457214142557,0.07037880873622232,-1.2406215707870991,1.1466739712887983,0.8642606327057497,True,False,False,False,True,False,True,True,False,True,1
-0.7211796873194323,0.6140230854395036,0.5886208624741558,-0.5939984118889191,-0.5350783690801425,0.27004205577911944,0.8140161299092091,1.204418169738684,-1.0330457214142557,-0.09851715362103425,-0.4669734331273438,-0.5857140921887087,-0.8970090543629939,False,True,True,False,True,True,False,True,False,True,1
-0.5748422565764932,-1.2081474169138517,1.0124387311127276,-1.2773134413186473,-0.7815721855645692,-1.3643061316720049,-0.07739008007075676,1.0066097207243234,-1.0330457214142557,-1.0740298747990054,-0.05085540866990326,0.5999096452029705,1.408831576631695,True,True,False,False,True,False,False,True,False,False,1
-0.15136197548702185,0.4837180718652573,0.5450970019790894,-1.4005676674193068,-0.2831246233780499,-0.4631130760374304,-0.8949923997252102,0.7930321017669695,-1.0330457214142557,0.7092873148936372,0.6578808516875073,1.0156500685429437,0.7293439511022584,True,False,False,True,False,True,False,True,False,False,1
-0.1467906136597843,0.7893647441849674,0.5210237133932462,-0.31042956297874164,-0.3780110843191128,-0.2423614233223979,0.17109458587798887,0.8612506667966333,-1.0330457214142557,0.4488150677429266,-1.3557908776810232,-0.6513125708462311,-0.9705243351572266,True,True,False,False,True,True,False,True,True,False,1
0.21893992066503376,0.8815477945894492,-0.41980621422572906,-0.99860528759727,0.6826078609424912,0.8488563653105409,0.05814253735859398,-0.07216329638830943,-1.0330457214142557,-0.934953614378111,-0.4310146097243015,1.0813935309372527,-1.3454054842794165,False,False,True,False,False,False,True,True,False,True,1
-0.8200957487704564,0.5574052084700856,-0.7781776009150326,-0.2946725529087136,1.5920116560535071,1.4339761531160256,0.7668529875250294,-0.19690388342141002,-1.0330457214142557,0.26220904148937874,-1.4693173092266136,1.1003280736393346,-0.8025980232484794,True,False,False,False,True,False,True,True,False,True,1
-0.2849957001340455,0.6740487989293671,0.5453545146051899,-0.26308546764534707,-0.3726143447909687,-0.026216290403389464,0.42949453403933746,0.9615793107077678,-1.0330457214142557,0.1909869703763133,-1.1645642781830337,-0.49175767226004446,-1.0643524661867882,True,True,False,False,True,True,False,False,True,True,1
-1.2189649801937774,-0.8385627281023396,1.5572320335880911,-0.1832650981161388,0.5171956909694346,0.05059635742755697,-0.05272755721996303,-0.056233132337949854,-1.0330457214142557,0.18057858359770984,-0.9365759306250563,-0.5106985388955236,-0.7715715929236974,False,False,False,True,False,True,False,True,False,False,1
0.6369739567294818,1.1227471259091306,-0.1226048338960084,-0.40380707573497016,1.3914407073134456,0.1803314785787289,-0.46312684703782253,0.5558416645474342,-1.0330457214142557,0.1199581116138988,-1.1080582245437192,0.6940194216347688,-1.1620889816971296,False,False,False,True,False,True,False,False,True,True,1
-0.14590434275092823,-1.0264966628273302,-0.6481266233816028,-1.0929785959611718,0.43565821919209335,0.771985701248343,-0.08485453545654098,-0.06229740797929317,-1.0330457214142557,-0.7239837268948005,0.35454230397229275,1.0948036157364245,1.2396650886087683,True,False,False,False,True,False,False,False,False,True,1
1.591157872402929,0.14907285202743012,-0.7778987777501539,0.11406817820262106,0.31657400049237305,1.2829395331186477,-0.8418112655294663,-0.7757776028849043,-1.0330457214142557,-1.0415737783950676,-1.043609362950064,0.6290957632618935,-1.0970998713095226,False,False,True,False,False,True,True,True,False,False,1
1.2903971124461147,1.3612139832043537,-0.144567117814276,-0.923731536152789,0.7516590655948375,-0.9968807724084894,0.9636052045838891,-0.27654972064680183,-1.0330457214142557,-0.20257040961919898,-0.02745016007419615,0.4101540932355084,0.21284848544374893,False,True,True,False,False,False,True,False,True,True,1
-0.3979252723062889,0.11187911732937139,-0.13797664753805683,-0.9253343910510476,0.5290087573021371,-0.696952494880666,0.15781463630562886,-1.443519469866892,-1.0330457214142557,-0.8182423343480183,0.013204773285327431,0.009492926467942309,-0.6246079775068368,False,False,True,False,False,False,True,True,False,True,1
0.787999869019189,0.9260957228057917,-0.1385424970858713,-0.7409448219017526,1.0115363902207442,0.9704323851541654,-0.09426828972276859,1.4674716856248562,-1.0330457214142557,-0.05521305505011437,-0.04876116744736858,-0.2628912933397507,-1.3003208229022378,False,False,True,True,False,True,False,False,True,True,1
-1.1763587744815323,-0.6345517818383752,0.9735418183916209,0.076837629527225,-1.071007391917536,-1.4825630989709393,-0.9865877776021689,-0.8099983279567425,-1.0330457214142557,-1.2210395662010307,-0.6423589372902666,-1.1446531526891572,0.15358428693657467,False,True,False,True,False,False,True,False,True,False,1
0.446591828009149,1.3084178887157307,0.18769477994387462,-0.1785937353227387,-1.186412096825645,0.9121395338267317,-0.25478886572157683,1.5249309032995737,-1.0330457214142557,0.1669990049848723,-0.9603870557118173,0.8150241182249364,1.5380714115885017,True,True,False,False,True,False,True,False,True,True,1
0.46610106651171845,-1.1432094242666493,-0.44000570209572987,-1.6072886001589695,-1.6101041656014248,-0.11222482732746095,-1.0949211272350134,1.052412638816038,-1.0330457214142557,-0.34876985380358283,-0.8795208869178303,0.4332533147749771,0.9765109704937566,False,True,False,False,False,False,True,True,False,False,1
1.491616036551757,-1.4200080657688283,-1.1351162546510913,0.06717123453903273,-1.154705165457236,-0.7760338156835664,1.184329127647491,1.275183310848062,-1.0330457214142557,-0.8237830592205446,-0.5787428288125057,-0.08560743091550116,-0.6698350630514537,True,False,True,False,True,False,False,True,False,True,1
-0.39551587960498774,1.1238274141081601,1.1279944733474117,0.24911132724269736,-0.49222240597659817,-0.25541598429735823,-0.36965838085341163,-0.466064206073266,-1.0330457214142557,-0.47453565820811766,0.22430870800499808,1.0830001368711493,-1.2034730455796836,False,False,True,False,True,True,False,True,False,True,1
-0.673038048690226,-1.5348454670511782,-1.3570191758268517,-0.718803722644202,-0.5681264840793956,-0.855341192410195,1.4015358051811397,0.8512833783419452,-1.0330457214142557,0.6096813651273267,-1.1132995398760965,-0.7575434186746293,-1.310846984181911,False,False,True,True,False,True,True,False,True,True,1
-0.08550085406267231,0.28670715518085643,-0.33942500707336876,0.19050696614420987,-0.07075825253072737,-0.25675662035031477,-0.9322579701037009,-0.9568444495291768,-1.0330457214142557,0.8037255829596124,-0.5302206362227432,1.0774764023862313,0.6340097845798819,True,False,False,False,False,True,False,False,True,True,1
-1.5287098231046774,0.7576355183865497,-0.7252885795841113,0.27684563727223843,1.6179426830307682,0.07188501599919093,-1.0751713725038394,-0.9249279523866569,-1.0330457214142557,0.5209631415328582,0.43346147700796567,-0.4564702420450901,1.3295364061037038,True,False,True,False,True,True,False,False,False,True,1
0.6844419222928282,1.3705497830315598,-1.1210170434210112,0.004251896292387064,-0.7991326951542603,-1.5848620028363292,-0.9463688522003463,-0.13914624332388673,-1.0330457214142557,-0.8695506706381375,-0.23072200077462948,-0.6604451401625486,-1.0593827537655074,True,False,False,False,False,True,False,False,True,False,1
0.6062985065553282,-0.036707407642407874,-0.998809707563374,0.41901149985212044,-0.6096582981327416,-1.6618897384430595,-1.2959877783887894,0.12628397085555101,-1.0330457214142557,-1.5496198184679624,0.7437650390766817,0.0686019742097297,-0.8852579818543982,True,True,False,False,False,True,True,False,False,True,1
-0.40351313629541163,-1.1731330840744936,0.9781860982522722,-1.258091527724358,-1.2048018073854103,-1.268208942943267,-0.2334124815758974,0.8998148880136037,-1.0330457214142557,-1.0635876224656158,-0.15290673334929547,0.6349228319353364,1.3412377453808368,True,True,False,False,True,False,False,True,True,False,1
0.1891828953575419,0.5009390773315192,-0.9121761369391214,-0.8807877179737045,0.07022829975214517,1.3464919523843943,0.577802465071618,-0.5730631696922511,-1.0330457214142557,-1.630323571504851,-0.46315427313823687,0.04044583131913998,1.3855041660656855,True,False,False,False,True,True,False,True,True,False,1
0.19465391787449254,-1.1062034209619263,0.1616002597961732,-0.9022946139861255,0.809767143925133,-1.497834324995374,-0.05230771477227175,1.0698778193674308,-1.0330457214142557,0.1440965051572614,-0.7716435723150514,1.2695355008420084,-0.610512025287741,False,False,True,False,True,True,False,True,True,False,1
-0.09882099630891882,0.46222955689451595,0.5722595236201242,-1.2965165101829412,-0.6210587317533739,-0.5283358450823249,-0.9977989779627672,0.7101572116090042,-1.0330457214142557,0.7980784712032709,0.788139943483377,1.2032976747076134,1.1619052960748493,True,False,False,False,False,True,False,True,False,True,1
-0.7995186070552716,0.7666694988173226,0.6798598600688314,-0.9986782461895636,-0.637942459688599,0.005664960719037458,0.5348929942014699,1.1495106323317492,-1.0330457214142557,0.29218203803742726,-0.38892766243604543,-1.058651965747325,-0.6381488320541876,True,False,True,False,True,False,True,True,False,False,1
0.7718929699210888,-0.9043265170893304,-0.7832277675156462,-0.8192967990730732,-0.4073413994156989,-0.40084122760391616,1.381044240977402,0.9493387232110201,-1.0330457214142557,0.8458218827858149,-1.2065483867656133,0.31535174992535664,-1.2204867872288343,False,False,True,False,True,True,False,False,True,True,1
0.24280742621701934,1.4941988365380598,-1.2319486816648937,-1.4603260182346576,-0.6724408796657492,0.9393392356251358,-0.04720317192344492,-0.5871130204887707,-1.0330457214142557,-1.0070109145565076,-0.5090032921785008,0.21503709001182789,1.2777597932932203,True,False,True,False,False,True,False,True,False,False,1
0.39740260970666486,1.0847827019783836,-0.2322540373764671,0.1040689035810369,-0.8463409274902151,0.4232050198895484,1.1471592275332203,1.1664813363662363,-1.0330457214142557,0.3052349729101985,-1.231450347014232,-0.6678261426828739,-1.0229480956314818,False,True,False,False,False,True,False,True,False,True,1
-0.48522459267346485,1.3369390815099336,-0.3147554631798965,-0.28827095169978345,1.4483165211410358,0.15877389084967897,0.7533821263265581,0.6849559446610975,-1.0330457214142557,-0.35215861003428517,-1.0109887652346048,1.0628899127660363,0.31747710178691035,True,True,False,False,False,False,True,False,False,True,1
0.4316837233558284,1.376737913860484,0.007514862558781199,-0.10904833263010061,1.1665650624074142,-0.5552138660606525,1.4520338865240854,-1.7607812691434095,-1.0330457214142557,-0.15969235710058316,-0.2338797747351582,-0.7130835727748315,0.40431722707550566,True,True,False,False,True,True,False,True,True,False,1
-0.15487217942344408,1.4529874240732836,-1.3236674545718736,-0.15260456558069885,0.013414062654688308,-1.2140075199835105,-0.25184427512875396,-1.5168971975634205,-1.0330457214142557,0.5467084812815012,0.23954372846722974,-1.2437411673396255,0.757049543208069,True,True,False,False,False,False,True,True,False,False,1
-0.6566095686075668,0.9890046875690863,0.8298517576031321,-0.4816575041424456,1.0240952864842545,1.1292740545430349,1.1762523705280152,-0.7723443478881007,-1.0330457214142557,-0.9458300782175362,-0.5490390125624852,-0.5554304589154584,1.3223109707683762,False,True,False,True,False,True,True,True,True,False,1
0.5815000107347947,1.032500182432287,0.031542253672997234,-0.252475850015319,1.5455490804320033,-0.3413769578476364,-0.6330715100361044,0.0469370323166321,-1.0330457214142557,0.05800867104602328,-1.3375011116246365,0.8891009583391665,-1.0343115187075427,False,False,False,True,False,True,False,True,False,True,1
0.17316153177074592,-1.1480285333265172e-05,1.4613881795717063,0.032299078273725135,-0.7284872550585295,-1.680332635782105,1.1702614481106068,-0.10734540482361576,-1.0330457214142557,-1.1628696986844385,-0.17193821380460694,-0.35854517631101157,-1.1880170667580532,True,False,True,False,False,False,True,True,False,False,1
0.994473175971451,1.705682051861281,-0.959652359096713,-1.386712156856419,-1.226186181906668,-0.2755649383426376,-0.7295437263985458,-0.6469923910650445,-1.0330457214142557,0.27166336340446373,-1.2366762590274405,-0.20061573896097168,1.2624957426757055,True,False,True,False,False,True,False,True,False,False,1
0.3242150858484564,-0.525268189993764,-0.5511083153550097,-0.600178872292697,0.4747534781491739,1.228933929878202,0.7295873286019685,-0.49033282962773017,-1.0330457214142557,-1.6012731059302574,-0.4554378270134407,0.06036716937294773,1.4233743475772391,True,False,False,False,True,False,False,False,True,True,1
1.2416130147073292,-1.563498403231287,-0.8670270589784285,-0.39685383161476623,-0.9664111950099442,-1.0497176137909732,1.2449583798165116,1.462293123266127,-1.0330457214142557,0.07680796963075254,-0.7737377845220754,-1.0254779730635832,-0.9516994924042654,False,False,True,True,True,False,True,False,False,True,1
0.17074406164610773,0.6003960457336578,1.530805001125393,0.3310035624187591,-0.2127244502897877,-1.5749568299973375,1.1590410189393086,0.4951174858592293,-1.0330457214142557,-0.7314142055322091,-0.07242975375837302,-0.7782942877533559,-1.018174385247031,True,True,False,False,False,True,True,True,False,False,1
0.8982404733216943,-0.961830339162975,-1.4926720422148199,-0.9768646407869642,-1.0190120137149996,0.16795805139313852,-1.2417722275858516,1.2855097286933055,-1.0330457214142557,-1.523570705178735,-1.0485208929326173,-0.6644477007881063,-0.38407590969510397,False,True,False,True,False,False,True,True,True,False,1
1.1349288868120186,0.3241748430633989,1.3612335936380966,-0.8717705431647331,0.1825476907396365,-0.38393034904577034,-1.6518372440415972,-1.176701977742381,-1.0330457214142557,0.5358811092544343,-1.1966944163836395,-1.1242585415794346,-1.1215510918556193,False,False,True,False,True,True,False,True,False,False,1
-0.9061006188638316,-0.2979328250969543,-0.7951266700043972,0.07965575572937042,-0.2724639656483786,0.8121434734960569,0.058881651405743696,0.9344349767319354,-1.0330457214142557,-0.8034996898399529,-1.014922276020264,0.09064443582362489,1.0146887098076836,False,True,False,False,False,True,True,False,True,True,1
-0.9376947395529841,0.9040040309932528,-1.1403997632614478,-1.5010529220793836,1.3595607452030904,-0.8978899605475184,0.6967700066973982,-1.0614912173470905,-1.0330457214142557,-1.0404396747594336,0.7344983790843408,-1.3757761915529274,1.2690588890855483,True,True,False,False,False,True,False,True,True,False,1
0.6480506722905355,1.2782189005381936,-1.418325729168552,-0.2586980135958369,-1.0975624560761317,-1.4310612868442063,-0.9848478539407829,-0.7201240095729247,-1.0330457214142557,-0.9661616768661736,0.056171061563803026,-0.8232462118013539,-0.04766208722903731,True,True,False,False,False,True,True,True,True,False,1
-0.013246824867773191,-0.133662258966871,-1.5281888613455759,-1.3690640074306741,-0.42634050380471633,0.6469771068758539,-0.1426074501972472,-0.3869928049190814,-1.0330457214142557,-1.365742293783672,0.9839286431427823,0.4675003842843418,-0.4561314694399805,False,False,True,True,False,True,True,True,False,False,1
0.11930241979979753,-0.6548201095692412,-1.2084867099178025,0.11744839245641428,-0.259202861276248,-0.5403991659021479,-0.3977301902241373,-1.1553549808505699,-1.0330457214142557,-1.5939976843141284,0.9043296582622783,0.7965801316891866,-1.3097580255799555,True,False,False,True,False,True,False,True,False,True,1
-1.1398657712406752,-0.4042238470977778,-0.7145108026795198,-0.32210283108663335,0.1602937193637795,1.1222477806658375,-0.6131836598543301,1.0576305591558228,-1.0330457214142557,-1.149310540079548,-0.7225264707299739,0.1793991948345386,1.2800066133851538,False,True,False,False,False,True,True,False,True,True,1
1.0677756469076214,-1.4114519301679538,-0.4745708199241999,-0.9371795998121957,-0.6081490200134364,0.6902026145556384,1.0806605619924659,0.14632153540681933,-1.0330457214142557,0.03954670347645406,-0.9101059207726838,0.18974029130008468,-0.26641026413062374,False,True,False,False,True,False,True,True,True,False,1
0.7735353441252315,0.9357206855629265,0.13205176218468495,-0.07469345704885383,1.0452127496447365,-0.36365103038042107,0.08291098767500632,0.9148407236110212,-1.0330457214142557,-0.3829726920814904,0.4923551057029433,-1.3202515249055289,-0.6712837903857993,False,False,True,False,False,True,True,True,False,True,1
0.19415824462798392,-0.12147148994918988,0.6857431449531949,-1.1862029506918352,0.21212924320154924,1.1836638767507695,-0.9941705993676018,1.4967939770298087,-1.0330457214142557,0.022631876163733522,0.21035932163280707,0.8949191439346923,-0.3386453944859784,False,True,False,True,True,False,True,True,False,False,1
-1.2342774446514488,0.9849632351499293,-1.5164843383807385,-1.5100903727691508,1.1898589414920615,-1.1013257631256317,0.6919211739054434,-1.4492052584770645,-1.0330457214142557,-1.1322962522365263,0.7471024096067878,-1.3782923478451847,1.1848089783110645,True,False,False,True,False,True,True,True,False,False,1
-0.6035265810088307,0.6509360403244714,0.5727197754671052,-0.2996419990999786,1.2482985928161823,0.9360088205042034,0.6615044048213855,-0.2929258088225416,-1.0330457214142557,-1.0794929805503504,-0.44170795410581803,0.8219600843391577,-1.0291849402938695,True,False,True,False,False,False,True,False,False,True,1
0.29072148113073915,0.8542579064023899,-0.3465881826097008,0.08391303682998374,0.9062732439023921,-0.2196714290965237,-0.6539494276479663,-0.45037534746325525,-1.0330457214142557,0.45195719730126205,-1.2070708572404836,0.8989550679316216,-0.490123654440067,True,False,False,True,False,True,False,False,True,True,1
-0.6728878782334917,0.3525710101645246,0.8126924262309008,0.1870376989154337,0.6437988209207473,0.9037885652673107,0.9919172432884762,0.2259953285753603,-1.0330457214142557,-0.8953580784020775,-0.6270179286982868,0.29239115312031005,-1.0090464891541866,True,True,False,False,False,True,True,False,False,True,1
-1.2512755628478947,-0.8344820859010419,0.7892139449731833,-0.052069408674601914,-0.9333911613052683,-1.481955883586925,-0.9677214673115667,-0.8333176597844676,-1.0330457214142557,-1.0129627992995307,-0.8121282734049732,-1.2966488277015924,0.02043248920050217,False,True,False,True,False,False,True,False,True,False,1
0.3255216241273167,-0.24046950597813688,-0.310372871609102,-0.6990895694439758,-0.31702667349859,-0.2761236458151067,0.9593398919960412,0.8429378307995485,-1.0330457214142557,0.7971756458742845,-1.3122431961590832,0.12696238677188681,-1.1724166558350986,True,False,True,False,True,True,False,False,True,False,1
0.5369443837429573,-1.2578448687492312,0.20240383457762862,-0.3435499481125727,0.8695935453687783,-0.6831700909083556,0.3406273844025627,1.3718104563157987,-1.0330457214142557,-0.21597890745160458,0.1438780488278146,0.6503742622261874,0.6063440362203931,False,False,True,False,False,True,False,True,True,False,1
-1.1807524558710578,1.2656598373495496,-0.9961435310204356,0.2632872729702811,0.20623474741080472,1.6398641960256293,-0.201417270760193,-0.982713483281735,-1.0330457214142557,-1.2440375209829022,-0.909170507463166,-1.172054894239377,-1.160353689169386,False,False,True,False,True,False,True,True,True,False,1
-0.022370454627119386,1.563127412247614,1.0885060559870487,0.3927229443197439,-0.9819480672455244,0.07961619162482181,0.13676834697451673,-0.5347607476263299,-1.0330457214142557,-0.16382259760144957,0.40944108633488846,0.7066157016435255,-1.6187019805708138,False,False,True,True,False,True,False,True,True,False,1
1.1928199529404773,1.351369350896257,-0.9328734712671626,-0.13321317141813815,-0.9653353055561753,0.3357504932777683,0.7044042721213124,1.025692268839564,-1.0330457214142557,0.7369681560632293,-1.5436056556075204,-0.7769997545562648,-0.42842503280010036,False,True,False,False,True,True,False,True,False,False,1
0.15815087532715577,-1.0619899646504847,0.2387400474788941,-0.8468897907285214,0.8329731943561237,-1.4963442572474293,-0.06835103161993406,1.1333055154291234,-1.0330457214142557,0.16482109574477724,-0.6581025802962561,1.2590580352159808,-0.5752000046661598,False,False,True,False,True,True,False,True,True,False,1
0.4289488982331322,1.580642787999729,0.4938190721721935,0.3219559913745545,-0.9423444723932488,0.855117344662592,-1.0203769786446548,1.1412682371441267,-1.0330457214142557,0.2605634866030784,-0.317143057950749,1.0905330777939204,1.4815200921759808,True,True,False,False,False,False,True,False,True,True,1
-0.11602788018522048,0.3768763483863921,-1.1129441742657227,-1.488995194610181,-0.01996078667510298,0.6860863845919805,0.036712798088088194,-0.10206669576087274,-1.0330457214142557,-1.180931931992279,0.5997699476919741,0.6698720717699977,-0.7180259947826916,False,False,True,False,False,False,True,True,False,True,1
-1.43149911938501,-1.2467071619344934,-0.8761200283080918,0.08158047385963108,0.10848606210988707,-0.10081312165007272,-0.6445671895441837,0.7209926257665135,-1.0330457214142557,-1.21057063858601,0.16370004563966933,-0.6747855093951483,1.290920914147076,False,False,True,True,True,False,False,True,False,False,1
-0.3519364340624531,0.3136220336773995,-0.18296431515011624,-1.3805877951492114,1.4756087220391998,-0.1253788322601319,0.3618819471213719,-0.08058918044724805,-1.0330457214142557,-0.13291013947708508,0.34747328540189665,-1.1615209484205438,1.091244098443564,False,True,False,True,False,True,False,False,True,False,1
-0.5521194278186728,-1.2821298314742546,-0.08663089153841316,0.2341339132208335,1.4021241570917722,1.6281553848653636,0.28841688562437917,-0.6865111037172886,-1.0330457214142557,0.6949764471037031,0.7326609188161954,-0.6207378440600732,0.7456371522837786,False,False,True,False,False,True,True,False,True,False,1
-0.06760565250294959,0.6953223974435593,0.5670486534704627,-0.38889668782219416,-0.7342109190967323,0.4768273292543288,1.370477412103687,1.1361017725259495,-1.0330457214142557,0.6039903734155212,-1.2314149990945062,-1.1851319498162125,-1.5406069412882886,True,True,False,False,False,True,True,True,False,False,1
-0.3460900053562045,0.6941806715797774,0.06086040008641669,0.28637790377142375,-0.597012346388092,1.1179644813258427,-0.2707120737645051,1.251134963014886,-1.0330457214142557,-0.2927528613914608,-0.7102893839194122,0.44400464488615,1.2905174197651168,False,True,False,False,False,True,True,False,True,False,1
0.181853008462947,0.3653153013480762,-0.1302433462907433,0.298614582998658,-0.18119299837058178,-1.6397541125198283,-1.0922647327603832,-0.9688629656568037,-1.0330457214142557,0.17038018403228916,-0.4709267166309593,0.12220995433134818,-0.5660570725896485,True,False,False,False,False,True,True,False,True,True,1
-0.6611983304951643,0.13556169398259246,-0.07036293641328395,0.06718231657932541,-0.4469847471974045,0.6438677143069175,0.8661823054115453,1.0987173736367535,-1.0330457214142557,-0.5560448126421548,-0.8670797513441306,-0.02762383543546172,-0.371747572247751,False,True,False,False,False,True,False,False,True,True,1
-0.9620819656011982,-0.2771626656675551,-0.7895827396394985,0.3990544088391458,1.2706683956737883,0.2784831677570261,-0.5734505780926036,0.2891445364026233,-1.0330457214142557,0.15697471427712967,0.6144682146807787,0.8146436121402266,1.2699660809994298,True,False,True,False,True,True,False,False,False,True,1
0.9026155423015473,1.3700078550967545,-1.3381450049804307,-0.5056183060861896,-1.3297734827417313,-1.2816144824949958,-0.32787594541123766,-0.8673484409576802,-1.0330457214142557,-1.243098671641788,0.38806739087051206,-0.9728071696390286,0.030163165235429945,True,True,False,False,False,True,True,True,True,False,1
1.473548058683745,0.4211739263214238,-0.5350488500249786,-0.8200941493433738,-0.49370266992651024,1.0397588940772733,-1.445194180498088,-0.8837136296512069,-1.0330457214142557,0.7939949084797354,-0.8823612516840034,-0.6094579762365822,-0.709578220580154,False,True,False,False,True,False,False,True,False,True,1
0.29942665509544664,-1.438965131924139,-0.45363479121627087,-1.089885510593473,0.8564139276714622,-1.557150358914249,-0.1477100735074348,0.5027663209564999,-1.0330457214142557,-0.29915875789568425,-1.443891593608312,1.2904898249071675,-0.867806692648295,False,True,True,False,True,False,False,True,True,False,1
-1.4334963238811578,0.597459559411706,-0.06018725719560662,-0.007836735638337658,-1.516045810044407,0.8525601690928302,1.0075314459459406,-0.37879328765053827,-1.0330457214142557,-0.09857929386770822,0.004497775684100119,1.3249983762865196,-0.773335798079769,False,True,False,False,False,False,True,False,True,False,1
-0.7920080228119135,0.7011345214089427,0.8869869423891121,-0.6838696724467511,-0.19919630290605062,0.35993511820541846,-0.9941243367734058,-0.07865066501276033,-1.0330457214142557,0.04417583870791901,0.7538711104293088,-1.2492783090773245,-0.8382487563897337,False,False,True,True,True,False,False,True,False,False,1
-0.6708794307690293,-1.2052636240196233,0.6160172791013929,-1.225274395371199,-1.2342589131743922,-1.5175664941149918,-0.4878361845918954,0.7152561495571896,-1.0330457214142557,-0.8085891430908485,-0.3959012043562965,0.8910062777503637,1.3187932010361976,True,False,False,True,True,False,True,True,False,True,1
-0.6890700421068388,0.8344913445033136,0.38141535189785547,0.06431993883132237,1.4816664631251737,0.7001893657134963,0.7428352285217491,0.10859863923504975,-1.0330457214142557,-0.7795197370566596,-0.8330445272447077,0.8463688932797087,-0.22324377884662377,True,False,False,False,False,False,True,False,False,True,1
-0.6277007768624921,1.4138638897863234,-1.2390529539681123,-0.4360132740104672,0.3230311896862531,-1.2515727515346555,0.29044437238405396,-1.6009251358811158,-1.0330457214142557,0.5280886587887291,0.1701621267908488,-1.1526415650221382,0.5528226172587081,True,False,False,True,False,False,True,True,False,False,1
-0.033147207924490135,-0.27027501657611486,-0.1670606650979433,0.2043237418091016,0.007320048670372045,-0.5602309119755816,1.7274350124118516,0.6429556779197887,-1.0330457214142557,-1.3662616804965289,0.25093243269805937,1.1565831832498672,-1.0008621257633432,False,True,False,True,True,False,False,False,True,True,1
-1.6036923503885052,-0.9934581216783184,-1.379628665508189,-0.1271225630033823,0.4247714928327545,-0.4786643746863617,-0.3810220265136479,0.05476878940559571,-1.0330457214142557,-0.617809172209014,0.22242460419276816,0.23653676865256323,1.5842796830470138,True,False,False,True,True,True,False,True,False,True,1
0.16754149667027013,-0.9151172682293929,-0.036504607190969096,-1.086487912669624,0.8534123057352924,-1.0617556500830365,-0.3206780676243259,0.29882211133311565,-1.0330457214142557,0.054145683536140465,-1.0131721946060397,1.0515174680109138,-0.7137882223532057,False,False,True,True,True,True,False,True,False,False,1
-0.1402686961300481,1.1809835074442814,0.18422960592083282,-0.05674456596226346,0.44625137839062445,-0.11524635887368717,-0.229934014428485,0.5383267329512409,-1.0330457214142557,0.0512112920588903,0.5487158366786121,-1.406147072024751,-0.4327849806220656,False,False,True,False,True,False,True,True,False,False,1
-0.6684803829757655,1.3317745442028452,0.1625058225610324,-1.2630300043531517,0.4379339715666596,0.9604824007039592,0.8118081352233214,0.13486987766183886,-1.0330457214142557,-0.26388888578879144,0.20533844050591143,1.3548146341938598,-0.3946159117516508,False,False,True,True,False,False,True,False,False,True,1
0.2528699291367295,-0.4861808866575615,-1.151661904902261,0.1996115606219786,-0.3542543818299016,-0.8458887115613297,-0.6421173417431751,-0.8065630547646078,-1.0330457214142557,-1.5830640726454577,0.8612003960942934,0.5974860143151067,-1.1941911703905999,True,False,False,True,False,True,False,True,False,True,1
1.3520548004837547,-0.9367195045426864,-1.0375712113265227,-1.2298495536899745,-0.3869891191538952,0.7292695801788438,0.34565986017126105,0.634573782822407,-1.0330457214142557,0.013664226278919223,-1.041072416938537,-0.7207782389675977,0.26522433013483826,False,True,False,False,True,False,False,True,True,False,1
0.38753157043310194,0.11996111188875258,1.1203200625604133,-1.017048690604275,0.7060639103085402,1.5006232676588183,1.2423129023419681,-0.7730647805822414,-1.0330457214142557,-0.7927010882207974,-0.43734766466243435,-0.6604429505639202,0.5892415217358596,False,False,False,True,False,False,True,True,True,False,1
0.4116009198400756,1.582695965026946,0.5170555879971378,0.32114183257067086,-0.9306404481198571,0.8919609494035025,-1.0141001057614356,1.1662158579364872,-1.0330457214142557,0.24961437911981255,-0.3150969223604127,1.07697660259735,1.4920158047566168,True,True,False,False,False,False,True,False,True,True,1
0.35871900090235453,1.1791637824069878,-0.06379530214023166,-0.2192306351157546,1.5545790740428915,-0.19814080240295273,-0.31444463654228594,0.23784541301502038,-1.0330457214142557,-0.04058732869874537,-1.340000655121952,0.9555248451603723,-0.7585113022943113,True,False,False,True,False,True,True,False,False,True,1
1.1010548018018163,-0.5580384207983383,1.5499448965503753,-1.583068221763291,0.3100126427622227,1.5130153820552625,1.61579214838586,-0.5055351517931149,-1.0330457214142557,-1.016487412967499,-0.15985722996567472,-1.0285604385423424,-0.05192239704412607,True,False,False,True,True,False,True,False,True,False,1
-0.4528466124794239,0.9524562344816074,0.6674893601939567,-0.20979508111877615,0.6369331360110326,0.5563423167347052,-1.1511400317009906,0.024307530246526654,-1.0330457214142557,0.08699390837127481,-0.15661335965464596,-1.4412055785659486,-0.7066899888134891,False,False,True,False,True,False,False,True,False,False,1
0.304943776959298,1.0303545550446307,0.2858832108032965,-0.727534857830991,-0.9084419913012796,-0.3127056281515878,-1.013838449372693,0.8334253702703396,-1.0330457214142557,0.7203511590052903,0.34427631004673404,1.2590553172095191,1.1239544832436914,True,False,False,False,False,True,True,True,False,True,1
-0.77330700291224,0.8307492481119689,-0.9648523915543695,-0.40817840893259605,1.580585358321568,1.1648883890756567,0.7375141922069354,0.15131375774842448,-1.0330457214142557,0.3491864499104856,-1.506471259158125,1.1915369817201924,-0.4917096694685135,True,False,False,False,True,False,True,True,False,True,1
0.7299345184267207,-0.9734959374335356,-0.9837013692053198,0.34444381586893813,-0.7893249462493604,-0.5801564972479001,1.4204422531355232,0.8640920545467377,-1.0330457214142557,-1.448019363529649,-0.10971368229008105,0.8714019766892118,-0.7325360966533778,True,True,False,False,True,False,False,True,False,True,1
-0.34924982415875777,-0.11478436278186321,-0.19263749362448518,-0.8357441651486992,0.68436842436918,-0.44531096487490807,-0.025691103231177848,-1.4677762952895745,-1.0330457214142557,-0.5280673416636376,0.12194575048251244,-0.17198653339122638,-0.5910909484801726,False,True,True,False,True,False,True,False,False,True,1
-0.09307757177128972,-0.08948410443042287,-1.5782621546649094,0.20990621202706156,0.4287507693403194,1.366861399088887,1.0894526129179125,1.1796906609859432,-1.0330457214142557,-1.0616591969533253,-1.2045085453467181,-1.369577002958035,-1.5684400415692867,False,True,True,False,False,False,True,True,False,False,1
0.9842615645908217,-1.0465841466197134,-0.7723870230984995,-0.7103388608528824,-0.5499101498372874,-0.5506141407284257,1.342846793474388,1.0945377748499612,-1.0330457214142557,0.6505927466852535,-1.094347380625778,0.013698727725671822,-1.142118626568095,False,False,True,False,True,True,False,False,True,True,1
0.6494525896672875,-0.42867342474687886,-0.3114887458240224,-1.033739448156621,0.9098660400424111,-1.40087749605398,1.0889303619096946,-0.8139347298307806,-1.0330457214142557,-0.1689439501786058,0.2187178957745734,1.2120221226579644,0.5955737167731413,True,True,False,False,False,False,True,True,False,True,1
-1.2243275450138102,0.8311950109086147,-0.07425609333762173,-1.0256716369359795,0.5467998155735274,-1.283432710265128,1.5212987170846848,-1.2529244563254054,-1.0330457214142557,-0.4726204043080083,-0.498490348679322,-0.8946437426219866,0.3302616800026694,False,True,False,True,False,True,True,True,True,False,1
0.25366282883394825,0.2605684352327917,0.3716421522126446,-0.12867533864976585,-0.7025555679245904,-0.4831095627286701,-1.3534538490298134,-0.36242881460142506,-1.0330457214142557,0.5476191246139038,0.1693659127633286,1.481029350413886,1.4791439264856487,True,False,False,False,False,True,True,False,False,True,1
-0.5761432892686087,-1.2020204763107307,-0.10829099996993921,-1.1340141787249407,-1.5441175128973494,-1.0183643219503424,-1.007277152656894,0.39512969963541683,-1.0330457214142557,0.14762545159629856,-1.2792611016423765,1.552749217810551,1.0630577170452609,False,True,False,True,False,False,True,True,False,True,1
-0.16858908422637375,1.3936402672196173,1.2106389375875097,0.2813394030936862,-1.0738979466271334,-0.008069406627829179,0.1016378239479521,-0.5547307188248299,-1.0330457214142557,-0.21546268444257555,0.3442412286186114,0.5701511596843764,-1.6066197785702752,False,False,True,False,False,True,False,True,False,True,1
0.659041742583147,-1.3673995395281877,-0.525370260128403,-1.270585079844521,0.5936237919449586,1.3802661759439718,-1.5426552576850474,-0.17326891929795457,-1.0330457214142557,0.7426116003948727,-0.5424762711984806,-1.2866108770259421,-1.2855714354343872,True,True,False,False,True,False,False,True,False,True,1
-0.34840590599523713,1.132435531121364,-0.23460719004711342,-1.4038418500018002,0.8419484189185832,0.5017066840071808,0.3942060849704024,0.024901930898277275,-1.0330457214142557,-0.8528829867902448,-0.15581355076452538,1.0857241823494246,-1.366217572675549,False,False,True,False,False,False,True,False,False,True,1
0.918483490196697,-0.9744786358975255,-1.4494928521247932,-1.0273041466307449,-1.0533256295916957,0.12859339443583612,-1.2133237528070706,1.3096305506278896,-1.0330457214142557,-1.5017569117708485,-0.9868058183988242,-0.6788470281595791,-0.3052243705586043,False,True,False,True,False,False,True,True,True,False,1
-0.21579329844547296,0.0681637387811368,0.46727224093122793,-1.0218524899774541,0.664022682011495,-0.3768320493372458,-0.9143771881660331,0.06493071344526569,-1.0330457214142557,0.3219189902669056,0.06295447468044446,0.7347178530530727,-0.0911880798209006,True,False,False,True,False,True,False,True,False,False,1
0.649971077461423,-1.1433772832159483,-0.5495963257431821,-1.6315651377572384,-1.58539208080295,-0.1850041873031721,-1.0281849422421068,1.1998811592462182,-1.0330457214142557,-0.5675497630228564,-0.6967325753108892,0.10160911029258246,0.9191447586838128,False,True,False,False,False,False,True,True,False,False,1
0.003809093928764551,-1.1401552291921404,0.012091762323162822,-1.454491937883183,-1.6348971296400756,0.016642625638212796,-1.2458644842623554,0.6654621872709461,-1.0330457214142557,0.35471162567839887,-1.3644291360223755,1.4206511818358467,1.1837763828703154,False,True,False,False,False,False,True,True,False,True,1
-1.259089482765021,-0.57316732657411,-0.6297665468043865,-0.7995184380169277,0.5694517222888436,1.3977536636495427,-1.1907851642795426,1.0738684094437627,-1.0330457214142557,-1.461833828966147,-0.36623030875230145,0.3441110436572806,1.525687740635935,True,True,False,False,True,False,True,False,False,True,1
-1.1925792989662722,0.7504713064677133,0.11167943783753281,0.05566982154943184,-1.2393285369168863,0.6460585554479348,0.9253682390721772,-0.44313081421981604,-1.0330457214142557,0.23948158888426663,0.34830750476851374,1.48983069876742,-0.9070102115402002,False,True,False,True,False,True,True,False,True,False,1
1.4909551416823499,0.5777523562686243,0.8896682529537066,-0.19113355427477047,-1.5058707210271984,1.431176579037155,-0.7036603413098279,1.4033665629940006,-1.0330457214142557,-0.522245680647063,0.1648973358747988,0.8221488053400061,-0.019488649491302384,False,True,False,False,True,False,True,False,True,False,1
-1.1932863717211384,1.0945427431595154,0.9425151317308319,-0.5510078933112642,0.8785183447360749,-0.05254917313576679,1.6138291385262646,-0.6041077345752484,-1.0330457214142557,-1.0681820720623407,-0.49376065472642705,-1.0079719980386943,1.2469534154033233,False,True,False,False,False,True,False,False,True,False,1
0.9009101770370502,-1.451743786266011,-0.5899318745817745,-1.1651496551927312,0.13275042491339795,-0.07035778434589468,0.3769791395588201,0.21368868061796947,-1.0330457214142557,-0.5733464938091674,-1.1460888181789393,0.27765163693233963,-0.7253290923481905,False,True,False,False,True,False,False,True,True,False,1
-0.2968177637072786,-0.8881845310710991,-0.6743585716676644,-0.8165537136751775,0.5901630136288027,0.6806718724690615,-0.17512090572229397,0.003370075331414313,-1.0330457214142557,-0.5609758423389744,0.4027730956528147,1.0435070273178846,1.2452497214722436,True,False,False,False,True,False,False,False,False,True,1
-1.1578268770109275,1.0048173438138683,-1.5363328984921008,-1.4059096824387407,1.2335846719268322,-1.072203654125912,0.5514979454584009,-1.4563126743136956,-1.0330457214142557,-1.0183758471313926,0.7877776202342163,-1.4507274978330102,1.3114780827883674,True,False,False,False,False,True,True,True,False,False,1
0.8942419668007386,-1.5548594232524096,-0.15814490763884734,-0.3291759656223602,0.7856787429979988,-0.26995280216477147,0.6228560807978182,1.2139098885462911,-1.0330457214142557,-0.5044015541748526,0.054843534467153066,0.3825509117793774,1.059882956226632,False,False,True,False,False,True,False,True,True,False,1
1.6254242968474002,-0.02026789406463749,0.03838721381452069,-0.5651665403330176,-0.6531321130486252,1.1053360448833662,-1.6601013466557606,-1.2092458085801352,-1.0330457214142557,0.8993431803535481,-0.8926564838874287,-0.5708181630709935,-0.3555366364588477,False,True,True,False,True,True,False,True,False,False,1
0.32491822846455665,1.4496905116664087,0.9301334784634071,0.22513565366371374,-0.8471759290287104,1.538506824496261,-0.8682531591881943,1.5831072314275092,-1.0330457214142557,-0.04241436882242672,-0.20568842033361256,0.8298669108337211,1.4042518503707258,False,True,False,False,True,False,True,False,True,False,1
-0.30163095361664194,0.8490256322712392,0.46907276080377835,-0.27814300162616856,-0.4493587986527908,-0.2917552453924112,0.23546489325740882,0.7437450762936251,-1.0330457214142557,0.2843340531870182,-1.319769710020304,-0.43104991679063454,-1.006822667071907,True,False,False,False,True,False,False,False,True,False,1
-1.58963170492378,0.6549636444244042,-0.8122820978834155,0.2021857139502234,1.5240066088626314,-0.08579453365582154,-1.0289065333280711,-0.9868086900342147,-1.0330457214142557,0.48909865241320205,0.35103098659032606,-0.4158048356519054,1.3661111310058285,True,False,True,False,False,True,False,False,False,True,1
1.1876374154505,1.4812420408928857,-1.0952644760019283,-1.3770049385892262,-1.0585650861698022,-0.15373273394894751,-0.7304779002534691,-0.3140762234117541,-1.0330457214142557,0.35478348977918617,-1.2796553352338516,-0.12552740186192948,1.1760350222391034,False,True,True,False,True,True,False,True,False,False,1
-0.0836035076453508,1.3072960613187696,-0.11528065250628608,-1.4063675863383163,0.8067199346824251,0.4658707260323184,0.3984570223508959,0.18600413931908422,-1.0330457214142557,-0.7407379550998257,-0.090642769878216,1.0547357168152802,-1.2090990823584444,False,False,True,False,False,False,True,False,True,True,1
0.16344783064057383,-1.1798474632591922,-0.5241146850650135,-1.4684691707405249,0.3149671932248052,0.5024181618062384,0.22031444169195746,-0.2948307287696347,-1.0330457214142557,-0.831570954823735,0.2980364895734183,1.220620703983648,1.123449681256496,True,False,False,False,True,False,True,True,False,True,1
-0.6099164864346509,0.3500716068698527,0.5161610669573441,-0.3247418841643317,-0.5506423921899768,0.7110062312728109,1.1922590057513505,1.1874257019911671,-1.0330457214142557,-0.6741151131514237,-0.42460965734267586,-0.13710343732915609,-0.9975239083546977,False,True,False,False,True,True,False,True,False,True,1
0.08512816797452422,1.595124419286242,0.4340149979690775,0.4129194573006682,-0.43239420305593335,0.04272401314958435,0.48892281011144006,-0.7545189719290402,-1.0330457214142557,0.2514521843184293,0.6707310571519775,0.9066385826014064,-1.5649074643283012,False,False,True,True,False,True,False,True,True,False,1
-0.6166486110925576,0.44372511881138044,0.9439978935556711,0.1277030962522222,1.3575056343375758,1.2349978671458834,0.8262267036695208,-0.7228313633376522,-1.0330457214142557,-1.017683721250464,-0.6360123534154453,0.31018099419818934,-0.15320740929463073,True,False,False,True,False,False,True,True,False,True,1
0.12049878306805734,0.6487238071409103,-0.7568253078810916,-0.14170222725191015,-0.9407898870147484,1.2472605198091433,-0.8514307680770429,0.9790113910173106,-1.0330457214142557,0.009292003101688318,0.21798939638622128,0.33117300595968774,-0.8709845054856962,False,False,False,True,True,False,False,True,True,False,1
-0.6369391506737657,-0.4639985027694528,-0.2398010476177892,-0.2907922976414337,-0.05512824006400496,-0.8139163392352642,-1.0039365578214032,-0.6673609196670576,-1.0330457214142557,0.3397617742986154,0.1909496046258427,1.2070368653908683,1.5855314180058844,True,False,False,False,False,True,False,False,False,True,1
-1.2762610512275745,-0.8555278101563899,-1.1014409390823503,0.10795046103293605,-0.05141198015083129,0.3808637138346592,-0.11652029835062899,0.8309050579086054,-1.0330457214142557,-1.0787243675156337,-0.05746766748142307,-0.2043502887917099,1.3201335499019597,False,True,False,True,True,True,False,True,True,False,1
-0.020218680488871543,0.17621899501093652,0.3173681257632544,-0.6653292421934854,1.267842396589968,-0.33420720841979284,-0.8440991158013753,-0.21714137356730187,-1.0330457214142557,0.1016386317758868,-0.5500676849185366,0.6704172367083774,-0.6638239808132687,False,False,False,True,False,True,False,True,False,True,1
1.6201397914455187,0.47983922260748274,-1.612774841645499,-1.305447764438777,-0.4165058942683401,0.6306340421181346,-0.48487149581784567,0.8270950590880852,-1.0330457214142557,0.353957317872298,-1.1993789062902966,-0.1604844755695535,0.9883448782996814,False,True,False,False,True,False,False,True,True,False,1
-1.0944867988061069,1.375278262284884,-0.8628104082288699,-0.27493594432614876,0.36692187373869944,1.1273743700444807,0.777308252009623,-1.1703280502787285,-1.0330457214142557,-1.4688283149691859,-0.42473822416590307,-0.9793996159443115,-1.4748776737517613,True,False,True,False,True,False,False,True,True,False,1
-0.5387929837050314,-0.5470729845334058,0.8457313623131901,-0.2138236582637404,-0.9630109409871003,-1.3067263417543908,-0.13179714175498558,0.1223087982957827,-1.0330457214142557,0.6794806431990111,-0.9676287646519555,-1.4515193426779505,0.2636810492710324,False,True,False,True,True,False,True,False,False,True,1
-0.14165447552092686,0.45675107556842287,-0.6185267563996314,0.2827363750366042,0.23973479572076872,-0.10519525674084645,-0.7306025042289934,-0.9819521573038709,-1.0330457214142557,0.8280550322008923,-0.8724808336312909,0.8486358603950558,0.11371185336624264,True,False,False,True,False,True,False,True,True,False,1
-0.4327187381542691,-1.1826715552788898,-0.09941597204908564,-1.2623623971556142,-1.592008747069484,-0.6453050778599582,-1.1070925786330335,0.4519366252198896,-1.0330457214142557,0.21939252102547901,-1.3441087129724159,1.541907800390538,1.0960915538228435,False,True,False,True,False,False,True,True,False,True,1
0.8210365474360515,-1.4240239483505692,-0.4527752418400942,-1.3841997832932662,-0.38286762810925357,0.5476603907357589,0.7608810065688794,0.13090110730758808,-1.0330457214142557,-0.16812172082002486,-1.1612454412780655,0.19310286361710172,-0.6817119643204257,False,True,True,False,True,False,False,True,True,False,1
-1.1061585167133294,0.6635513699548538,0.7486037412912347,-0.6244101703332108,0.800123301672204,-1.0359454563661856,1.5371123019696893,-1.0143586077638562,-1.0330457214142557,-0.3092310622390193,-0.8258187291618848,-1.0722213497863036,0.8313686101996801,False,True,False,False,False,True,False,False,True,False,1
0.06618215510267988,0.7915464542374215,0.007559882404154505,-0.5071760972660084,0.30615958001324506,1.0620961572019871,0.5172926060408486,1.504910390453113,-1.0330457214142557,-0.07852761694394877,-0.4899330724351195,0.04846798705930609,-1.3446815514403387,False,True,False,True,False,True,False,False,True,True,1
0.2048960717072288,-1.115263013035002,1.1819618113297983,-0.9383891301437908,-1.3851059762414248,-0.7617957636112892,0.15102911979605943,0.9393566199814299,-1.0330457214142557,-0.8367390216751136,-0.3427879199491749,0.6887211956100979,1.0124354107187672,True,True,False,False,True,False,False,True,True,False,1
-1.1195026635101624,0.9457920240540388,-1.4124718460317032,-1.5034484436751108,1.3195739908053397,-1.0061874697660231,0.6336544456035635,-1.3111635293319144,-1.0330457214142557,-1.1223103061622033,0.7966842122293819,-1.4311773908365995,1.3204875363405941,True,True,False,False,False,True,False,True,True,False,1
0.5108349164637757,0.7934058420850106,0.17713490180380026,0.06924700298435504,-0.927114236180931,-0.3107156722516773,-1.2799361682175199,0.005333518056083952,-1.0330457214142557,0.5428652696475222,-0.05666235761826599,1.460405346656581,1.3691015426173632,True,False,False,False,False,True,True,False,False,True,1
-0.6956024246311787,0.8425669066272526,0.6685558199703402,-0.5643178596412934,-0.11266291673330335,0.6426804540998252,-0.8230867733446547,0.08429471019400217,-1.0330457214142557,0.04505575505876816,0.7294724771854794,-1.2979968684030672,-0.8519318129511303,False,False,True,False,True,False,False,True,False,True,1
0.14562147581529217,1.5768089098981826,0.8342426593832918,0.2393065861993256,-0.7833081142178755,1.4699181422728977,-0.8110808214485455,1.6052923883307235,-1.0330457214142557,0.06726002869275696,-0.3724137580847646,0.8291119804714867,1.662235109475975,True,True,False,False,True,False,True,False,True,True,1
0.23656146094242167,1.4924415171184897,-1.2342113274961255,-1.460937712491111,-0.6678395340145761,0.9494344798012149,-0.04153326424161477,-0.5866154529603761,-1.0330457214142557,-1.01763605630372,-0.5029566948928232,0.21849095649024675,1.277886629895976,True,False,True,False,False,True,False,True,False,False,1
0.45941329459677915,-1.1492106230105934,0.8651918066842286,-1.0429972650932422,-1.1439654465372302,-1.1501833683509664,-0.5271030568679209,1.2464352284821345,-1.0330457214142557,-0.34144732323883564,-0.24974553965647822,0.5800364712456925,1.3930835258187952,True,True,False,False,True,False,True,True,False,True,1
0.09009063864144373,-1.6002968741162433,-0.8552972429604404,-0.6712680460474608,1.2290111894410096,-1.3762569624163281,-0.5744699714632188,-0.03459838310499898,-1.0330457214142557,-1.225669422947587,-1.2838366991497618,0.9508123680641855,-0.9404935790392248,False,True,False,False,True,False,False,True,True,False,1
-1.546131854788775,-1.57617542055888,-0.23844033080008148,-1.5668008653245675,-1.0011223433231113,1.2826032206590112,0.9332010155477998,-0.9243699398795447,-1.0330457214142557,0.8424950432322011,-1.5763425751369669,1.2422577962695995,-0.932089712705631,False,False,True,False,True,True,False,False,True,False,1
1.5605437081612503,-0.05399359368546591,-1.6538512362958806,-1.1726067636514288,-0.4739809806630342,0.9091783723368858,-0.25858908411581527,0.9433751442199075,-1.0330457214142557,0.39006272325908775,-1.065340994282532,-1.0319098751444131,1.1972984267746918,False,True,False,False,True,False,False,True,True,False,1
0.594314298342267,-1.384633866900653,-0.3563006557122126,-1.2702250272555848,0.45749261429852967,-1.083486825180274,0.19877077718451353,0.5942354340274973,-1.0330457214142557,-0.06004170819325705,-1.3942773026437516,1.0469361667152315,-0.7895109971803287,False,True,True,False,True,False,False,True,False,False,1
0.3281365903051524,1.206472515590211,0.4960875755889757,0.24142392463688106,1.5701345463945735,0.3323299726811591,-1.3949961760300802,-0.46724738197181737,-1.0330457214142557,0.07483764001291214,-1.295465370522992,-1.4139461974165028,-0.7503213603151015,False,False,True,False,True,True,False,True,False,False,1
-0.7559468893457573,-0.7185042942742061,1.4361858841255406,-0.7476966002795575,1.1649244354826827,1.4007317398832895,-0.7606895903060102,0.4923334934561494,-1.0330457214142557,-0.8483120134614015,-0.2292772975803758,1.2633468323344563,-1.0165800372019735,True,True,False,False,False,False,True,True,False,True,1
-0.33549292159993044,0.8777750688620726,1.1671251318693534,0.30807113240562023,0.38305106346570933,-0.8015937854685256,1.1245247059979264,1.1692583658460163,-1.0330457214142557,0.22065548563240453,0.5585984823607171,-0.733497113411147,-0.9797205619954423,False,True,False,False,False,True,False,True,False,True,1
1.3467172640593217,1.0150534353886673,0.8705899801496589,-0.44651408022801226,0.7082370299557827,-0.2029381949722899,-1.237218817218581,-1.357868381274245,-1.0330457214142557,0.21121170531532135,-1.0045196418815059,-0.910302052247093,-1.3346811327699093,False,False,True,False,True,True,False,True,False,False,1
-0.16238821540259984,-0.6974873736144627,0.916154338407765,-0.3829733946799909,1.0342083204837007,-1.4722285899413778,-0.16741236331756348,1.6764249755571556,-1.0330457214142557,0.31594429895529574,0.31258863802449666,1.152956974424403,-0.2358292126636412,False,True,True,False,True,True,False,True,True,False,1
-0.835718241604507,-0.8787860167052866,-0.6328380736325248,-0.5135625060997046,1.3789749468202936,1.0202600757154556,-0.5409880831732757,-0.7795933054092476,-1.0330457214142557,0.8995632324501466,0.4698810019454158,-0.9581144635100078,0.9770317079049486,False,False,True,True,False,True,False,False,True,False,1
0.284162368930997,0.9717192697821919,-1.2516431890061646,-0.5133028411242105,-0.49960250158624464,-0.5042980364687898,-0.4117784674137,0.02161929252136985,-1.0330457214142557,0.5979914193483377,-0.9454210209945124,0.3133160367524195,1.090350868130155,False,False,True,False,False,True,True,True,False,False,1
-1.3455962675217885,-0.06059595044146482,1.645421819958701,-0.6751625735430424,-1.3460685973319553,-0.8123286870760664,0.1357240958922669,-0.9431308600492812,-1.0330457214142557,-0.264766589626403,0.026581384958375087,-0.4315315810471966,-1.4485007065906403,False,False,True,False,False,True,False,True,False,True,1
0.5004012512022611,-1.131267952646147,0.3426666035428821,-1.1944334909720933,-1.4356521111015987,-0.3719601710663134,-1.005840858212381,1.0063236873394554,-1.0330457214142557,0.3082629803008167,-0.9606668825105121,1.0699108943599698,1.2525268771698235,False,True,False,False,False,False,True,True,False,True,1
0.10841628487503821,-1.1428828860165252,-0.22681760205537616,-1.5600631281807973,-1.6581769133500905,0.029353831128649976,-1.2247439168958156,0.7655401615919967,-1.0330457214142557,0.07682561797236737,-1.2351014244136935,1.0784052035938887,1.0881062265041344,False,True,False,False,False,False,True,True,False,False,1
1.2459703984731716,-0.1597914454247904,0.9510503504216465,-1.556699828369542,0.7109975804120214,1.346992439688157,1.6835709305118844,-0.16280098711476143,-1.0330457214142557,-0.4721778588051766,-0.3407896105768724,-1.0154972020791222,-0.03775101405335599,False,False,False,True,False,False,True,False,True,False,1
-0.039338816606114185,-0.5821947941854076,1.2909130651812608,-0.9184408837432267,-1.2774302477691597,-1.5830222546377033,0.9206757427454155,-0.9954672765513501,-1.0330457214142557,-1.2230098157862823,0.5775310337507014,0.38111208344689884,-1.4166291735247705,False,False,True,True,True,False,True,True,True,False,1
-0.531491957024519,0.06274391367345913,-0.8010530036232432,0.32931118657598923,-0.23719649815791785,0.37258368854872576,-0.05699122006679708,0.10454222393262802,-1.0330457214142557,-0.022207971798068327,-1.0719774817682777,0.38040801318485584,0.6151636225103483,True,True,False,False,False,True,False,False,True,False,1
1.539391137584559,-1.4445575365979513,-1.0463848267303084,-0.023160031658570557,-1.1281150268819526,-0.8391240846627812,1.190671457052618,1.3447601767947162,-1.0330457214142557,-0.6438888386590439,-0.6084695325061191,-0.29143576710791974,-0.7155010413532996,True,False,True,False,True,False,False,True,False,True,1
0.5984319776080366,0.23521735421371237,-1.037775485268765,0.3563336204267536,-0.6287319156936486,-1.6595618647280637,-1.293269444522304,0.07705895170782752,-1.0330457214142557,-1.390520078230075,0.5220592320157103,-0.06814963890958481,-0.9086603060903123,True,False,False,False,False,True,False,False,True,True,1
0.1423376661967381,0.10902687841609093,1.4743571756330545,-1.190266119659721,-1.1830632059269195,-1.5431538252107015,0.6753946316144501,-0.8696203719649893,-1.0330457214142557,-1.1437585195008946,0.776425119594823,0.1217506402338259,-1.3056342500196283,False,False,True,True,True,False,True,True,True,False,1
0.19626474526683102,0.24997235462226292,0.7707291728847829,-0.7445806376618189,-0.3697869301573505,0.4970534217441135,-1.0783848211388898,-0.051452688037678496,-1.0330457214142557,0.026182685826546332,-0.2364954261344414,-1.380320605422212,-0.5165726899016967,False,False,True,False,True,True,False,True,False,False,1
0.29866822327211423,1.3493718802788024,-1.4433928414415278,-0.31954862673655726,-0.6919040275028027,-1.2630279145893868,-0.5479294844665819,-1.2793048268707472,-1.0330457214142557,-0.3220878650094975,0.2733498434907174,-1.0897530852889532,0.6235192488143582,True,True,False,False,False,False,True,True,False,False,1
0.3728205270392687,0.2673099539973293,-0.8975936650870523,-0.12115172989854431,0.12129221557696945,0.9580868213000379,0.5104714175025598,-0.7789907880089122,-1.0330457214142557,-1.67251363994873,-0.16137530729091115,-0.41537676776247046,1.2850479692823442,True,True,False,False,True,False,False,False,True,True,1
0.5217436839514762,-0.41720639610630705,-1.2926049562300703,-0.7093148974393806,0.022427179943799613,-1.6633526083653798,-1.319783981286276,1.480717839625129,-1.0330457214142557,-1.4588568918992264,-1.4797535062243379,0.2538378249180966,0.7959424966299096,False,True,True,False,True,False,False,False,True,False,1
-1.3562834821738634,-0.48268744904167615,-1.3437659710751462,-1.3337746625105706,0.6426305754250659,-1.2477720293319265,1.5168473820368682,-1.149587425562987,-1.0330457214142557,-0.9644215905863273,0.4474416243424839,-0.20060006470948383,0.08904224027910301,False,False,False,True,False,True,True,True,False,False,1
0.3956887565674063,-1.4280953983909892,-0.29183136838707935,0.060597079007552984,-0.635387943445759,1.205659093611254,1.6125893726185776,-0.004555115812930555,-1.0330457214142557,0.6685636136961719,-0.28184284144253097,0.1106882047283943,0.7661731128757917,False,True,True,False,False,False,True,False,True,False,1
-0.12073783726674403,-1.1462363401926499,1.072896594810088,-1.1095008425622845,-1.288603243316593,-1.032839168235589,-0.05473242979971982,0.918193020583328,-1.0330457214142557,-0.9581533521110311,-0.24115935775807357,0.6599271352484409,1.1884176084032463,True,True,False,False,True,False,False,True,True,False,1
-0.5726223874682224,0.0469421469465886,-1.1470917089675887,0.22370195876350812,-0.1987190317202046,0.060019853785801325,0.1379100704518812,0.7255348024042662,-1.0330457214142557,0.032505519537338046,-0.9255517027824933,0.37768460609064713,0.921301291501877,False,True,True,False,False,True,True,True,True,False,1
-0.06082359854686295,0.6571281207766777,-0.02018780595790215,-0.04152182098209323,0.8783752876015511,-0.13915916216466015,-0.9934622511003421,-0.3574802525980491,-1.0330457214142557,0.9191990947611487,-1.0923945861405457,1.034647825387684,0.5024115298839928,True,False,False,True,False,True,False,False,True,True,1
-1.413511152413564,-0.16290145505209344,1.6401229927046006,-0.9829484050251516,-0.9491863723552563,-0.8813868282490226,-0.8121405226548819,-0.9511035101138253,-1.0330457214142557,-0.04474803249610074,0.40237642251351985,-0.8596611613689383,-1.1245377626591444,False,False,True,True,True,True,False,True,False,True,1
-0.39884711800226935,0.9694558848533079,0.6559209369550141,-0.11761532393422669,0.8262767230607918,0.5299059370450505,-1.2364295695525633,-0.0026141221688973093,-1.0330457214142557,0.10581835197415426,-0.3833454876103932,-1.4792771721648994,-0.6742637198196065,False,False,True,False,True,False,False,True,False,False,1
-1.34491529716856,-0.08688455238019677,1.6003526450250665,-1.0471669240423291,-0.7373765538643725,-0.8452723506246209,-1.2652256242456281,-0.9216103613830033,-1.0330457214142557,0.06396878891166508,0.608069093668408,-0.9771626628142907,-0.9842279353607443,False,False,True,True,True,True,False,True,False,True,1
-0.07972098949734387,-0.07121207452221023,-1.3542239266014882,0.14181042768992805,0.34549840319156716,1.2684095673787843,1.160285935445457,1.2636014778497928,-1.0330457214142557,-0.871513858156904,-1.2054607593785893,-1.3412165508864804,-1.6077805463738053,True,True,False,False,False,False,True,True,False,False,1
1.0245935986002817,1.3756834821802881,0.6279392868005416,-0.5664983963292438,0.783176521450253,-0.04710276087002725,0.7628263803333781,0.5251349777850105,-1.0330457214142557,-0.8479573325505253,-0.7449944487801705,0.8291085600644179,-0.19973946522609265,False,False,True,True,True,False,True,False,True,False,1
0.6221279102461342,1.2754744917281662,-1.5287795808136695,-0.4386111698809069,-1.1949286032705257,-1.2979886841268324,-0.7590939773339092,-1.1098567393466585,-1.0330457214142557,-0.9417032124961807,0.29745996756856097,-0.9799305942345571,0.5282870115772027,True,True,False,False,False,False,True,True,False,False,1
-0.7856719984204112,0.07255891863436736,-0.9112304856544049,0.24920533024172545,-0.7034237193956308,0.7740329512080841,0.5541909453211541,0.492528790962972,-1.0330457214142557,-0.913406153353896,-1.1902209239790793,-0.0648061958638243,0.43171381814809595,False,True,False,False,False,True,True,False,True,False,1
-0.8691541389150172,0.20106366071452778,0.6294909907874606,-1.4398241111179222,-1.0349845577606176,0.8228079034681075,0.8235036408561816,0.8916329082475768,-1.0330457214142557,-1.1059554870788375,0.4783938326947831,-0.5786395708208669,0.314652520259452,False,True,True,False,True,False,False,True,False,False,1
-0.4394328531638041,0.492690012752373,0.40323983337082264,-0.16271710236121417,-0.2866398507087725,0.7094434618487505,1.0974398253452664,1.3099397824413237,-1.0330457214142557,-0.41198226188526565,-0.6241014920380343,-0.059415103301211275,-1.3187900747009633,False,True,False,True,False,True,False,False,True,True,1
0.8866005157876107,1.2420908291444746,0.5471469789500963,-1.0661572487933084,-1.213126503155469,-1.361569480318613,0.7649115277145258,-0.5131499887357047,-1.0330457214142557,-1.356883813628013,0.821587742274564,-0.566082419556746,-1.2953836163500358,True,False,False,True,True,True,False,False,True,False,1
-0.31939862308589845,0.17365457725435518,-0.13652560754306628,-0.6828280751200725,0.5347461001632179,-0.8304916125446974,-0.13557879567335285,-1.4274290768755196,-1.0330457214142557,-0.5302799264898514,-0.11253316401507046,0.046640623017788874,-0.530440074944814,True,False,True,False,False,False,True,False,False,True,1
0.30788647072679887,0.43186676462103946,1.5816996217712846,0.28315952180746007,-0.5021073227146186,-1.7021003874173268,1.1796891186405387,0.25020544927675137,-1.0330457214142557,-1.1157102232630465,-0.3746836043731343,-0.7064683684508553,-1.0704783769313917,True,False,True,False,False,False,True,True,False,False,1
-1.0940179285237206,1.2614079555912148,1.0007691837407153,-0.500051946024084,0.9513957028537297,0.6953464745995487,1.5354480787992322,-0.462764783112646,-1.0330457214142557,-1.3784090085906109,-0.35848019225188243,-0.8622427098630319,1.4535663224075275,False,True,False,True,False,True,True,True,True,False,1
0.23992656646484462,0.5382181195956787,1.5591670266871291,0.3182544702637863,-0.33918497349787347,-1.6351528652966607,1.169042101542744,0.39443481253115265,-1.0330457214142557,-0.9090410979563636,-0.2213037580977929,-0.7580583120656774,-1.0381022741069297,True,True,False,False,False,True,True,True,False,False,1
-0.09924361496061185,1.4735347981550113,-0.8555325108844133,0.11260766091956181,0.5857422364638649,-1.0181033231807712,0.04303045344323336,-0.6071557571145381,-1.0330457214142557,0.6089211087522883,0.28988637669395934,-1.3942152445857854,0.4483328282920315,True,False,True,False,False,False,True,True,False,False,1
0.04731791312331718,0.285214515196482,0.9287331772894256,-0.6859489180087522,-0.8741555024334606,-0.6713130765304622,0.14970841345391578,0.3815007846005204,-1.0330457214142557,0.5636951336899508,-1.2092640479145378,-0.9036499217205434,-0.32142273620531003,True,True,False,False,True,False,True,False,True,True,1
-1.1323072017068123,0.9487259670468116,0.5796792946800418,-0.31033570206194455,0.5708434797477888,0.5758604150638247,1.3329309322137772,-0.042189365127816236,-1.0330457214142557,-1.3039980038402494,-0.5101162377454029,-0.7103979974600505,1.3449641553465208,False,True,False,False,False,True,False,False,True,False,1
0.11359898817579256,1.447727277985159,-0.1536187781280613,0.37608523776994385,-0.33460116343227453,0.2730863380811559,0.38589150269656836,-0.5582429510417656,-1.0330457214142557,0.36982761402773695,0.6906963545024277,0.863014825321129,-1.4529472690346243,False,False,False,True,True,True,False,False,True,False,1
0.006897903247081033,1.0679972273588334,-0.3449876200732094,0.4247228944734024,-0.0026439641602360175,-0.02737175010688164,-0.018706688615444445,-0.9728313393191106,-1.0330457214142557,0.7026614682593477,-0.07860397222343463,0.9490202005154138,-0.660162926057117,True,False,False,True,False,True,False,False,True,False,1
0.008118841974074198,1.3057894130496113,0.11575909117117478,-0.2635205580013165,1.2505072162213853,0.21546734228261288,0.8219470329412553,0.7556300288407714,-1.0330457214142557,-0.7012171043087965,-1.1463722807028738,1.1044845228034628,0.05633263739266753,True,False,False,True,True,False,True,False,True,True,1
-0.7559531469982765,-0.294195353156948,0.5846494314508552,0.07808599838029143,-0.6109154653832718,-1.0820635404125856,-0.16451673856662774,0.4242085444163973,-1.0330457214142557,0.6016606105167076,-1.0399117167357914,-1.319140243807513,-0.1333993879862731,True,False,False,True,True,False,False,False,True,True,1
-0.9032861414948697,-0.9479190457478475,-0.37539933039290596,-0.284383925294762,0.2661504008670107,0.24596169663292292,-0.8700961369143798,-1.3650424427846755,-1.0330457214142557,0.8695786657162855,0.5555349813452147,-1.2210811868524458,-1.0874533508456827,False,True,True,False,True,False,False,False,False,True,1
1.2626478853202707,0.8331031906595202,-0.7234525326270876,-0.7336416513735013,0.9685203592154109,-1.6183984012866643,1.6104007452123132,-0.7322961917146809,-1.0330457214142557,-0.2558479347071899,-0.29370052426479554,0.6538007923685681,0.42085052950913837,True,True,False,False,False,False,True,True,False,True,1
0.5513875827824293,-1.0853616862227606,-0.2375060695200898,-0.8091284839416765,0.7852905947197232,0.14958485491166718,-0.8247545266207845,-1.305133733141656,-1.0330457214142557,0.27444798132421777,0.8225744058308829,-0.8935681224115589,-1.1158304808324888,False,True,False,False,True,False,False,False,False,True,1
0.5425642536336504,1.178185135532627,-0.06079085217672614,0.14797959288537493,0.982140781862008,-0.5622892240351854,0.17037387747877,0.8983545713344396,-1.0330457214142557,-0.15397356903114523,0.44061209458194617,-1.4101464164492667,-0.3881857910926143,False,False,True,False,False,True,True,True,False,True,1
-0.4725018505272649,0.7147052260312877,1.3974149514634886,0.23487200653811802,0.5756253657207595,-1.1302097158446527,1.0259941042063536,0.9209836607738068,-1.0330457214142557,0.47138438924381565,0.6078108406366964,-0.9250915707069295,-0.8270556525051449,False,True,False,True,False,True,False,True,False,False,1
0.9740906511642335,-1.6212005300231187,-0.24842385303058215,-0.31897641374278846,0.7422284966533428,-0.1785363594443523,0.6926365229580773,1.1745273987975011,-1.0330457214142557,-0.5578430771871011,0.04246995262621067,0.3089899443312529,1.1606721747332656,True,False,True,False,False,True,False,True,False,True,1
-0.9616749000227184,-1.1640688703807154,0.8322003301198045,-0.396191844350261,-0.8058282579245842,-1.088776772359697,-0.47188086508816085,0.6359766502237468,-1.0330457214142557,0.6936933478633102,-0.5203405956688937,-1.4429790587946594,0.7947634120081225,False,True,False,True,True,True,False,False,False,True,1
-0.16509461617486715,0.5045584604986899,-0.8972548420569105,0.3772806030434218,0.11827162667607743,-0.1809767084140319,-0.5928627289005849,-0.7540233940447877,-1.0330457214142557,0.894047567516303,-0.8990032055011501,0.8557163750546232,0.3423280180156336,True,False,True,False,False,True,True,True,True,False,1
0.6234258072092229,1.1182356543819478,-0.37753124396313864,-0.8559561939148642,0.9442805632923603,1.3926201758988856,-0.06625440004415095,1.6777228942048286,-1.0330457214142557,0.2256352845709959,-0.3800771462943795,0.20022950090306058,-1.33328069661016,False,False,False,True,True,True,False,False,True,False,1
1.2238921850011109,1.6322801867019336,0.4175957160900432,-1.1326655243605899,0.5551885535772265,-0.4265058113784148,0.32646116160327643,0.10609076407281648,-1.0330457214142557,-0.1435988259902924,0.2787904140744793,0.2815666113470724,0.05850806809315806,False,True,True,False,False,False,True,False,True,True,1
1.429741234330161,0.8254425760815395,-0.49660133760577313,-1.3771739299339736,1.5553828134046477,1.0221794596413243,1.5494843442417456,0.7885178047291286,-1.0330457214142557,0.7083361422110713,-0.7171293245626111,-0.8034843433318649,-0.1596849499607446,False,False,False,True,False,True,True,False,True,False,1
1.0735911743069293,-1.5335484699158843,-0.34556898397451286,-0.7426066234859916,0.3398276800041472,0.07195140651589185,0.7101882626934576,0.8224639975350205,-1.0330457214142557,-0.4744444641370212,-0.4250733700386197,0.19748026690141324,0.43366965065632024,False,True,True,False,True,True,False,True,False,False,1
-1.190878163631321,-0.42741874705090654,-0.6969187526452212,-0.4097748663262173,0.2547303991402413,1.1899189559395276,-0.7598422144830077,1.084514383915428,-1.0330457214142557,-1.22477362174934,-0.6587196569205231,0.1987673194124192,1.3379044688522468,False,True,False,False,False,True,True,False,True,True,1
